lab_id,subject_id,visit_id,lab_test,lab_value,normal_range_low,normal_range_high,collection_date
L00001,SUBJ001,V0001,ALT,,7.0,56.0,2025-01-28
L00002,SUBJ001,V0001,AST,26.18,10.0,40.0,2025-01-28
L00003,SUBJ001,V0001,Hemoglobin,13.76,12.0,16.0,2025-01-28
L00004,SUBJ001,V0001,WBC,10.07,4.0,11.0,2025-01-28
L00005,SUBJ001,V0001,Creatinine,1.11,0.6,1.3,2025-01-28
L00006,SUBJ001,V0002,ALT,11.87,7.0,56.0,2025-02-04
L00007,SUBJ001,V0002,AST,41.24,10.0,40.0,2025-02-04
L00008,SUBJ001,V0002,Hemoglobin,14.22,12.0,16.0,2025-02-04
L00009,SUBJ001,V0002,WBC,8.79,4.0,11.0,2025-02-04
L00010,SUBJ001,V0002,Creatinine,0.81,0.6,1.3,2025-02-04
L00011,SUBJ001,V0003,ALT,26.12,7.0,56.0,2025-02-12
L00012,SUBJ001,V0003,AST,11.36,10.0,40.0,2025-02-12
L00013,SUBJ001,V0003,Hemoglobin,13.23,12.0,16.0,2025-02-12
L00014,SUBJ001,V0003,WBC,6.48,4.0,11.0,2025-02-12
L00015,SUBJ001,V0003,Creatinine,0.89,0.6,1.3,2025-02-12
L00016,SUBJ001,V0004,ALT,10.41,7.0,56.0,2025-02-19
L00017,SUBJ001,V0004,AST,37.43,10.0,40.0,2025-02-19
L00018,SUBJ001,V0004,Hemoglobin,13.6,12.0,16.0,2025-02-19
L00019,SUBJ001,V0004,WBC,4.47,4.0,11.0,2025-02-19
L00020,SUBJ001,V0004,Creatinine,-1.79,0.6,1.3,2025-02-19
L00021,SUBJ001,V0005,ALT,49.85,7.0,56.0,2025-02-26
L00022,SUBJ001,V0005,AST,33.32,10.0,40.0,2025-02-26
L00023,SUBJ001,V0005,Hemoglobin,12.98,12.0,16.0,2025-02-26
L00024,SUBJ001,V0005,WBC,8.25,4.0,11.0,2025-02-26
L00025,SUBJ001,V0005,Creatinine,0.81,0.6,1.3,2025-02-26
L00026,SUBJ001,V0006,ALT,28.6,7.0,56.0,2025-03-07
L00027,SUBJ001,V0006,AST,35.69,10.0,40.0,2025-03-07
L00028,SUBJ001,V0006,Hemoglobin,12.08,12.0,16.0,2025-03-07
L00029,SUBJ001,V0006,WBC,7.86,4.0,11.0,2025-03-07
L00030,SUBJ001,V0006,Creatinine,1.3,0.6,1.3,2025-03-07
L00031,SUBJ002,V0007,ALT,33.78,7.0,56.0,2025-03-21
L00032,SUBJ002,V0007,AST,7.46,10.0,40.0,2025-03-21
L00033,SUBJ002,V0007,Hemoglobin,12.48,12.0,16.0,2025-03-21
L00034,SUBJ002,V0007,WBC,7.36,4.0,11.0,2025-03-21
L00035,SUBJ002,V0007,Creatinine,0.93,0.6,1.3,2025-03-21
L00036,SUBJ002,V0008,ALT,50.55,7.0,56.0,2025-03-28
L00037,SUBJ002,V0008,AST,14.59,10.0,40.0,2025-03-28
L00038,SUBJ002,V0008,Hemoglobin,12.88,12.0,16.0,2025-03-28
L00039,SUBJ002,V0008,WBC,10.25,4.0,11.0,2025-03-28
L00040,SUBJ002,V0008,Creatinine,0.73,0.6,1.3,2025-03-28
L00041,SUBJ002,V0009,ALT,22.55,7.0,56.0,2025-04-08
L00042,SUBJ002,V0009,AST,24.12,10.0,40.0,2025-04-08
L00043,SUBJ002,V0009,Hemoglobin,12.95,12.0,16.0,2025-04-08
L00044,SUBJ002,V0009,WBC,9.18,4.0,11.0,2025-04-08
L00045,SUBJ002,V0009,Creatinine,1.17,0.6,1.3,2025-04-08
L00046,SUBJ002,V0010,ALT,,7.0,56.0,2025-04-15
L00047,SUBJ002,V0010,AST,12.04,10.0,40.0,2025-04-15
L00048,SUBJ002,V0010,Hemoglobin,10.91,12.0,16.0,2025-04-15
L00049,SUBJ002,V0010,WBC,6.2,4.0,11.0,2025-04-15
L00050,SUBJ002,V0010,Creatinine,1.06,0.6,1.3,2025-04-15
L00051,SUBJ002,V0011,ALT,25.17,7.0,56.0,2025-04-20
L00052,SUBJ002,V0011,AST,38.12,10.0,40.0,2025-04-20
L00053,SUBJ002,V0011,Hemoglobin,12.16,12.0,16.0,2025-04-20
L00054,SUBJ002,V0011,WBC,,4.0,11.0,2025-04-20
L00055,SUBJ002,V0011,Creatinine,,0.6,1.3,2025-04-20
L00056,SUBJ002,V0012,ALT,47.81,7.0,56.0,2025-04-27
L00057,SUBJ002,V0012,AST,35.72,10.0,40.0,2025-04-27
L00058,SUBJ002,V0012,Hemoglobin,13.31,12.0,16.0,2025-04-27
L00059,SUBJ002,V0012,WBC,6.83,4.0,11.0,2025-04-27
L00060,SUBJ002,V0012,Creatinine,1.27,0.6,1.3,2025-04-27
L00061,SUBJ003,V0013,ALT,37.62,7.0,56.0,2025-01-18
L00062,SUBJ003,V0013,AST,39.01,10.0,40.0,2025-01-18
L00063,SUBJ003,V0013,Hemoglobin,10.55,12.0,16.0,2025-01-18
L00064,SUBJ003,V0013,WBC,5.39,4.0,11.0,2025-01-18
L00065,SUBJ003,V0013,Creatinine,1.27,0.6,1.3,2025-01-18
L00066,SUBJ003,V0014,ALT,25.92,7.0,56.0,2025-01-26
L00067,SUBJ003,V0014,AST,14.74,10.0,40.0,2025-01-26
L00068,SUBJ003,V0014,Hemoglobin,12.33,12.0,16.0,2025-01-26
L00069,SUBJ003,V0014,WBC,5.33,4.0,11.0,2025-01-26
L00070,SUBJ003,V0014,Creatinine,0.79,0.6,1.3,2025-01-26
L00071,SUBJ003,V0015,ALT,50.46,7.0,56.0,2025-01-30
L00072,SUBJ003,V0015,AST,12.88,10.0,40.0,2025-01-30
L00073,SUBJ003,V0015,Hemoglobin,14.35,12.0,16.0,2025-01-30
L00074,SUBJ003,V0015,WBC,5.02,4.0,11.0,2025-01-30
L00075,SUBJ003,V0015,Creatinine,,0.6,1.3,2025-01-30
L00076,SUBJ003,V0016,ALT,29.35,7.0,56.0,2025-02-08
L00077,SUBJ003,V0016,AST,39.12,10.0,40.0,2025-02-08
L00078,SUBJ003,V0016,Hemoglobin,14.89,12.0,16.0,2025-02-08
L00079,SUBJ003,V0016,WBC,10.96,4.0,11.0,2025-02-08
L00080,SUBJ003,V0016,Creatinine,1.19,0.6,1.3,2025-02-08
L00081,SUBJ003,V0017,ALT,35.46,7.0,56.0,2025-02-14
L00082,SUBJ003,V0017,AST,22.85,10.0,40.0,2025-02-14
L00083,SUBJ003,V0017,Hemoglobin,12.95,12.0,16.0,2025-02-14
L00084,SUBJ003,V0017,WBC,,4.0,11.0,2025-02-14
L00085,SUBJ003,V0017,Creatinine,0.74,0.6,1.3,2025-02-14
L00086,SUBJ003,V0018,ALT,32.31,7.0,56.0,2025-02-22
L00087,SUBJ003,V0018,AST,13.03,10.0,40.0,2025-02-22
L00088,SUBJ003,V0018,Hemoglobin,10.66,12.0,16.0,2025-02-22
L00089,SUBJ003,V0018,WBC,1.24,4.0,11.0,2025-02-22
L00090,SUBJ003,V0018,Creatinine,0.97,0.6,1.3,2025-02-22
L00091,SUBJ004,V0019,ALT,9.86,7.0,56.0,2025-03-15
L00092,SUBJ004,V0019,AST,23.36,10.0,40.0,2025-03-15
L00093,SUBJ004,V0019,Hemoglobin,,12.0,16.0,2025-03-15
L00094,SUBJ004,V0019,WBC,10.08,4.0,11.0,2025-03-15
L00095,SUBJ004,V0019,Creatinine,1.01,0.6,1.3,2025-03-15
L00096,SUBJ004,V0020,ALT,4.61,7.0,56.0,2025-03-22
L00097,SUBJ004,V0020,AST,10.1,10.0,40.0,2025-03-22
L00098,SUBJ004,V0020,Hemoglobin,14.28,12.0,16.0,2025-03-22
L00099,SUBJ004,V0020,WBC,9.69,4.0,11.0,2025-03-22
L00100,SUBJ004,V0020,Creatinine,0.99,0.6,1.3,2025-03-22
L00101,SUBJ004,V0021,ALT,48.23,7.0,56.0,2025-03-30
L00102,SUBJ004,V0021,AST,22.34,10.0,40.0,2025-03-30
L00103,SUBJ004,V0021,Hemoglobin,14.11,12.0,16.0,2025-03-30
L00104,SUBJ004,V0021,WBC,9.17,4.0,11.0,2025-03-30
L00105,SUBJ004,V0021,Creatinine,0.88,0.6,1.3,2025-03-30
L00106,SUBJ004,V0022,ALT,32.95,7.0,56.0,2025-04-04
L00107,SUBJ004,V0022,AST,27.4,10.0,40.0,2025-04-04
L00108,SUBJ004,V0022,Hemoglobin,14.17,12.0,16.0,2025-04-04
L00109,SUBJ004,V0022,WBC,8.1,4.0,11.0,2025-04-04
L00110,SUBJ004,V0022,Creatinine,0.9,0.6,1.3,2025-04-04
L00111,SUBJ004,V0023,ALT,53.22,7.0,56.0,2025-04-13
L00112,SUBJ004,V0023,AST,11.52,10.0,40.0,2025-04-13
L00113,SUBJ004,V0023,Hemoglobin,12.79,12.0,16.0,2025-04-13
L00114,SUBJ004,V0023,WBC,,4.0,11.0,2025-04-13
L00115,SUBJ004,V0023,Creatinine,0.77,0.6,1.3,2025-04-13
L00116,SUBJ004,V0024,ALT,27.03,7.0,56.0,2025-04-22
L00117,SUBJ004,V0024,AST,15.9,10.0,40.0,2025-04-22
L00118,SUBJ004,V0024,Hemoglobin,15.59,12.0,16.0,2025-04-22
L00119,SUBJ004,V0024,WBC,7.58,4.0,11.0,2025-04-22
L00120,SUBJ004,V0024,Creatinine,,0.6,1.3,2025-04-22
L00121,SUBJ005,V0025,ALT,7.27,7.0,56.0,2025-01-25
L00122,SUBJ005,V0025,AST,17.41,10.0,40.0,2025-01-25
L00123,SUBJ005,V0025,Hemoglobin,12.14,12.0,16.0,2025-01-25
L00124,SUBJ005,V0025,WBC,4.65,4.0,11.0,2025-01-25
L00125,SUBJ005,V0025,Creatinine,-1.87,0.6,1.3,2025-01-25
L00126,SUBJ005,V0026,ALT,5.57,7.0,56.0,2025-02-04
L00127,SUBJ005,V0026,AST,30.52,10.0,40.0,2025-02-04
L00128,SUBJ005,V0026,Hemoglobin,15.52,12.0,16.0,2025-02-04
L00129,SUBJ005,V0026,WBC,6.2,4.0,11.0,2025-02-04
L00130,SUBJ005,V0026,Creatinine,1.11,0.6,1.3,2025-02-04
L00131,SUBJ005,V0027,ALT,7.35,7.0,56.0,2025-02-10
L00132,SUBJ005,V0027,AST,7.57,10.0,40.0,2025-02-10
L00133,SUBJ005,V0027,Hemoglobin,12.65,12.0,16.0,2025-02-10
L00134,SUBJ005,V0027,WBC,4.72,4.0,11.0,2025-02-10
L00135,SUBJ005,V0027,Creatinine,,0.6,1.3,2025-02-10
L00136,SUBJ005,V0028,ALT,36.83,7.0,56.0,2025-02-14
L00137,SUBJ005,V0028,AST,,10.0,40.0,2025-02-14
L00138,SUBJ005,V0028,Hemoglobin,9.64,12.0,16.0,2025-02-14
L00139,SUBJ005,V0028,WBC,7.2,4.0,11.0,2025-02-14
L00140,SUBJ005,V0028,Creatinine,0.8,0.6,1.3,2025-02-14
L00141,SUBJ005,V0029,ALT,33.8,7.0,56.0,2025-02-21
L00142,SUBJ005,V0029,AST,32.52,10.0,40.0,2025-02-21
L00143,SUBJ005,V0029,Hemoglobin,22.74,12.0,16.0,2025-02-21
L00144,SUBJ005,V0029,WBC,5.8,4.0,11.0,2025-02-21
L00145,SUBJ005,V0029,Creatinine,1.03,0.6,1.3,2025-02-21
L00146,SUBJ005,V0030,ALT,47.6,7.0,56.0,2025-02-28
L00147,SUBJ005,V0030,AST,24.23,10.0,40.0,2025-02-28
L00148,SUBJ005,V0030,Hemoglobin,12.73,12.0,16.0,2025-02-28
L00149,SUBJ005,V0030,WBC,6.46,4.0,11.0,2025-02-28
L00150,SUBJ005,V0030,Creatinine,1.15,0.6,1.3,2025-02-28
L00151,SUBJ006,V0031,ALT,26.03,7.0,56.0,2025-01-05
L00152,SUBJ006,V0031,AST,25.82,10.0,40.0,2025-01-05
L00153,SUBJ006,V0031,Hemoglobin,12.32,12.0,16.0,2025-01-05
L00154,SUBJ006,V0031,WBC,10.18,4.0,11.0,2025-01-05
L00155,SUBJ006,V0031,Creatinine,-1.57,0.6,1.3,2025-01-05
L00156,SUBJ006,V0032,ALT,54.68,7.0,56.0,2025-01-08
L00157,SUBJ006,V0032,AST,8.6,10.0,40.0,2025-01-08
L00158,SUBJ006,V0032,Hemoglobin,14.14,12.0,16.0,2025-01-08
L00159,SUBJ006,V0032,WBC,8.27,4.0,11.0,2025-01-08
L00160,SUBJ006,V0032,Creatinine,0.6,0.6,1.3,2025-01-08
L00161,SUBJ006,V0033,ALT,44.34,7.0,56.0,2025-01-19
L00162,SUBJ006,V0033,AST,19.95,10.0,40.0,2025-01-19
L00163,SUBJ006,V0033,Hemoglobin,15.04,12.0,16.0,2025-01-19
L00164,SUBJ006,V0033,WBC,5.28,4.0,11.0,2025-01-19
L00165,SUBJ006,V0033,Creatinine,,0.6,1.3,2025-01-19
L00166,SUBJ006,V0034,ALT,38.68,7.0,56.0,2025-01-26
L00167,SUBJ006,V0034,AST,10.14,10.0,40.0,2025-01-26
L00168,SUBJ006,V0034,Hemoglobin,13.4,12.0,16.0,2025-01-26
L00169,SUBJ006,V0034,WBC,6.13,4.0,11.0,2025-01-26
L00170,SUBJ006,V0034,Creatinine,0.67,0.6,1.3,2025-01-26
L00171,SUBJ006,V0035,ALT,,7.0,56.0,2025-01-29
L00172,SUBJ006,V0035,AST,23.32,10.0,40.0,2025-01-29
L00173,SUBJ006,V0035,Hemoglobin,10.1,12.0,16.0,2025-01-29
L00174,SUBJ006,V0035,WBC,10.48,4.0,11.0,2025-01-29
L00175,SUBJ006,V0035,Creatinine,7.7,0.6,1.3,2025-01-29
L00176,SUBJ006,V0036,ALT,29.88,7.0,56.0,2025-02-07
L00177,SUBJ006,V0036,AST,,10.0,40.0,2025-02-07
L00178,SUBJ006,V0036,Hemoglobin,,12.0,16.0,2025-02-07
L00179,SUBJ006,V0036,WBC,4.51,4.0,11.0,2025-02-07
L00180,SUBJ006,V0036,Creatinine,1.23,0.6,1.3,2025-02-07
L00181,SUBJ007,V0037,ALT,41.22,7.0,56.0,2025-01-29
L00182,SUBJ007,V0037,AST,43.8,10.0,40.0,2025-01-29
L00183,SUBJ007,V0037,Hemoglobin,13.91,12.0,16.0,2025-01-29
L00184,SUBJ007,V0037,WBC,8.22,4.0,11.0,2025-01-29
L00185,SUBJ007,V0037,Creatinine,0.76,0.6,1.3,2025-01-29
L00186,SUBJ007,V0038,ALT,42.77,7.0,56.0,2025-02-05
L00187,SUBJ007,V0038,AST,25.77,10.0,40.0,2025-02-05
L00188,SUBJ007,V0038,Hemoglobin,24.33,12.0,16.0,2025-02-05
L00189,SUBJ007,V0038,WBC,9.1,4.0,11.0,2025-02-05
L00190,SUBJ007,V0038,Creatinine,0.75,0.6,1.3,2025-02-05
L00191,SUBJ007,V0039,ALT,49.66,7.0,56.0,2025-02-11
L00192,SUBJ007,V0039,AST,,10.0,40.0,2025-02-11
L00193,SUBJ007,V0039,Hemoglobin,14.19,12.0,16.0,2025-02-11
L00194,SUBJ007,V0039,WBC,7.66,4.0,11.0,2025-02-11
L00195,SUBJ007,V0039,Creatinine,0.77,0.6,1.3,2025-02-11
L00196,SUBJ007,V0040,ALT,41.31,7.0,56.0,2025-02-18
L00197,SUBJ007,V0040,AST,37.78,10.0,40.0,2025-02-18
L00198,SUBJ007,V0040,Hemoglobin,13.76,12.0,16.0,2025-02-18
L00199,SUBJ007,V0040,WBC,4.18,4.0,11.0,2025-02-18
L00200,SUBJ007,V0040,Creatinine,1.01,0.6,1.3,2025-02-18
L00201,SUBJ007,V0041,ALT,11.11,7.0,56.0,2025-02-26
L00202,SUBJ007,V0041,AST,24.93,10.0,40.0,2025-02-26
L00203,SUBJ007,V0041,Hemoglobin,14.46,12.0,16.0,2025-02-26
L00204,SUBJ007,V0041,WBC,9.92,4.0,11.0,2025-02-26
L00205,SUBJ007,V0041,Creatinine,0.88,0.6,1.3,2025-02-26
L00206,SUBJ007,V0042,ALT,45.03,7.0,56.0,2025-03-05
L00207,SUBJ007,V0042,AST,11.01,10.0,40.0,2025-03-05
L00208,SUBJ007,V0042,Hemoglobin,9.14,12.0,16.0,2025-03-05
L00209,SUBJ007,V0042,WBC,5.11,4.0,11.0,2025-03-05
L00210,SUBJ007,V0042,Creatinine,0.75,0.6,1.3,2025-03-05
L00211,SUBJ008,V0043,ALT,32.94,7.0,56.0,2025-03-16
L00212,SUBJ008,V0043,AST,20.34,10.0,40.0,2025-03-16
L00213,SUBJ008,V0043,Hemoglobin,14.29,12.0,16.0,2025-03-16
L00214,SUBJ008,V0043,WBC,2.21,4.0,11.0,2025-03-16
L00215,SUBJ008,V0043,Creatinine,0.73,0.6,1.3,2025-03-16
L00216,SUBJ008,V0044,ALT,42.69,7.0,56.0,2025-03-24
L00217,SUBJ008,V0044,AST,19.78,10.0,40.0,2025-03-24
L00218,SUBJ008,V0044,Hemoglobin,15.63,12.0,16.0,2025-03-24
L00219,SUBJ008,V0044,WBC,4.68,4.0,11.0,2025-03-24
L00220,SUBJ008,V0044,Creatinine,1.08,0.6,1.3,2025-03-24
L00221,SUBJ008,V0045,ALT,38.32,7.0,56.0,2025-04-02
L00222,SUBJ008,V0045,AST,16.91,10.0,40.0,2025-04-02
L00223,SUBJ008,V0045,Hemoglobin,15.6,12.0,16.0,2025-04-02
L00224,SUBJ008,V0045,WBC,4.82,4.0,11.0,2025-04-02
L00225,SUBJ008,V0045,Creatinine,1.04,0.6,1.3,2025-04-02
L00226,SUBJ008,V0046,ALT,4.3,7.0,56.0,2025-04-06
L00227,SUBJ008,V0046,AST,16.07,10.0,40.0,2025-04-06
L00228,SUBJ008,V0046,Hemoglobin,15.22,12.0,16.0,2025-04-06
L00229,SUBJ008,V0046,WBC,9.46,4.0,11.0,2025-04-06
L00230,SUBJ008,V0046,Creatinine,-2.26,0.6,1.3,2025-04-06
L00231,SUBJ008,V0047,ALT,42.26,7.0,56.0,2025-04-17
L00232,SUBJ008,V0047,AST,8.24,10.0,40.0,2025-04-17
L00233,SUBJ008,V0047,Hemoglobin,12.31,12.0,16.0,2025-04-17
L00234,SUBJ008,V0047,WBC,8.38,4.0,11.0,2025-04-17
L00235,SUBJ008,V0047,Creatinine,0.99,0.6,1.3,2025-04-17
L00236,SUBJ008,V0048,ALT,12.59,7.0,56.0,2025-04-23
L00237,SUBJ008,V0048,AST,32.39,10.0,40.0,2025-04-23
L00238,SUBJ008,V0048,Hemoglobin,14.93,12.0,16.0,2025-04-23
L00239,SUBJ008,V0048,WBC,1.18,4.0,11.0,2025-04-23
L00240,SUBJ008,V0048,Creatinine,1.15,0.6,1.3,2025-04-23
L00241,SUBJ009,V0049,ALT,,7.0,56.0,2025-01-26
L00242,SUBJ009,V0049,AST,22.41,10.0,40.0,2025-01-26
L00243,SUBJ009,V0049,Hemoglobin,15.31,12.0,16.0,2025-01-26
L00244,SUBJ009,V0049,WBC,6.39,4.0,11.0,2025-01-26
L00245,SUBJ009,V0049,Creatinine,,0.6,1.3,2025-01-26
L00246,SUBJ009,V0050,ALT,29.9,7.0,56.0,2025-02-01
L00247,SUBJ009,V0050,AST,37.66,10.0,40.0,2025-02-01
L00248,SUBJ009,V0050,Hemoglobin,13.64,12.0,16.0,2025-02-01
L00249,SUBJ009,V0050,WBC,8.85,4.0,11.0,2025-02-01
L00250,SUBJ009,V0050,Creatinine,0.68,0.6,1.3,2025-02-01
L00251,SUBJ009,V0051,ALT,17.94,7.0,56.0,2025-02-09
L00252,SUBJ009,V0051,AST,20.88,10.0,40.0,2025-02-09
L00253,SUBJ009,V0051,Hemoglobin,9.47,12.0,16.0,2025-02-09
L00254,SUBJ009,V0051,WBC,4.74,4.0,11.0,2025-02-09
L00255,SUBJ009,V0051,Creatinine,6.38,0.6,1.3,2025-02-09
L00256,SUBJ009,V0052,ALT,24.49,7.0,56.0,2025-02-16
L00257,SUBJ009,V0052,AST,15.43,10.0,40.0,2025-02-16
L00258,SUBJ009,V0052,Hemoglobin,15.63,12.0,16.0,2025-02-16
L00259,SUBJ009,V0052,WBC,5.52,4.0,11.0,2025-02-16
L00260,SUBJ009,V0052,Creatinine,-0.95,0.6,1.3,2025-02-16
L00261,SUBJ009,V0053,ALT,11.06,7.0,56.0,2025-02-22
L00262,SUBJ009,V0053,AST,8.11,10.0,40.0,2025-02-22
L00263,SUBJ009,V0053,Hemoglobin,14.59,12.0,16.0,2025-02-22
L00264,SUBJ009,V0053,WBC,6.14,4.0,11.0,2025-02-22
L00265,SUBJ009,V0053,Creatinine,0.91,0.6,1.3,2025-02-22
L00266,SUBJ009,V0054,ALT,48.03,7.0,56.0,2025-03-02
L00267,SUBJ009,V0054,AST,17.45,10.0,40.0,2025-03-02
L00268,SUBJ009,V0054,Hemoglobin,,12.0,16.0,2025-03-02
L00269,SUBJ009,V0054,WBC,9.33,4.0,11.0,2025-03-02
L00270,SUBJ009,V0054,Creatinine,0.78,0.6,1.3,2025-03-02
L00271,SUBJ010,V0055,ALT,15.34,7.0,56.0,2025-02-09
L00272,SUBJ010,V0055,AST,20.63,10.0,40.0,2025-02-09
L00273,SUBJ010,V0055,Hemoglobin,12.15,12.0,16.0,2025-02-09
L00274,SUBJ010,V0055,WBC,4.0,4.0,11.0,2025-02-09
L00275,SUBJ010,V0055,Creatinine,0.79,0.6,1.3,2025-02-09
L00276,SUBJ010,V0056,ALT,43.75,7.0,56.0,2025-02-15
L00277,SUBJ010,V0056,AST,15.8,10.0,40.0,2025-02-15
L00278,SUBJ010,V0056,Hemoglobin,12.94,12.0,16.0,2025-02-15
L00279,SUBJ010,V0056,WBC,4.07,4.0,11.0,2025-02-15
L00280,SUBJ010,V0056,Creatinine,0.69,0.6,1.3,2025-02-15
L00281,SUBJ010,V0057,ALT,42.02,7.0,56.0,2025-02-25
L00282,SUBJ010,V0057,AST,35.93,10.0,40.0,2025-02-25
L00283,SUBJ010,V0057,Hemoglobin,12.57,12.0,16.0,2025-02-25
L00284,SUBJ010,V0057,WBC,10.85,4.0,11.0,2025-02-25
L00285,SUBJ010,V0057,Creatinine,0.94,0.6,1.3,2025-02-25
L00286,SUBJ010,V0058,ALT,26.52,7.0,56.0,2025-03-03
L00287,SUBJ010,V0058,AST,24.83,10.0,40.0,2025-03-03
L00288,SUBJ010,V0058,Hemoglobin,10.03,12.0,16.0,2025-03-03
L00289,SUBJ010,V0058,WBC,7.44,4.0,11.0,2025-03-03
L00290,SUBJ010,V0058,Creatinine,1.1,0.6,1.3,2025-03-03
L00291,SUBJ010,V0059,ALT,28.31,7.0,56.0,2025-03-08
L00292,SUBJ010,V0059,AST,28.78,10.0,40.0,2025-03-08
L00293,SUBJ010,V0059,Hemoglobin,9.94,12.0,16.0,2025-03-08
L00294,SUBJ010,V0059,WBC,7.05,4.0,11.0,2025-03-08
L00295,SUBJ010,V0059,Creatinine,5.92,0.6,1.3,2025-03-08
L00296,SUBJ010,V0060,ALT,50.72,7.0,56.0,2025-03-15
L00297,SUBJ010,V0060,AST,34.23,10.0,40.0,2025-03-15
L00298,SUBJ010,V0060,Hemoglobin,13.8,12.0,16.0,2025-03-15
L00299,SUBJ010,V0060,WBC,9.87,4.0,11.0,2025-03-15
L00300,SUBJ010,V0060,Creatinine,1.05,0.6,1.3,2025-03-15
L00301,SUBJ011,V0061,ALT,13.69,7.0,56.0,2025-03-09
L00302,SUBJ011,V0061,AST,32.71,10.0,40.0,2025-03-09
L00303,SUBJ011,V0061,Hemoglobin,13.68,12.0,16.0,2025-03-09
L00304,SUBJ011,V0061,WBC,7.35,4.0,11.0,2025-03-09
L00305,SUBJ011,V0061,Creatinine,0.7,0.6,1.3,2025-03-09
L00306,SUBJ011,V0062,ALT,,7.0,56.0,2025-03-18
L00307,SUBJ011,V0062,AST,17.41,10.0,40.0,2025-03-18
L00308,SUBJ011,V0062,Hemoglobin,12.59,12.0,16.0,2025-03-18
L00309,SUBJ011,V0062,WBC,2.4,4.0,11.0,2025-03-18
L00310,SUBJ011,V0062,Creatinine,1.29,0.6,1.3,2025-03-18
L00311,SUBJ011,V0063,ALT,22.86,7.0,56.0,2025-03-23
L00312,SUBJ011,V0063,AST,39.01,10.0,40.0,2025-03-23
L00313,SUBJ011,V0063,Hemoglobin,12.34,12.0,16.0,2025-03-23
L00314,SUBJ011,V0063,WBC,8.07,4.0,11.0,2025-03-23
L00315,SUBJ011,V0063,Creatinine,0.82,0.6,1.3,2025-03-23
L00316,SUBJ011,V0064,ALT,43.32,7.0,56.0,2025-04-01
L00317,SUBJ011,V0064,AST,,10.0,40.0,2025-04-01
L00318,SUBJ011,V0064,Hemoglobin,14.65,12.0,16.0,2025-04-01
L00319,SUBJ011,V0064,WBC,13.63,4.0,11.0,2025-04-01
L00320,SUBJ011,V0064,Creatinine,1.09,0.6,1.3,2025-04-01
L00321,SUBJ011,V0065,ALT,48.39,7.0,56.0,2025-04-09
L00322,SUBJ011,V0065,AST,24.59,10.0,40.0,2025-04-09
L00323,SUBJ011,V0065,Hemoglobin,14.8,12.0,16.0,2025-04-09
L00324,SUBJ011,V0065,WBC,9.94,4.0,11.0,2025-04-09
L00325,SUBJ011,V0065,Creatinine,1.16,0.6,1.3,2025-04-09
L00326,SUBJ011,V0066,ALT,28.63,7.0,56.0,2025-04-16
L00327,SUBJ011,V0066,AST,10.67,10.0,40.0,2025-04-16
L00328,SUBJ011,V0066,Hemoglobin,13.05,12.0,16.0,2025-04-16
L00329,SUBJ011,V0066,WBC,8.0,4.0,11.0,2025-04-16
L00330,SUBJ011,V0066,Creatinine,0.73,0.6,1.3,2025-04-16
L00331,SUBJ012,V0067,ALT,12.63,7.0,56.0,2025-01-04
L00332,SUBJ012,V0067,AST,36.51,10.0,40.0,2025-01-04
L00333,SUBJ012,V0067,Hemoglobin,,12.0,16.0,2025-01-04
L00334,SUBJ012,V0067,WBC,5.03,4.0,11.0,2025-01-04
L00335,SUBJ012,V0067,Creatinine,5.52,0.6,1.3,2025-01-04
L00336,SUBJ012,V0068,ALT,53.48,7.0,56.0,2025-01-11
L00337,SUBJ012,V0068,AST,7.64,10.0,40.0,2025-01-11
L00338,SUBJ012,V0068,Hemoglobin,13.79,12.0,16.0,2025-01-11
L00339,SUBJ012,V0068,WBC,9.03,4.0,11.0,2025-01-11
L00340,SUBJ012,V0068,Creatinine,1.28,0.6,1.3,2025-01-11
L00341,SUBJ012,V0069,ALT,26.89,7.0,56.0,2025-01-14
L00342,SUBJ012,V0069,AST,39.6,10.0,40.0,2025-01-14
L00343,SUBJ012,V0069,Hemoglobin,14.25,12.0,16.0,2025-01-14
L00344,SUBJ012,V0069,WBC,7.1,4.0,11.0,2025-01-14
L00345,SUBJ012,V0069,Creatinine,1.0,0.6,1.3,2025-01-14
L00346,SUBJ012,V0070,ALT,17.9,7.0,56.0,2025-01-25
L00347,SUBJ012,V0070,AST,19.37,10.0,40.0,2025-01-25
L00348,SUBJ012,V0070,Hemoglobin,15.33,12.0,16.0,2025-01-25
L00349,SUBJ012,V0070,WBC,10.32,4.0,11.0,2025-01-25
L00350,SUBJ012,V0070,Creatinine,0.71,0.6,1.3,2025-01-25
L00351,SUBJ012,V0071,ALT,54.73,7.0,56.0,2025-01-31
L00352,SUBJ012,V0071,AST,19.9,10.0,40.0,2025-01-31
L00353,SUBJ012,V0071,Hemoglobin,12.95,12.0,16.0,2025-01-31
L00354,SUBJ012,V0071,WBC,7.78,4.0,11.0,2025-01-31
L00355,SUBJ012,V0071,Creatinine,1.2,0.6,1.3,2025-01-31
L00356,SUBJ012,V0072,ALT,12.13,7.0,56.0,2025-02-08
L00357,SUBJ012,V0072,AST,39.51,10.0,40.0,2025-02-08
L00358,SUBJ012,V0072,Hemoglobin,12.14,12.0,16.0,2025-02-08
L00359,SUBJ012,V0072,WBC,7.47,4.0,11.0,2025-02-08
L00360,SUBJ012,V0072,Creatinine,0.66,0.6,1.3,2025-02-08
L00361,SUBJ013,V0073,ALT,18.29,7.0,56.0,2025-02-28
L00362,SUBJ013,V0073,AST,29.1,10.0,40.0,2025-02-28
L00363,SUBJ013,V0073,Hemoglobin,10.56,12.0,16.0,2025-02-28
L00364,SUBJ013,V0073,WBC,10.78,4.0,11.0,2025-02-28
L00365,SUBJ013,V0073,Creatinine,1.01,0.6,1.3,2025-02-28
L00366,SUBJ013,V0074,ALT,13.66,7.0,56.0,2025-03-06
L00367,SUBJ013,V0074,AST,31.09,10.0,40.0,2025-03-06
L00368,SUBJ013,V0074,Hemoglobin,14.12,12.0,16.0,2025-03-06
L00369,SUBJ013,V0074,WBC,10.66,4.0,11.0,2025-03-06
L00370,SUBJ013,V0074,Creatinine,1.19,0.6,1.3,2025-03-06
L00371,SUBJ013,V0075,ALT,10.8,7.0,56.0,2025-03-15
L00372,SUBJ013,V0075,AST,29.26,10.0,40.0,2025-03-15
L00373,SUBJ013,V0075,Hemoglobin,15.9,12.0,16.0,2025-03-15
L00374,SUBJ013,V0075,WBC,6.47,4.0,11.0,2025-03-15
L00375,SUBJ013,V0075,Creatinine,0.82,0.6,1.3,2025-03-15
L00376,SUBJ013,V0076,ALT,36.42,7.0,56.0,2025-03-22
L00377,SUBJ013,V0076,AST,,10.0,40.0,2025-03-22
L00378,SUBJ013,V0076,Hemoglobin,12.27,12.0,16.0,2025-03-22
L00379,SUBJ013,V0076,WBC,2.97,4.0,11.0,2025-03-22
L00380,SUBJ013,V0076,Creatinine,0.8,0.6,1.3,2025-03-22
L00381,SUBJ013,V0077,ALT,4.73,7.0,56.0,2025-03-29
L00382,SUBJ013,V0077,AST,46.21,10.0,40.0,2025-03-29
L00383,SUBJ013,V0077,Hemoglobin,12.4,12.0,16.0,2025-03-29
L00384,SUBJ013,V0077,WBC,4.39,4.0,11.0,2025-03-29
L00385,SUBJ013,V0077,Creatinine,0.95,0.6,1.3,2025-03-29
L00386,SUBJ013,V0078,ALT,17.42,7.0,56.0,2025-04-04
L00387,SUBJ013,V0078,AST,15.23,10.0,40.0,2025-04-04
L00388,SUBJ013,V0078,Hemoglobin,,12.0,16.0,2025-04-04
L00389,SUBJ013,V0078,WBC,4.74,4.0,11.0,2025-04-04
L00390,SUBJ013,V0078,Creatinine,0.74,0.6,1.3,2025-04-04
L00391,SUBJ014,V0079,ALT,,7.0,56.0,2025-02-28
L00392,SUBJ014,V0079,AST,28.92,10.0,40.0,2025-02-28
L00393,SUBJ014,V0079,Hemoglobin,13.39,12.0,16.0,2025-02-28
L00394,SUBJ014,V0079,WBC,10.34,4.0,11.0,2025-02-28
L00395,SUBJ014,V0079,Creatinine,1.1,0.6,1.3,2025-02-28
L00396,SUBJ014,V0080,ALT,39.8,7.0,56.0,2025-03-08
L00397,SUBJ014,V0080,AST,25.89,10.0,40.0,2025-03-08
L00398,SUBJ014,V0080,Hemoglobin,14.27,12.0,16.0,2025-03-08
L00399,SUBJ014,V0080,WBC,8.99,4.0,11.0,2025-03-08
L00400,SUBJ014,V0080,Creatinine,,0.6,1.3,2025-03-08
L00401,SUBJ014,V0081,ALT,4.72,7.0,56.0,2025-03-12
L00402,SUBJ014,V0081,AST,30.41,10.0,40.0,2025-03-12
L00403,SUBJ014,V0081,Hemoglobin,19.51,12.0,16.0,2025-03-12
L00404,SUBJ014,V0081,WBC,10.06,4.0,11.0,2025-03-12
L00405,SUBJ014,V0081,Creatinine,1.0,0.6,1.3,2025-03-12
L00406,SUBJ014,V0082,ALT,14.7,7.0,56.0,2025-03-22
L00407,SUBJ014,V0082,AST,12.13,10.0,40.0,2025-03-22
L00408,SUBJ014,V0082,Hemoglobin,12.98,12.0,16.0,2025-03-22
L00409,SUBJ014,V0082,WBC,5.23,4.0,11.0,2025-03-22
L00410,SUBJ014,V0082,Creatinine,-1.63,0.6,1.3,2025-03-22
L00411,SUBJ014,V0083,ALT,30.81,7.0,56.0,2025-03-25
L00412,SUBJ014,V0083,AST,38.29,10.0,40.0,2025-03-25
L00413,SUBJ014,V0083,Hemoglobin,14.51,12.0,16.0,2025-03-25
L00414,SUBJ014,V0083,WBC,8.77,4.0,11.0,2025-03-25
L00415,SUBJ014,V0083,Creatinine,1.16,0.6,1.3,2025-03-25
L00416,SUBJ014,V0084,ALT,24.4,7.0,56.0,2025-04-03
L00417,SUBJ014,V0084,AST,17.31,10.0,40.0,2025-04-03
L00418,SUBJ014,V0084,Hemoglobin,12.22,12.0,16.0,2025-04-03
L00419,SUBJ014,V0084,WBC,8.09,4.0,11.0,2025-04-03
L00420,SUBJ014,V0084,Creatinine,1.18,0.6,1.3,2025-04-03
L00421,SUBJ015,V0085,ALT,13.78,7.0,56.0,2025-03-31
L00422,SUBJ015,V0085,AST,16.81,10.0,40.0,2025-03-31
L00423,SUBJ015,V0085,Hemoglobin,22.84,12.0,16.0,2025-03-31
L00424,SUBJ015,V0085,WBC,10.83,4.0,11.0,2025-03-31
L00425,SUBJ015,V0085,Creatinine,0.88,0.6,1.3,2025-03-31
L00426,SUBJ015,V0086,ALT,5.04,7.0,56.0,2025-04-08
L00427,SUBJ015,V0086,AST,15.96,10.0,40.0,2025-04-08
L00428,SUBJ015,V0086,Hemoglobin,14.91,12.0,16.0,2025-04-08
L00429,SUBJ015,V0086,WBC,9.6,4.0,11.0,2025-04-08
L00430,SUBJ015,V0086,Creatinine,-1.22,0.6,1.3,2025-04-08
L00431,SUBJ015,V0087,ALT,22.64,7.0,56.0,2025-04-17
L00432,SUBJ015,V0087,AST,10.62,10.0,40.0,2025-04-17
L00433,SUBJ015,V0087,Hemoglobin,14.96,12.0,16.0,2025-04-17
L00434,SUBJ015,V0087,WBC,17.36,4.0,11.0,2025-04-17
L00435,SUBJ015,V0087,Creatinine,1.03,0.6,1.3,2025-04-17
L00436,SUBJ015,V0088,ALT,23.22,7.0,56.0,2025-04-23
L00437,SUBJ015,V0088,AST,19.86,10.0,40.0,2025-04-23
L00438,SUBJ015,V0088,Hemoglobin,15.72,12.0,16.0,2025-04-23
L00439,SUBJ015,V0088,WBC,6.71,4.0,11.0,2025-04-23
L00440,SUBJ015,V0088,Creatinine,0.97,0.6,1.3,2025-04-23
L00441,SUBJ015,V0089,ALT,47.11,7.0,56.0,2025-04-30
L00442,SUBJ015,V0089,AST,11.4,10.0,40.0,2025-04-30
L00443,SUBJ015,V0089,Hemoglobin,13.47,12.0,16.0,2025-04-30
L00444,SUBJ015,V0089,WBC,7.58,4.0,11.0,2025-04-30
L00445,SUBJ015,V0089,Creatinine,3.56,0.6,1.3,2025-04-30
L00446,SUBJ015,V0090,ALT,23.47,7.0,56.0,2025-05-08
L00447,SUBJ015,V0090,AST,31.16,10.0,40.0,2025-05-08
L00448,SUBJ015,V0090,Hemoglobin,13.94,12.0,16.0,2025-05-08
L00449,SUBJ015,V0090,WBC,4.42,4.0,11.0,2025-05-08
L00450,SUBJ015,V0090,Creatinine,,0.6,1.3,2025-05-08
L00451,SUBJ016,V0091,ALT,11.65,7.0,56.0,2025-03-25
L00452,SUBJ016,V0091,AST,23.16,10.0,40.0,2025-03-25
L00453,SUBJ016,V0091,Hemoglobin,25.41,12.0,16.0,2025-03-25
L00454,SUBJ016,V0091,WBC,7.67,4.0,11.0,2025-03-25
L00455,SUBJ016,V0091,Creatinine,1.24,0.6,1.3,2025-03-25
L00456,SUBJ016,V0092,ALT,23.54,7.0,56.0,2025-04-03
L00457,SUBJ016,V0092,AST,47.89,10.0,40.0,2025-04-03
L00458,SUBJ016,V0092,Hemoglobin,12.77,12.0,16.0,2025-04-03
L00459,SUBJ016,V0092,WBC,9.84,4.0,11.0,2025-04-03
L00460,SUBJ016,V0092,Creatinine,0.94,0.6,1.3,2025-04-03
L00461,SUBJ016,V0093,ALT,22.09,7.0,56.0,2025-04-10
L00462,SUBJ016,V0093,AST,14.61,10.0,40.0,2025-04-10
L00463,SUBJ016,V0093,Hemoglobin,14.99,12.0,16.0,2025-04-10
L00464,SUBJ016,V0093,WBC,18.64,4.0,11.0,2025-04-10
L00465,SUBJ016,V0093,Creatinine,5.39,0.6,1.3,2025-04-10
L00466,SUBJ016,V0094,ALT,11.67,7.0,56.0,2025-04-14
L00467,SUBJ016,V0094,AST,18.09,10.0,40.0,2025-04-14
L00468,SUBJ016,V0094,Hemoglobin,13.03,12.0,16.0,2025-04-14
L00469,SUBJ016,V0094,WBC,7.83,4.0,11.0,2025-04-14
L00470,SUBJ016,V0094,Creatinine,1.0,0.6,1.3,2025-04-14
L00471,SUBJ016,V0095,ALT,13.03,7.0,56.0,2025-04-22
L00472,SUBJ016,V0095,AST,15.94,10.0,40.0,2025-04-22
L00473,SUBJ016,V0095,Hemoglobin,9.43,12.0,16.0,2025-04-22
L00474,SUBJ016,V0095,WBC,5.31,4.0,11.0,2025-04-22
L00475,SUBJ016,V0095,Creatinine,1.18,0.6,1.3,2025-04-22
L00476,SUBJ016,V0096,ALT,20.94,7.0,56.0,2025-05-01
L00477,SUBJ016,V0096,AST,19.7,10.0,40.0,2025-05-01
L00478,SUBJ016,V0096,Hemoglobin,,12.0,16.0,2025-05-01
L00479,SUBJ016,V0096,WBC,2.29,4.0,11.0,2025-05-01
L00480,SUBJ016,V0096,Creatinine,1.25,0.6,1.3,2025-05-01
L00481,SUBJ017,V0097,ALT,36.37,7.0,56.0,2025-02-22
L00482,SUBJ017,V0097,AST,43.86,10.0,40.0,2025-02-22
L00483,SUBJ017,V0097,Hemoglobin,15.94,12.0,16.0,2025-02-22
L00484,SUBJ017,V0097,WBC,10.29,4.0,11.0,2025-02-22
L00485,SUBJ017,V0097,Creatinine,0.61,0.6,1.3,2025-02-22
L00486,SUBJ017,V0098,ALT,31.83,7.0,56.0,2025-02-27
L00487,SUBJ017,V0098,AST,10.88,10.0,40.0,2025-02-27
L00488,SUBJ017,V0098,Hemoglobin,12.53,12.0,16.0,2025-02-27
L00489,SUBJ017,V0098,WBC,2.42,4.0,11.0,2025-02-27
L00490,SUBJ017,V0098,Creatinine,0.6,0.6,1.3,2025-02-27
L00491,SUBJ017,V0099,ALT,11.6,7.0,56.0,2025-03-08
L00492,SUBJ017,V0099,AST,33.78,10.0,40.0,2025-03-08
L00493,SUBJ017,V0099,Hemoglobin,14.0,12.0,16.0,2025-03-08
L00494,SUBJ017,V0099,WBC,10.47,4.0,11.0,2025-03-08
L00495,SUBJ017,V0099,Creatinine,0.68,0.6,1.3,2025-03-08
L00496,SUBJ017,V0100,ALT,50.51,7.0,56.0,2025-03-13
L00497,SUBJ017,V0100,AST,22.16,10.0,40.0,2025-03-13
L00498,SUBJ017,V0100,Hemoglobin,13.66,12.0,16.0,2025-03-13
L00499,SUBJ017,V0100,WBC,4.93,4.0,11.0,2025-03-13
L00500,SUBJ017,V0100,Creatinine,-0.64,0.6,1.3,2025-03-13
L00501,SUBJ017,V0101,ALT,36.12,7.0,56.0,2025-03-21
L00502,SUBJ017,V0101,AST,27.29,10.0,40.0,2025-03-21
L00503,SUBJ017,V0101,Hemoglobin,15.07,12.0,16.0,2025-03-21
L00504,SUBJ017,V0101,WBC,4.31,4.0,11.0,2025-03-21
L00505,SUBJ017,V0101,Creatinine,1.19,0.6,1.3,2025-03-21
L00506,SUBJ017,V0102,ALT,52.5,7.0,56.0,2025-03-30
L00507,SUBJ017,V0102,AST,10.1,10.0,40.0,2025-03-30
L00508,SUBJ017,V0102,Hemoglobin,12.29,12.0,16.0,2025-03-30
L00509,SUBJ017,V0102,WBC,5.75,4.0,11.0,2025-03-30
L00510,SUBJ017,V0102,Creatinine,0.89,0.6,1.3,2025-03-30
L00511,SUBJ018,V0103,ALT,11.0,7.0,56.0,2025-02-24
L00512,SUBJ018,V0103,AST,36.46,10.0,40.0,2025-02-24
L00513,SUBJ018,V0103,Hemoglobin,15.8,12.0,16.0,2025-02-24
L00514,SUBJ018,V0103,WBC,9.76,4.0,11.0,2025-02-24
L00515,SUBJ018,V0103,Creatinine,0.62,0.6,1.3,2025-02-24
L00516,SUBJ018,V0104,ALT,32.35,7.0,56.0,2025-03-04
L00517,SUBJ018,V0104,AST,8.84,10.0,40.0,2025-03-04
L00518,SUBJ018,V0104,Hemoglobin,12.04,12.0,16.0,2025-03-04
L00519,SUBJ018,V0104,WBC,4.02,4.0,11.0,2025-03-04
L00520,SUBJ018,V0104,Creatinine,,0.6,1.3,2025-03-04
L00521,SUBJ018,V0105,ALT,14.7,7.0,56.0,2025-03-10
L00522,SUBJ018,V0105,AST,43.96,10.0,40.0,2025-03-10
L00523,SUBJ018,V0105,Hemoglobin,13.34,12.0,16.0,2025-03-10
L00524,SUBJ018,V0105,WBC,4.37,4.0,11.0,2025-03-10
L00525,SUBJ018,V0105,Creatinine,1.09,0.6,1.3,2025-03-10
L00526,SUBJ018,V0106,ALT,27.5,7.0,56.0,2025-03-19
L00527,SUBJ018,V0106,AST,13.18,10.0,40.0,2025-03-19
L00528,SUBJ018,V0106,Hemoglobin,12.03,12.0,16.0,2025-03-19
L00529,SUBJ018,V0106,WBC,10.91,4.0,11.0,2025-03-19
L00530,SUBJ018,V0106,Creatinine,0.99,0.6,1.3,2025-03-19
L00531,SUBJ018,V0107,ALT,36.08,7.0,56.0,2025-03-23
L00532,SUBJ018,V0107,AST,45.12,10.0,40.0,2025-03-23
L00533,SUBJ018,V0107,Hemoglobin,12.32,12.0,16.0,2025-03-23
L00534,SUBJ018,V0107,WBC,6.13,4.0,11.0,2025-03-23
L00535,SUBJ018,V0107,Creatinine,1.24,0.6,1.3,2025-03-23
L00536,SUBJ018,V0108,ALT,48.79,7.0,56.0,2025-03-30
L00537,SUBJ018,V0108,AST,8.58,10.0,40.0,2025-03-30
L00538,SUBJ018,V0108,Hemoglobin,13.65,12.0,16.0,2025-03-30
L00539,SUBJ018,V0108,WBC,2.97,4.0,11.0,2025-03-30
L00540,SUBJ018,V0108,Creatinine,0.96,0.6,1.3,2025-03-30
L00541,SUBJ019,V0109,ALT,65.63,7.0,56.0,2025-01-09
L00542,SUBJ019,V0109,AST,8.55,10.0,40.0,2025-01-09
L00543,SUBJ019,V0109,Hemoglobin,14.51,12.0,16.0,2025-01-09
L00544,SUBJ019,V0109,WBC,9.27,4.0,11.0,2025-01-09
L00545,SUBJ019,V0109,Creatinine,1.0,0.6,1.3,2025-01-09
L00546,SUBJ019,V0110,ALT,23.12,7.0,56.0,2025-01-13
L00547,SUBJ019,V0110,AST,31.89,10.0,40.0,2025-01-13
L00548,SUBJ019,V0110,Hemoglobin,13.61,12.0,16.0,2025-01-13
L00549,SUBJ019,V0110,WBC,7.02,4.0,11.0,2025-01-13
L00550,SUBJ019,V0110,Creatinine,1.16,0.6,1.3,2025-01-13
L00551,SUBJ019,V0111,ALT,7.75,7.0,56.0,2025-01-24
L00552,SUBJ019,V0111,AST,,10.0,40.0,2025-01-24
L00553,SUBJ019,V0111,Hemoglobin,12.47,12.0,16.0,2025-01-24
L00554,SUBJ019,V0111,WBC,6.76,4.0,11.0,2025-01-24
L00555,SUBJ019,V0111,Creatinine,0.72,0.6,1.3,2025-01-24
L00556,SUBJ019,V0112,ALT,7.72,7.0,56.0,2025-01-28
L00557,SUBJ019,V0112,AST,37.3,10.0,40.0,2025-01-28
L00558,SUBJ019,V0112,Hemoglobin,15.79,12.0,16.0,2025-01-28
L00559,SUBJ019,V0112,WBC,4.88,4.0,11.0,2025-01-28
L00560,SUBJ019,V0112,Creatinine,0.96,0.6,1.3,2025-01-28
L00561,SUBJ019,V0113,ALT,30.82,7.0,56.0,2025-02-04
L00562,SUBJ019,V0113,AST,10.66,10.0,40.0,2025-02-04
L00563,SUBJ019,V0113,Hemoglobin,12.3,12.0,16.0,2025-02-04
L00564,SUBJ019,V0113,WBC,8.18,4.0,11.0,2025-02-04
L00565,SUBJ019,V0113,Creatinine,0.98,0.6,1.3,2025-02-04
L00566,SUBJ019,V0114,ALT,38.8,7.0,56.0,2025-02-14
L00567,SUBJ019,V0114,AST,43.57,10.0,40.0,2025-02-14
L00568,SUBJ019,V0114,Hemoglobin,13.34,12.0,16.0,2025-02-14
L00569,SUBJ019,V0114,WBC,4.69,4.0,11.0,2025-02-14
L00570,SUBJ019,V0114,Creatinine,0.86,0.6,1.3,2025-02-14
L00571,SUBJ020,V0115,ALT,28.03,7.0,56.0,2025-03-20
L00572,SUBJ020,V0115,AST,17.99,10.0,40.0,2025-03-20
L00573,SUBJ020,V0115,Hemoglobin,15.58,12.0,16.0,2025-03-20
L00574,SUBJ020,V0115,WBC,8.92,4.0,11.0,2025-03-20
L00575,SUBJ020,V0115,Creatinine,0.78,0.6,1.3,2025-03-20
L00576,SUBJ020,V0116,ALT,8.61,7.0,56.0,2025-03-26
L00577,SUBJ020,V0116,AST,49.83,10.0,40.0,2025-03-26
L00578,SUBJ020,V0116,Hemoglobin,13.82,12.0,16.0,2025-03-26
L00579,SUBJ020,V0116,WBC,7.75,4.0,11.0,2025-03-26
L00580,SUBJ020,V0116,Creatinine,1.09,0.6,1.3,2025-03-26
L00581,SUBJ020,V0117,ALT,55.68,7.0,56.0,2025-04-05
L00582,SUBJ020,V0117,AST,12.05,10.0,40.0,2025-04-05
L00583,SUBJ020,V0117,Hemoglobin,13.24,12.0,16.0,2025-04-05
L00584,SUBJ020,V0117,WBC,8.27,4.0,11.0,2025-04-05
L00585,SUBJ020,V0117,Creatinine,0.74,0.6,1.3,2025-04-05
L00586,SUBJ020,V0118,ALT,35.86,7.0,56.0,2025-04-13
L00587,SUBJ020,V0118,AST,20.22,10.0,40.0,2025-04-13
L00588,SUBJ020,V0118,Hemoglobin,13.52,12.0,16.0,2025-04-13
L00589,SUBJ020,V0118,WBC,,4.0,11.0,2025-04-13
L00590,SUBJ020,V0118,Creatinine,0.62,0.6,1.3,2025-04-13
L00591,SUBJ020,V0119,ALT,49.67,7.0,56.0,2025-04-16
L00592,SUBJ020,V0119,AST,35.64,10.0,40.0,2025-04-16
L00593,SUBJ020,V0119,Hemoglobin,15.18,12.0,16.0,2025-04-16
L00594,SUBJ020,V0119,WBC,8.41,4.0,11.0,2025-04-16
L00595,SUBJ020,V0119,Creatinine,0.85,0.6,1.3,2025-04-16
L00596,SUBJ020,V0120,ALT,50.08,7.0,56.0,2025-04-25
L00597,SUBJ020,V0120,AST,25.72,10.0,40.0,2025-04-25
L00598,SUBJ020,V0120,Hemoglobin,12.73,12.0,16.0,2025-04-25
L00599,SUBJ020,V0120,WBC,9.79,4.0,11.0,2025-04-25
L00600,SUBJ020,V0120,Creatinine,1.12,0.6,1.3,2025-04-25
L00601,SUBJ021,V0121,ALT,28.9,7.0,56.0,2025-01-24
L00602,SUBJ021,V0121,AST,8.28,10.0,40.0,2025-01-24
L00603,SUBJ021,V0121,Hemoglobin,15.77,12.0,16.0,2025-01-24
L00604,SUBJ021,V0121,WBC,9.68,4.0,11.0,2025-01-24
L00605,SUBJ021,V0121,Creatinine,6.98,0.6,1.3,2025-01-24
L00606,SUBJ021,V0122,ALT,32.21,7.0,56.0,2025-02-02
L00607,SUBJ021,V0122,AST,29.92,10.0,40.0,2025-02-02
L00608,SUBJ021,V0122,Hemoglobin,14.87,12.0,16.0,2025-02-02
L00609,SUBJ021,V0122,WBC,5.62,4.0,11.0,2025-02-02
L00610,SUBJ021,V0122,Creatinine,0.99,0.6,1.3,2025-02-02
L00611,SUBJ021,V0123,ALT,11.75,7.0,56.0,2025-02-11
L00612,SUBJ021,V0123,AST,26.69,10.0,40.0,2025-02-11
L00613,SUBJ021,V0123,Hemoglobin,13.04,12.0,16.0,2025-02-11
L00614,SUBJ021,V0123,WBC,,4.0,11.0,2025-02-11
L00615,SUBJ021,V0123,Creatinine,0.74,0.6,1.3,2025-02-11
L00616,SUBJ021,V0124,ALT,47.68,7.0,56.0,2025-02-14
L00617,SUBJ021,V0124,AST,31.52,10.0,40.0,2025-02-14
L00618,SUBJ021,V0124,Hemoglobin,14.85,12.0,16.0,2025-02-14
L00619,SUBJ021,V0124,WBC,7.88,4.0,11.0,2025-02-14
L00620,SUBJ021,V0124,Creatinine,1.01,0.6,1.3,2025-02-14
L00621,SUBJ021,V0125,ALT,41.49,7.0,56.0,2025-02-24
L00622,SUBJ021,V0125,AST,11.37,10.0,40.0,2025-02-24
L00623,SUBJ021,V0125,Hemoglobin,9.57,12.0,16.0,2025-02-24
L00624,SUBJ021,V0125,WBC,9.73,4.0,11.0,2025-02-24
L00625,SUBJ021,V0125,Creatinine,0.72,0.6,1.3,2025-02-24
L00626,SUBJ021,V0126,ALT,25.41,7.0,56.0,2025-03-03
L00627,SUBJ021,V0126,AST,,10.0,40.0,2025-03-03
L00628,SUBJ021,V0126,Hemoglobin,13.25,12.0,16.0,2025-03-03
L00629,SUBJ021,V0126,WBC,6.08,4.0,11.0,2025-03-03
L00630,SUBJ021,V0126,Creatinine,0.69,0.6,1.3,2025-03-03
L00631,SUBJ022,V0127,ALT,,7.0,56.0,2025-01-29
L00632,SUBJ022,V0127,AST,15.19,10.0,40.0,2025-01-29
L00633,SUBJ022,V0127,Hemoglobin,15.57,12.0,16.0,2025-01-29
L00634,SUBJ022,V0127,WBC,10.33,4.0,11.0,2025-01-29
L00635,SUBJ022,V0127,Creatinine,1.27,0.6,1.3,2025-01-29
L00636,SUBJ022,V0128,ALT,29.07,7.0,56.0,2025-02-05
L00637,SUBJ022,V0128,AST,8.55,10.0,40.0,2025-02-05
L00638,SUBJ022,V0128,Hemoglobin,14.55,12.0,16.0,2025-02-05
L00639,SUBJ022,V0128,WBC,13.5,4.0,11.0,2025-02-05
L00640,SUBJ022,V0128,Creatinine,0.6,0.6,1.3,2025-02-05
L00641,SUBJ022,V0129,ALT,20.63,7.0,56.0,2025-02-10
L00642,SUBJ022,V0129,AST,13.59,10.0,40.0,2025-02-10
L00643,SUBJ022,V0129,Hemoglobin,10.04,12.0,16.0,2025-02-10
L00644,SUBJ022,V0129,WBC,2.52,4.0,11.0,2025-02-10
L00645,SUBJ022,V0129,Creatinine,1.16,0.6,1.3,2025-02-10
L00646,SUBJ022,V0130,ALT,16.81,7.0,56.0,2025-02-19
L00647,SUBJ022,V0130,AST,10.94,10.0,40.0,2025-02-19
L00648,SUBJ022,V0130,Hemoglobin,14.88,12.0,16.0,2025-02-19
L00649,SUBJ022,V0130,WBC,8.94,4.0,11.0,2025-02-19
L00650,SUBJ022,V0130,Creatinine,1.15,0.6,1.3,2025-02-19
L00651,SUBJ022,V0131,ALT,22.27,7.0,56.0,2025-02-25
L00652,SUBJ022,V0131,AST,10.98,10.0,40.0,2025-02-25
L00653,SUBJ022,V0131,Hemoglobin,14.11,12.0,16.0,2025-02-25
L00654,SUBJ022,V0131,WBC,10.65,4.0,11.0,2025-02-25
L00655,SUBJ022,V0131,Creatinine,0.8,0.6,1.3,2025-02-25
L00656,SUBJ022,V0132,ALT,30.95,7.0,56.0,2025-03-03
L00657,SUBJ022,V0132,AST,11.9,10.0,40.0,2025-03-03
L00658,SUBJ022,V0132,Hemoglobin,12.25,12.0,16.0,2025-03-03
L00659,SUBJ022,V0132,WBC,4.34,4.0,11.0,2025-03-03
L00660,SUBJ022,V0132,Creatinine,0.76,0.6,1.3,2025-03-03
L00661,SUBJ023,V0133,ALT,4.55,7.0,56.0,2025-01-06
L00662,SUBJ023,V0133,AST,28.79,10.0,40.0,2025-01-06
L00663,SUBJ023,V0133,Hemoglobin,,12.0,16.0,2025-01-06
L00664,SUBJ023,V0133,WBC,7.79,4.0,11.0,2025-01-06
L00665,SUBJ023,V0133,Creatinine,1.01,0.6,1.3,2025-01-06
L00666,SUBJ023,V0134,ALT,12.55,7.0,56.0,2025-01-10
L00667,SUBJ023,V0134,AST,8.69,10.0,40.0,2025-01-10
L00668,SUBJ023,V0134,Hemoglobin,15.85,12.0,16.0,2025-01-10
L00669,SUBJ023,V0134,WBC,8.34,4.0,11.0,2025-01-10
L00670,SUBJ023,V0134,Creatinine,1.07,0.6,1.3,2025-01-10
L00671,SUBJ023,V0135,ALT,47.28,7.0,56.0,2025-01-17
L00672,SUBJ023,V0135,AST,32.2,10.0,40.0,2025-01-17
L00673,SUBJ023,V0135,Hemoglobin,12.56,12.0,16.0,2025-01-17
L00674,SUBJ023,V0135,WBC,8.29,4.0,11.0,2025-01-17
L00675,SUBJ023,V0135,Creatinine,1.27,0.6,1.3,2025-01-17
L00676,SUBJ023,V0136,ALT,21.28,7.0,56.0,2025-01-25
L00677,SUBJ023,V0136,AST,18.28,10.0,40.0,2025-01-25
L00678,SUBJ023,V0136,Hemoglobin,13.09,12.0,16.0,2025-01-25
L00679,SUBJ023,V0136,WBC,9.42,4.0,11.0,2025-01-25
L00680,SUBJ023,V0136,Creatinine,0.88,0.6,1.3,2025-01-25
L00681,SUBJ023,V0137,ALT,27.65,7.0,56.0,2025-01-31
L00682,SUBJ023,V0137,AST,28.29,10.0,40.0,2025-01-31
L00683,SUBJ023,V0137,Hemoglobin,12.69,12.0,16.0,2025-01-31
L00684,SUBJ023,V0137,WBC,8.03,4.0,11.0,2025-01-31
L00685,SUBJ023,V0137,Creatinine,1.11,0.6,1.3,2025-01-31
L00686,SUBJ023,V0138,ALT,39.74,7.0,56.0,2025-02-11
L00687,SUBJ023,V0138,AST,18.81,10.0,40.0,2025-02-11
L00688,SUBJ023,V0138,Hemoglobin,13.42,12.0,16.0,2025-02-11
L00689,SUBJ023,V0138,WBC,1.75,4.0,11.0,2025-02-11
L00690,SUBJ023,V0138,Creatinine,1.08,0.6,1.3,2025-02-11
L00691,SUBJ024,V0139,ALT,22.71,7.0,56.0,2025-03-08
L00692,SUBJ024,V0139,AST,12.98,10.0,40.0,2025-03-08
L00693,SUBJ024,V0139,Hemoglobin,12.63,12.0,16.0,2025-03-08
L00694,SUBJ024,V0139,WBC,10.89,4.0,11.0,2025-03-08
L00695,SUBJ024,V0139,Creatinine,0.93,0.6,1.3,2025-03-08
L00696,SUBJ024,V0140,ALT,9.6,7.0,56.0,2025-03-14
L00697,SUBJ024,V0140,AST,37.93,10.0,40.0,2025-03-14
L00698,SUBJ024,V0140,Hemoglobin,13.46,12.0,16.0,2025-03-14
L00699,SUBJ024,V0140,WBC,6.92,4.0,11.0,2025-03-14
L00700,SUBJ024,V0140,Creatinine,0.84,0.6,1.3,2025-03-14
L00701,SUBJ024,V0141,ALT,38.06,7.0,56.0,2025-03-23
L00702,SUBJ024,V0141,AST,33.02,10.0,40.0,2025-03-23
L00703,SUBJ024,V0141,Hemoglobin,13.37,12.0,16.0,2025-03-23
L00704,SUBJ024,V0141,WBC,6.71,4.0,11.0,2025-03-23
L00705,SUBJ024,V0141,Creatinine,1.09,0.6,1.3,2025-03-23
L00706,SUBJ024,V0142,ALT,19.76,7.0,56.0,2025-03-30
L00707,SUBJ024,V0142,AST,19.15,10.0,40.0,2025-03-30
L00708,SUBJ024,V0142,Hemoglobin,12.64,12.0,16.0,2025-03-30
L00709,SUBJ024,V0142,WBC,7.63,4.0,11.0,2025-03-30
L00710,SUBJ024,V0142,Creatinine,0.8,0.6,1.3,2025-03-30
L00711,SUBJ024,V0143,ALT,19.86,7.0,56.0,2025-04-04
L00712,SUBJ024,V0143,AST,32.29,10.0,40.0,2025-04-04
L00713,SUBJ024,V0143,Hemoglobin,13.52,12.0,16.0,2025-04-04
L00714,SUBJ024,V0143,WBC,4.78,4.0,11.0,2025-04-04
L00715,SUBJ024,V0143,Creatinine,1.18,0.6,1.3,2025-04-04
L00716,SUBJ024,V0144,ALT,24.44,7.0,56.0,2025-04-14
L00717,SUBJ024,V0144,AST,34.11,10.0,40.0,2025-04-14
L00718,SUBJ024,V0144,Hemoglobin,12.75,12.0,16.0,2025-04-14
L00719,SUBJ024,V0144,WBC,4.29,4.0,11.0,2025-04-14
L00720,SUBJ024,V0144,Creatinine,1.04,0.6,1.3,2025-04-14
L00721,SUBJ025,V0145,ALT,5.76,7.0,56.0,2025-02-08
L00722,SUBJ025,V0145,AST,19.2,10.0,40.0,2025-02-08
L00723,SUBJ025,V0145,Hemoglobin,18.17,12.0,16.0,2025-02-08
L00724,SUBJ025,V0145,WBC,8.9,4.0,11.0,2025-02-08
L00725,SUBJ025,V0145,Creatinine,0.61,0.6,1.3,2025-02-08
L00726,SUBJ025,V0146,ALT,44.1,7.0,56.0,2025-02-13
L00727,SUBJ025,V0146,AST,49.32,10.0,40.0,2025-02-13
L00728,SUBJ025,V0146,Hemoglobin,12.62,12.0,16.0,2025-02-13
L00729,SUBJ025,V0146,WBC,,4.0,11.0,2025-02-13
L00730,SUBJ025,V0146,Creatinine,0.84,0.6,1.3,2025-02-13
L00731,SUBJ025,V0147,ALT,53.59,7.0,56.0,2025-02-19
L00732,SUBJ025,V0147,AST,22.27,10.0,40.0,2025-02-19
L00733,SUBJ025,V0147,Hemoglobin,14.67,12.0,16.0,2025-02-19
L00734,SUBJ025,V0147,WBC,7.28,4.0,11.0,2025-02-19
L00735,SUBJ025,V0147,Creatinine,0.7,0.6,1.3,2025-02-19
L00736,SUBJ025,V0148,ALT,5.0,7.0,56.0,2025-02-27
L00737,SUBJ025,V0148,AST,14.69,10.0,40.0,2025-02-27
L00738,SUBJ025,V0148,Hemoglobin,19.98,12.0,16.0,2025-02-27
L00739,SUBJ025,V0148,WBC,15.8,4.0,11.0,2025-02-27
L00740,SUBJ025,V0148,Creatinine,1.1,0.6,1.3,2025-02-27
L00741,SUBJ025,V0149,ALT,19.33,7.0,56.0,2025-03-09
L00742,SUBJ025,V0149,AST,7.54,10.0,40.0,2025-03-09
L00743,SUBJ025,V0149,Hemoglobin,17.03,12.0,16.0,2025-03-09
L00744,SUBJ025,V0149,WBC,4.89,4.0,11.0,2025-03-09
L00745,SUBJ025,V0149,Creatinine,0.64,0.6,1.3,2025-03-09
L00746,SUBJ025,V0150,ALT,9.89,7.0,56.0,2025-03-14
L00747,SUBJ025,V0150,AST,24.58,10.0,40.0,2025-03-14
L00748,SUBJ025,V0150,Hemoglobin,12.44,12.0,16.0,2025-03-14
L00749,SUBJ025,V0150,WBC,7.62,4.0,11.0,2025-03-14
L00750,SUBJ025,V0150,Creatinine,1.04,0.6,1.3,2025-03-14
L00751,SUBJ026,V0151,ALT,16.99,7.0,56.0,2025-02-09
L00752,SUBJ026,V0151,AST,34.83,10.0,40.0,2025-02-09
L00753,SUBJ026,V0151,Hemoglobin,14.61,12.0,16.0,2025-02-09
L00754,SUBJ026,V0151,WBC,6.96,4.0,11.0,2025-02-09
L00755,SUBJ026,V0151,Creatinine,-1.28,0.6,1.3,2025-02-09
L00756,SUBJ026,V0152,ALT,29.33,7.0,56.0,2025-02-16
L00757,SUBJ026,V0152,AST,42.27,10.0,40.0,2025-02-16
L00758,SUBJ026,V0152,Hemoglobin,12.22,12.0,16.0,2025-02-16
L00759,SUBJ026,V0152,WBC,9.06,4.0,11.0,2025-02-16
L00760,SUBJ026,V0152,Creatinine,0.68,0.6,1.3,2025-02-16
L00761,SUBJ026,V0153,ALT,35.38,7.0,56.0,2025-02-21
L00762,SUBJ026,V0153,AST,16.12,10.0,40.0,2025-02-21
L00763,SUBJ026,V0153,Hemoglobin,12.28,12.0,16.0,2025-02-21
L00764,SUBJ026,V0153,WBC,8.12,4.0,11.0,2025-02-21
L00765,SUBJ026,V0153,Creatinine,1.05,0.6,1.3,2025-02-21
L00766,SUBJ026,V0154,ALT,15.03,7.0,56.0,2025-03-04
L00767,SUBJ026,V0154,AST,,10.0,40.0,2025-03-04
L00768,SUBJ026,V0154,Hemoglobin,12.14,12.0,16.0,2025-03-04
L00769,SUBJ026,V0154,WBC,9.22,4.0,11.0,2025-03-04
L00770,SUBJ026,V0154,Creatinine,0.84,0.6,1.3,2025-03-04
L00771,SUBJ026,V0155,ALT,21.29,7.0,56.0,2025-03-08
L00772,SUBJ026,V0155,AST,29.15,10.0,40.0,2025-03-08
L00773,SUBJ026,V0155,Hemoglobin,,12.0,16.0,2025-03-08
L00774,SUBJ026,V0155,WBC,7.51,4.0,11.0,2025-03-08
L00775,SUBJ026,V0155,Creatinine,0.8,0.6,1.3,2025-03-08
L00776,SUBJ026,V0156,ALT,4.21,7.0,56.0,2025-03-15
L00777,SUBJ026,V0156,AST,42.88,10.0,40.0,2025-03-15
L00778,SUBJ026,V0156,Hemoglobin,13.01,12.0,16.0,2025-03-15
L00779,SUBJ026,V0156,WBC,4.58,4.0,11.0,2025-03-15
L00780,SUBJ026,V0156,Creatinine,0.77,0.6,1.3,2025-03-15
L00781,SUBJ027,V0157,ALT,53.27,7.0,56.0,2025-02-03
L00782,SUBJ027,V0157,AST,20.4,10.0,40.0,2025-02-03
L00783,SUBJ027,V0157,Hemoglobin,10.15,12.0,16.0,2025-02-03
L00784,SUBJ027,V0157,WBC,10.37,4.0,11.0,2025-02-03
L00785,SUBJ027,V0157,Creatinine,1.09,0.6,1.3,2025-02-03
L00786,SUBJ027,V0158,ALT,9.25,7.0,56.0,2025-02-09
L00787,SUBJ027,V0158,AST,24.12,10.0,40.0,2025-02-09
L00788,SUBJ027,V0158,Hemoglobin,12.59,12.0,16.0,2025-02-09
L00789,SUBJ027,V0158,WBC,1.97,4.0,11.0,2025-02-09
L00790,SUBJ027,V0158,Creatinine,1.27,0.6,1.3,2025-02-09
L00791,SUBJ027,V0159,ALT,35.09,7.0,56.0,2025-02-19
L00792,SUBJ027,V0159,AST,27.89,10.0,40.0,2025-02-19
L00793,SUBJ027,V0159,Hemoglobin,14.6,12.0,16.0,2025-02-19
L00794,SUBJ027,V0159,WBC,8.13,4.0,11.0,2025-02-19
L00795,SUBJ027,V0159,Creatinine,0.67,0.6,1.3,2025-02-19
L00796,SUBJ027,V0160,ALT,9.99,7.0,56.0,2025-02-26
L00797,SUBJ027,V0160,AST,7.3,10.0,40.0,2025-02-26
L00798,SUBJ027,V0160,Hemoglobin,15.4,12.0,16.0,2025-02-26
L00799,SUBJ027,V0160,WBC,7.63,4.0,11.0,2025-02-26
L00800,SUBJ027,V0160,Creatinine,0.77,0.6,1.3,2025-02-26
L00801,SUBJ027,V0161,ALT,40.05,7.0,56.0,2025-03-06
L00802,SUBJ027,V0161,AST,19.55,10.0,40.0,2025-03-06
L00803,SUBJ027,V0161,Hemoglobin,14.61,12.0,16.0,2025-03-06
L00804,SUBJ027,V0161,WBC,10.03,4.0,11.0,2025-03-06
L00805,SUBJ027,V0161,Creatinine,0.92,0.6,1.3,2025-03-06
L00806,SUBJ027,V0162,ALT,35.07,7.0,56.0,2025-03-10
L00807,SUBJ027,V0162,AST,28.54,10.0,40.0,2025-03-10
L00808,SUBJ027,V0162,Hemoglobin,14.08,12.0,16.0,2025-03-10
L00809,SUBJ027,V0162,WBC,7.43,4.0,11.0,2025-03-10
L00810,SUBJ027,V0162,Creatinine,0.96,0.6,1.3,2025-03-10
L00811,SUBJ028,V0163,ALT,15.48,7.0,56.0,2025-01-05
L00812,SUBJ028,V0163,AST,39.08,10.0,40.0,2025-01-05
L00813,SUBJ028,V0163,Hemoglobin,9.58,12.0,16.0,2025-01-05
L00814,SUBJ028,V0163,WBC,,4.0,11.0,2025-01-05
L00815,SUBJ028,V0163,Creatinine,1.27,0.6,1.3,2025-01-05
L00816,SUBJ028,V0164,ALT,62.56,7.0,56.0,2025-01-11
L00817,SUBJ028,V0164,AST,46.98,10.0,40.0,2025-01-11
L00818,SUBJ028,V0164,Hemoglobin,12.68,12.0,16.0,2025-01-11
L00819,SUBJ028,V0164,WBC,5.34,4.0,11.0,2025-01-11
L00820,SUBJ028,V0164,Creatinine,8.44,0.6,1.3,2025-01-11
L00821,SUBJ028,V0165,ALT,15.47,7.0,56.0,2025-01-17
L00822,SUBJ028,V0165,AST,17.44,10.0,40.0,2025-01-17
L00823,SUBJ028,V0165,Hemoglobin,14.15,12.0,16.0,2025-01-17
L00824,SUBJ028,V0165,WBC,1.06,4.0,11.0,2025-01-17
L00825,SUBJ028,V0165,Creatinine,4.33,0.6,1.3,2025-01-17
L00826,SUBJ028,V0166,ALT,25.02,7.0,56.0,2025-01-28
L00827,SUBJ028,V0166,AST,23.05,10.0,40.0,2025-01-28
L00828,SUBJ028,V0166,Hemoglobin,10.27,12.0,16.0,2025-01-28
L00829,SUBJ028,V0166,WBC,8.83,4.0,11.0,2025-01-28
L00830,SUBJ028,V0166,Creatinine,0.93,0.6,1.3,2025-01-28
L00831,SUBJ028,V0167,ALT,22.52,7.0,56.0,2025-02-01
L00832,SUBJ028,V0167,AST,38.04,10.0,40.0,2025-02-01
L00833,SUBJ028,V0167,Hemoglobin,14.89,12.0,16.0,2025-02-01
L00834,SUBJ028,V0167,WBC,10.54,4.0,11.0,2025-02-01
L00835,SUBJ028,V0167,Creatinine,1.1,0.6,1.3,2025-02-01
L00836,SUBJ028,V0168,ALT,55.18,7.0,56.0,2025-02-09
L00837,SUBJ028,V0168,AST,21.25,10.0,40.0,2025-02-09
L00838,SUBJ028,V0168,Hemoglobin,13.94,12.0,16.0,2025-02-09
L00839,SUBJ028,V0168,WBC,8.75,4.0,11.0,2025-02-09
L00840,SUBJ028,V0168,Creatinine,-1.72,0.6,1.3,2025-02-09
L00841,SUBJ029,V0169,ALT,45.36,7.0,56.0,2025-03-10
L00842,SUBJ029,V0169,AST,38.73,10.0,40.0,2025-03-10
L00843,SUBJ029,V0169,Hemoglobin,9.54,12.0,16.0,2025-03-10
L00844,SUBJ029,V0169,WBC,9.11,4.0,11.0,2025-03-10
L00845,SUBJ029,V0169,Creatinine,1.08,0.6,1.3,2025-03-10
L00846,SUBJ029,V0170,ALT,7.61,7.0,56.0,2025-03-19
L00847,SUBJ029,V0170,AST,35.81,10.0,40.0,2025-03-19
L00848,SUBJ029,V0170,Hemoglobin,12.13,12.0,16.0,2025-03-19
L00849,SUBJ029,V0170,WBC,10.81,4.0,11.0,2025-03-19
L00850,SUBJ029,V0170,Creatinine,0.78,0.6,1.3,2025-03-19
L00851,SUBJ029,V0171,ALT,8.28,7.0,56.0,2025-03-26
L00852,SUBJ029,V0171,AST,46.77,10.0,40.0,2025-03-26
L00853,SUBJ029,V0171,Hemoglobin,15.31,12.0,16.0,2025-03-26
L00854,SUBJ029,V0171,WBC,6.31,4.0,11.0,2025-03-26
L00855,SUBJ029,V0171,Creatinine,0.74,0.6,1.3,2025-03-26
L00856,SUBJ029,V0172,ALT,4.0,7.0,56.0,2025-04-03
L00857,SUBJ029,V0172,AST,21.69,10.0,40.0,2025-04-03
L00858,SUBJ029,V0172,Hemoglobin,13.98,12.0,16.0,2025-04-03
L00859,SUBJ029,V0172,WBC,9.36,4.0,11.0,2025-04-03
L00860,SUBJ029,V0172,Creatinine,0.8,0.6,1.3,2025-04-03
L00861,SUBJ029,V0173,ALT,49.08,7.0,56.0,2025-04-10
L00862,SUBJ029,V0173,AST,,10.0,40.0,2025-04-10
L00863,SUBJ029,V0173,Hemoglobin,12.91,12.0,16.0,2025-04-10
L00864,SUBJ029,V0173,WBC,5.6,4.0,11.0,2025-04-10
L00865,SUBJ029,V0173,Creatinine,,0.6,1.3,2025-04-10
L00866,SUBJ029,V0174,ALT,30.46,7.0,56.0,2025-04-14
L00867,SUBJ029,V0174,AST,18.56,10.0,40.0,2025-04-14
L00868,SUBJ029,V0174,Hemoglobin,,12.0,16.0,2025-04-14
L00869,SUBJ029,V0174,WBC,1.7,4.0,11.0,2025-04-14
L00870,SUBJ029,V0174,Creatinine,-1.66,0.6,1.3,2025-04-14
L00871,SUBJ030,V0175,ALT,33.71,7.0,56.0,2025-03-01
L00872,SUBJ030,V0175,AST,38.05,10.0,40.0,2025-03-01
L00873,SUBJ030,V0175,Hemoglobin,10.13,12.0,16.0,2025-03-01
L00874,SUBJ030,V0175,WBC,5.45,4.0,11.0,2025-03-01
L00875,SUBJ030,V0175,Creatinine,1.05,0.6,1.3,2025-03-01
L00876,SUBJ030,V0176,ALT,39.26,7.0,56.0,2025-03-10
L00877,SUBJ030,V0176,AST,37.24,10.0,40.0,2025-03-10
L00878,SUBJ030,V0176,Hemoglobin,12.6,12.0,16.0,2025-03-10
L00879,SUBJ030,V0176,WBC,10.63,4.0,11.0,2025-03-10
L00880,SUBJ030,V0176,Creatinine,-1.89,0.6,1.3,2025-03-10
L00881,SUBJ030,V0177,ALT,4.9,7.0,56.0,2025-03-16
L00882,SUBJ030,V0177,AST,13.28,10.0,40.0,2025-03-16
L00883,SUBJ030,V0177,Hemoglobin,12.89,12.0,16.0,2025-03-16
L00884,SUBJ030,V0177,WBC,5.9,4.0,11.0,2025-03-16
L00885,SUBJ030,V0177,Creatinine,0.64,0.6,1.3,2025-03-16
L00886,SUBJ030,V0178,ALT,10.98,7.0,56.0,2025-03-25
L00887,SUBJ030,V0178,AST,20.13,10.0,40.0,2025-03-25
L00888,SUBJ030,V0178,Hemoglobin,13.66,12.0,16.0,2025-03-25
L00889,SUBJ030,V0178,WBC,5.75,4.0,11.0,2025-03-25
L00890,SUBJ030,V0178,Creatinine,1.0,0.6,1.3,2025-03-25
L00891,SUBJ030,V0179,ALT,50.45,7.0,56.0,2025-03-30
L00892,SUBJ030,V0179,AST,21.71,10.0,40.0,2025-03-30
L00893,SUBJ030,V0179,Hemoglobin,15.28,12.0,16.0,2025-03-30
L00894,SUBJ030,V0179,WBC,9.75,4.0,11.0,2025-03-30
L00895,SUBJ030,V0179,Creatinine,0.86,0.6,1.3,2025-03-30
L00896,SUBJ030,V0180,ALT,30.22,7.0,56.0,2025-04-09
L00897,SUBJ030,V0180,AST,22.09,10.0,40.0,2025-04-09
L00898,SUBJ030,V0180,Hemoglobin,14.88,12.0,16.0,2025-04-09
L00899,SUBJ030,V0180,WBC,7.01,4.0,11.0,2025-04-09
L00900,SUBJ030,V0180,Creatinine,1.04,0.6,1.3,2025-04-09
L00901,SUBJ031,V0181,ALT,26.75,7.0,56.0,2025-02-21
L00902,SUBJ031,V0181,AST,21.15,10.0,40.0,2025-02-21
L00903,SUBJ031,V0181,Hemoglobin,15.19,12.0,16.0,2025-02-21
L00904,SUBJ031,V0181,WBC,8.06,4.0,11.0,2025-02-21
L00905,SUBJ031,V0181,Creatinine,0.89,0.6,1.3,2025-02-21
L00906,SUBJ031,V0182,ALT,28.82,7.0,56.0,2025-02-25
L00907,SUBJ031,V0182,AST,39.71,10.0,40.0,2025-02-25
L00908,SUBJ031,V0182,Hemoglobin,12.01,12.0,16.0,2025-02-25
L00909,SUBJ031,V0182,WBC,6.08,4.0,11.0,2025-02-25
L00910,SUBJ031,V0182,Creatinine,0.93,0.6,1.3,2025-02-25
L00911,SUBJ031,V0183,ALT,15.45,7.0,56.0,2025-03-06
L00912,SUBJ031,V0183,AST,10.83,10.0,40.0,2025-03-06
L00913,SUBJ031,V0183,Hemoglobin,12.51,12.0,16.0,2025-03-06
L00914,SUBJ031,V0183,WBC,16.77,4.0,11.0,2025-03-06
L00915,SUBJ031,V0183,Creatinine,1.01,0.6,1.3,2025-03-06
L00916,SUBJ031,V0184,ALT,16.98,7.0,56.0,2025-03-11
L00917,SUBJ031,V0184,AST,31.46,10.0,40.0,2025-03-11
L00918,SUBJ031,V0184,Hemoglobin,13.01,12.0,16.0,2025-03-11
L00919,SUBJ031,V0184,WBC,6.29,4.0,11.0,2025-03-11
L00920,SUBJ031,V0184,Creatinine,,0.6,1.3,2025-03-11
L00921,SUBJ031,V0185,ALT,57.82,7.0,56.0,2025-03-20
L00922,SUBJ031,V0185,AST,20.5,10.0,40.0,2025-03-20
L00923,SUBJ031,V0185,Hemoglobin,12.1,12.0,16.0,2025-03-20
L00924,SUBJ031,V0185,WBC,9.75,4.0,11.0,2025-03-20
L00925,SUBJ031,V0185,Creatinine,1.3,0.6,1.3,2025-03-20
L00926,SUBJ031,V0186,ALT,32.24,7.0,56.0,2025-03-24
L00927,SUBJ031,V0186,AST,39.46,10.0,40.0,2025-03-24
L00928,SUBJ031,V0186,Hemoglobin,13.52,12.0,16.0,2025-03-24
L00929,SUBJ031,V0186,WBC,6.74,4.0,11.0,2025-03-24
L00930,SUBJ031,V0186,Creatinine,1.01,0.6,1.3,2025-03-24
L00931,SUBJ032,V0187,ALT,5.0,7.0,56.0,2025-03-13
L00932,SUBJ032,V0187,AST,7.44,10.0,40.0,2025-03-13
L00933,SUBJ032,V0187,Hemoglobin,17.66,12.0,16.0,2025-03-13
L00934,SUBJ032,V0187,WBC,8.07,4.0,11.0,2025-03-13
L00935,SUBJ032,V0187,Creatinine,1.17,0.6,1.3,2025-03-13
L00936,SUBJ032,V0188,ALT,44.85,7.0,56.0,2025-03-20
L00937,SUBJ032,V0188,AST,19.53,10.0,40.0,2025-03-20
L00938,SUBJ032,V0188,Hemoglobin,15.53,12.0,16.0,2025-03-20
L00939,SUBJ032,V0188,WBC,7.95,4.0,11.0,2025-03-20
L00940,SUBJ032,V0188,Creatinine,0.83,0.6,1.3,2025-03-20
L00941,SUBJ032,V0189,ALT,26.92,7.0,56.0,2025-03-27
L00942,SUBJ032,V0189,AST,37.21,10.0,40.0,2025-03-27
L00943,SUBJ032,V0189,Hemoglobin,12.89,12.0,16.0,2025-03-27
L00944,SUBJ032,V0189,WBC,18.38,4.0,11.0,2025-03-27
L00945,SUBJ032,V0189,Creatinine,1.26,0.6,1.3,2025-03-27
L00946,SUBJ032,V0190,ALT,57.05,7.0,56.0,2025-04-02
L00947,SUBJ032,V0190,AST,20.55,10.0,40.0,2025-04-02
L00948,SUBJ032,V0190,Hemoglobin,14.32,12.0,16.0,2025-04-02
L00949,SUBJ032,V0190,WBC,8.23,4.0,11.0,2025-04-02
L00950,SUBJ032,V0190,Creatinine,0.65,0.6,1.3,2025-04-02
L00951,SUBJ032,V0191,ALT,32.01,7.0,56.0,2025-04-09
L00952,SUBJ032,V0191,AST,48.65,10.0,40.0,2025-04-09
L00953,SUBJ032,V0191,Hemoglobin,14.92,12.0,16.0,2025-04-09
L00954,SUBJ032,V0191,WBC,9.57,4.0,11.0,2025-04-09
L00955,SUBJ032,V0191,Creatinine,1.12,0.6,1.3,2025-04-09
L00956,SUBJ032,V0192,ALT,23.96,7.0,56.0,2025-04-13
L00957,SUBJ032,V0192,AST,16.32,10.0,40.0,2025-04-13
L00958,SUBJ032,V0192,Hemoglobin,13.68,12.0,16.0,2025-04-13
L00959,SUBJ032,V0192,WBC,5.35,4.0,11.0,2025-04-13
L00960,SUBJ032,V0192,Creatinine,1.25,0.6,1.3,2025-04-13
L00961,SUBJ033,V0193,ALT,19.72,7.0,56.0,2025-01-07
L00962,SUBJ033,V0193,AST,17.1,10.0,40.0,2025-01-07
L00963,SUBJ033,V0193,Hemoglobin,12.84,12.0,16.0,2025-01-07
L00964,SUBJ033,V0193,WBC,4.21,4.0,11.0,2025-01-07
L00965,SUBJ033,V0193,Creatinine,1.27,0.6,1.3,2025-01-07
L00966,SUBJ033,V0194,ALT,45.84,7.0,56.0,2025-01-13
L00967,SUBJ033,V0194,AST,13.54,10.0,40.0,2025-01-13
L00968,SUBJ033,V0194,Hemoglobin,12.78,12.0,16.0,2025-01-13
L00969,SUBJ033,V0194,WBC,10.19,4.0,11.0,2025-01-13
L00970,SUBJ033,V0194,Creatinine,0.88,0.6,1.3,2025-01-13
L00971,SUBJ033,V0195,ALT,51.61,7.0,56.0,2025-01-19
L00972,SUBJ033,V0195,AST,21.79,10.0,40.0,2025-01-19
L00973,SUBJ033,V0195,Hemoglobin,13.04,12.0,16.0,2025-01-19
L00974,SUBJ033,V0195,WBC,9.0,4.0,11.0,2025-01-19
L00975,SUBJ033,V0195,Creatinine,1.23,0.6,1.3,2025-01-19
L00976,SUBJ033,V0196,ALT,22.42,7.0,56.0,2025-01-28
L00977,SUBJ033,V0196,AST,32.08,10.0,40.0,2025-01-28
L00978,SUBJ033,V0196,Hemoglobin,12.14,12.0,16.0,2025-01-28
L00979,SUBJ033,V0196,WBC,19.22,4.0,11.0,2025-01-28
L00980,SUBJ033,V0196,Creatinine,0.94,0.6,1.3,2025-01-28
L00981,SUBJ033,V0197,ALT,34.03,7.0,56.0,2025-02-03
L00982,SUBJ033,V0197,AST,41.86,10.0,40.0,2025-02-03
L00983,SUBJ033,V0197,Hemoglobin,14.63,12.0,16.0,2025-02-03
L00984,SUBJ033,V0197,WBC,5.15,4.0,11.0,2025-02-03
L00985,SUBJ033,V0197,Creatinine,0.75,0.6,1.3,2025-02-03
L00986,SUBJ033,V0198,ALT,24.39,7.0,56.0,2025-02-12
L00987,SUBJ033,V0198,AST,17.7,10.0,40.0,2025-02-12
L00988,SUBJ033,V0198,Hemoglobin,15.73,12.0,16.0,2025-02-12
L00989,SUBJ033,V0198,WBC,6.97,4.0,11.0,2025-02-12
L00990,SUBJ033,V0198,Creatinine,0.95,0.6,1.3,2025-02-12
L00991,SUBJ034,V0199,ALT,13.59,7.0,56.0,2025-03-28
L00992,SUBJ034,V0199,AST,,10.0,40.0,2025-03-28
L00993,SUBJ034,V0199,Hemoglobin,15.24,12.0,16.0,2025-03-28
L00994,SUBJ034,V0199,WBC,9.53,4.0,11.0,2025-03-28
L00995,SUBJ034,V0199,Creatinine,0.9,0.6,1.3,2025-03-28
L00996,SUBJ034,V0200,ALT,44.39,7.0,56.0,2025-04-04
L00997,SUBJ034,V0200,AST,15.2,10.0,40.0,2025-04-04
L00998,SUBJ034,V0200,Hemoglobin,13.04,12.0,16.0,2025-04-04
L00999,SUBJ034,V0200,WBC,9.39,4.0,11.0,2025-04-04
L01000,SUBJ034,V0200,Creatinine,1.15,0.6,1.3,2025-04-04
L01001,SUBJ034,V0201,ALT,5.99,7.0,56.0,2025-04-08
L01002,SUBJ034,V0201,AST,29.26,10.0,40.0,2025-04-08
L01003,SUBJ034,V0201,Hemoglobin,15.02,12.0,16.0,2025-04-08
L01004,SUBJ034,V0201,WBC,4.63,4.0,11.0,2025-04-08
L01005,SUBJ034,V0201,Creatinine,0.84,0.6,1.3,2025-04-08
L01006,SUBJ034,V0202,ALT,25.08,7.0,56.0,2025-04-19
L01007,SUBJ034,V0202,AST,35.55,10.0,40.0,2025-04-19
L01008,SUBJ034,V0202,Hemoglobin,15.35,12.0,16.0,2025-04-19
L01009,SUBJ034,V0202,WBC,9.9,4.0,11.0,2025-04-19
L01010,SUBJ034,V0202,Creatinine,0.63,0.6,1.3,2025-04-19
L01011,SUBJ034,V0203,ALT,12.27,7.0,56.0,2025-04-22
L01012,SUBJ034,V0203,AST,8.54,10.0,40.0,2025-04-22
L01013,SUBJ034,V0203,Hemoglobin,12.16,12.0,16.0,2025-04-22
L01014,SUBJ034,V0203,WBC,8.81,4.0,11.0,2025-04-22
L01015,SUBJ034,V0203,Creatinine,,0.6,1.3,2025-04-22
L01016,SUBJ034,V0204,ALT,45.11,7.0,56.0,2025-05-02
L01017,SUBJ034,V0204,AST,20.98,10.0,40.0,2025-05-02
L01018,SUBJ034,V0204,Hemoglobin,14.18,12.0,16.0,2025-05-02
L01019,SUBJ034,V0204,WBC,4.74,4.0,11.0,2025-05-02
L01020,SUBJ034,V0204,Creatinine,0.7,0.6,1.3,2025-05-02
L01021,SUBJ035,V0205,ALT,,7.0,56.0,2025-03-09
L01022,SUBJ035,V0205,AST,17.31,10.0,40.0,2025-03-09
L01023,SUBJ035,V0205,Hemoglobin,14.06,12.0,16.0,2025-03-09
L01024,SUBJ035,V0205,WBC,,4.0,11.0,2025-03-09
L01025,SUBJ035,V0205,Creatinine,1.16,0.6,1.3,2025-03-09
L01026,SUBJ035,V0206,ALT,37.2,7.0,56.0,2025-03-17
L01027,SUBJ035,V0206,AST,34.58,10.0,40.0,2025-03-17
L01028,SUBJ035,V0206,Hemoglobin,15.79,12.0,16.0,2025-03-17
L01029,SUBJ035,V0206,WBC,8.76,4.0,11.0,2025-03-17
L01030,SUBJ035,V0206,Creatinine,1.27,0.6,1.3,2025-03-17
L01031,SUBJ035,V0207,ALT,32.7,7.0,56.0,2025-03-26
L01032,SUBJ035,V0207,AST,38.31,10.0,40.0,2025-03-26
L01033,SUBJ035,V0207,Hemoglobin,13.68,12.0,16.0,2025-03-26
L01034,SUBJ035,V0207,WBC,6.12,4.0,11.0,2025-03-26
L01035,SUBJ035,V0207,Creatinine,1.04,0.6,1.3,2025-03-26
L01036,SUBJ035,V0208,ALT,49.72,7.0,56.0,2025-03-30
L01037,SUBJ035,V0208,AST,29.47,10.0,40.0,2025-03-30
L01038,SUBJ035,V0208,Hemoglobin,24.86,12.0,16.0,2025-03-30
L01039,SUBJ035,V0208,WBC,,4.0,11.0,2025-03-30
L01040,SUBJ035,V0208,Creatinine,0.7,0.6,1.3,2025-03-30
L01041,SUBJ035,V0209,ALT,51.94,7.0,56.0,2025-04-10
L01042,SUBJ035,V0209,AST,44.08,10.0,40.0,2025-04-10
L01043,SUBJ035,V0209,Hemoglobin,12.25,12.0,16.0,2025-04-10
L01044,SUBJ035,V0209,WBC,10.81,4.0,11.0,2025-04-10
L01045,SUBJ035,V0209,Creatinine,,0.6,1.3,2025-04-10
L01046,SUBJ035,V0210,ALT,33.34,7.0,56.0,2025-04-13
L01047,SUBJ035,V0210,AST,12.25,10.0,40.0,2025-04-13
L01048,SUBJ035,V0210,Hemoglobin,,12.0,16.0,2025-04-13
L01049,SUBJ035,V0210,WBC,7.34,4.0,11.0,2025-04-13
L01050,SUBJ035,V0210,Creatinine,1.24,0.6,1.3,2025-04-13
L01051,SUBJ036,V0211,ALT,10.57,7.0,56.0,2025-03-12
L01052,SUBJ036,V0211,AST,46.08,10.0,40.0,2025-03-12
L01053,SUBJ036,V0211,Hemoglobin,,12.0,16.0,2025-03-12
L01054,SUBJ036,V0211,WBC,4.53,4.0,11.0,2025-03-12
L01055,SUBJ036,V0211,Creatinine,1.27,0.6,1.3,2025-03-12
L01056,SUBJ036,V0212,ALT,24.78,7.0,56.0,2025-03-18
L01057,SUBJ036,V0212,AST,18.91,10.0,40.0,2025-03-18
L01058,SUBJ036,V0212,Hemoglobin,13.92,12.0,16.0,2025-03-18
L01059,SUBJ036,V0212,WBC,6.09,4.0,11.0,2025-03-18
L01060,SUBJ036,V0212,Creatinine,,0.6,1.3,2025-03-18
L01061,SUBJ036,V0213,ALT,19.74,7.0,56.0,2025-03-27
L01062,SUBJ036,V0213,AST,,10.0,40.0,2025-03-27
L01063,SUBJ036,V0213,Hemoglobin,12.78,12.0,16.0,2025-03-27
L01064,SUBJ036,V0213,WBC,6.21,4.0,11.0,2025-03-27
L01065,SUBJ036,V0213,Creatinine,1.27,0.6,1.3,2025-03-27
L01066,SUBJ036,V0214,ALT,25.68,7.0,56.0,2025-04-03
L01067,SUBJ036,V0214,AST,18.18,10.0,40.0,2025-04-03
L01068,SUBJ036,V0214,Hemoglobin,14.49,12.0,16.0,2025-04-03
L01069,SUBJ036,V0214,WBC,6.39,4.0,11.0,2025-04-03
L01070,SUBJ036,V0214,Creatinine,1.04,0.6,1.3,2025-04-03
L01071,SUBJ036,V0215,ALT,55.38,7.0,56.0,2025-04-08
L01072,SUBJ036,V0215,AST,48.67,10.0,40.0,2025-04-08
L01073,SUBJ036,V0215,Hemoglobin,20.4,12.0,16.0,2025-04-08
L01074,SUBJ036,V0215,WBC,5.95,4.0,11.0,2025-04-08
L01075,SUBJ036,V0215,Creatinine,0.9,0.6,1.3,2025-04-08
L01076,SUBJ036,V0216,ALT,26.28,7.0,56.0,2025-04-18
L01077,SUBJ036,V0216,AST,25.7,10.0,40.0,2025-04-18
L01078,SUBJ036,V0216,Hemoglobin,15.71,12.0,16.0,2025-04-18
L01079,SUBJ036,V0216,WBC,6.49,4.0,11.0,2025-04-18
L01080,SUBJ036,V0216,Creatinine,1.2,0.6,1.3,2025-04-18
L01081,SUBJ037,V0217,ALT,27.44,7.0,56.0,2025-02-10
L01082,SUBJ037,V0217,AST,36.1,10.0,40.0,2025-02-10
L01083,SUBJ037,V0217,Hemoglobin,15.53,12.0,16.0,2025-02-10
L01084,SUBJ037,V0217,WBC,,4.0,11.0,2025-02-10
L01085,SUBJ037,V0217,Creatinine,0.61,0.6,1.3,2025-02-10
L01086,SUBJ037,V0218,ALT,27.58,7.0,56.0,2025-02-20
L01087,SUBJ037,V0218,AST,31.56,10.0,40.0,2025-02-20
L01088,SUBJ037,V0218,Hemoglobin,13.46,12.0,16.0,2025-02-20
L01089,SUBJ037,V0218,WBC,7.65,4.0,11.0,2025-02-20
L01090,SUBJ037,V0218,Creatinine,0.72,0.6,1.3,2025-02-20
L01091,SUBJ037,V0219,ALT,31.11,7.0,56.0,2025-02-24
L01092,SUBJ037,V0219,AST,38.09,10.0,40.0,2025-02-24
L01093,SUBJ037,V0219,Hemoglobin,12.67,12.0,16.0,2025-02-24
L01094,SUBJ037,V0219,WBC,6.33,4.0,11.0,2025-02-24
L01095,SUBJ037,V0219,Creatinine,1.25,0.6,1.3,2025-02-24
L01096,SUBJ037,V0220,ALT,23.26,7.0,56.0,2025-03-04
L01097,SUBJ037,V0220,AST,28.73,10.0,40.0,2025-03-04
L01098,SUBJ037,V0220,Hemoglobin,,12.0,16.0,2025-03-04
L01099,SUBJ037,V0220,WBC,8.66,4.0,11.0,2025-03-04
L01100,SUBJ037,V0220,Creatinine,0.9,0.6,1.3,2025-03-04
L01101,SUBJ037,V0221,ALT,7.28,7.0,56.0,2025-03-13
L01102,SUBJ037,V0221,AST,43.41,10.0,40.0,2025-03-13
L01103,SUBJ037,V0221,Hemoglobin,14.2,12.0,16.0,2025-03-13
L01104,SUBJ037,V0221,WBC,6.03,4.0,11.0,2025-03-13
L01105,SUBJ037,V0221,Creatinine,0.91,0.6,1.3,2025-03-13
L01106,SUBJ037,V0222,ALT,63.48,7.0,56.0,2025-03-19
L01107,SUBJ037,V0222,AST,25.07,10.0,40.0,2025-03-19
L01108,SUBJ037,V0222,Hemoglobin,12.67,12.0,16.0,2025-03-19
L01109,SUBJ037,V0222,WBC,5.8,4.0,11.0,2025-03-19
L01110,SUBJ037,V0222,Creatinine,1.26,0.6,1.3,2025-03-19
L01111,SUBJ038,V0223,ALT,49.92,7.0,56.0,2025-02-18
L01112,SUBJ038,V0223,AST,37.1,10.0,40.0,2025-02-18
L01113,SUBJ038,V0223,Hemoglobin,12.95,12.0,16.0,2025-02-18
L01114,SUBJ038,V0223,WBC,10.48,4.0,11.0,2025-02-18
L01115,SUBJ038,V0223,Creatinine,-0.82,0.6,1.3,2025-02-18
L01116,SUBJ038,V0224,ALT,,7.0,56.0,2025-02-23
L01117,SUBJ038,V0224,AST,,10.0,40.0,2025-02-23
L01118,SUBJ038,V0224,Hemoglobin,12.62,12.0,16.0,2025-02-23
L01119,SUBJ038,V0224,WBC,9.59,4.0,11.0,2025-02-23
L01120,SUBJ038,V0224,Creatinine,0.77,0.6,1.3,2025-02-23
L01121,SUBJ038,V0225,ALT,44.86,7.0,56.0,2025-03-03
L01122,SUBJ038,V0225,AST,11.64,10.0,40.0,2025-03-03
L01123,SUBJ038,V0225,Hemoglobin,14.79,12.0,16.0,2025-03-03
L01124,SUBJ038,V0225,WBC,4.1,4.0,11.0,2025-03-03
L01125,SUBJ038,V0225,Creatinine,0.68,0.6,1.3,2025-03-03
L01126,SUBJ038,V0226,ALT,12.79,7.0,56.0,2025-03-10
L01127,SUBJ038,V0226,AST,36.09,10.0,40.0,2025-03-10
L01128,SUBJ038,V0226,Hemoglobin,14.47,12.0,16.0,2025-03-10
L01129,SUBJ038,V0226,WBC,,4.0,11.0,2025-03-10
L01130,SUBJ038,V0226,Creatinine,4.1,0.6,1.3,2025-03-10
L01131,SUBJ038,V0227,ALT,44.73,7.0,56.0,2025-03-16
L01132,SUBJ038,V0227,AST,22.51,10.0,40.0,2025-03-16
L01133,SUBJ038,V0227,Hemoglobin,13.62,12.0,16.0,2025-03-16
L01134,SUBJ038,V0227,WBC,9.42,4.0,11.0,2025-03-16
L01135,SUBJ038,V0227,Creatinine,1.27,0.6,1.3,2025-03-16
L01136,SUBJ038,V0228,ALT,24.45,7.0,56.0,2025-03-26
L01137,SUBJ038,V0228,AST,48.49,10.0,40.0,2025-03-26
L01138,SUBJ038,V0228,Hemoglobin,15.06,12.0,16.0,2025-03-26
L01139,SUBJ038,V0228,WBC,4.15,4.0,11.0,2025-03-26
L01140,SUBJ038,V0228,Creatinine,0.69,0.6,1.3,2025-03-26
L01141,SUBJ039,V0229,ALT,20.11,7.0,56.0,2025-01-30
L01142,SUBJ039,V0229,AST,31.42,10.0,40.0,2025-01-30
L01143,SUBJ039,V0229,Hemoglobin,10.15,12.0,16.0,2025-01-30
L01144,SUBJ039,V0229,WBC,4.85,4.0,11.0,2025-01-30
L01145,SUBJ039,V0229,Creatinine,0.64,0.6,1.3,2025-01-30
L01146,SUBJ039,V0230,ALT,5.85,7.0,56.0,2025-02-07
L01147,SUBJ039,V0230,AST,25.09,10.0,40.0,2025-02-07
L01148,SUBJ039,V0230,Hemoglobin,12.41,12.0,16.0,2025-02-07
L01149,SUBJ039,V0230,WBC,2.05,4.0,11.0,2025-02-07
L01150,SUBJ039,V0230,Creatinine,0.67,0.6,1.3,2025-02-07
L01151,SUBJ039,V0231,ALT,25.85,7.0,56.0,2025-02-15
L01152,SUBJ039,V0231,AST,25.47,10.0,40.0,2025-02-15
L01153,SUBJ039,V0231,Hemoglobin,15.15,12.0,16.0,2025-02-15
L01154,SUBJ039,V0231,WBC,4.14,4.0,11.0,2025-02-15
L01155,SUBJ039,V0231,Creatinine,1.21,0.6,1.3,2025-02-15
L01156,SUBJ039,V0232,ALT,31.86,7.0,56.0,2025-02-20
L01157,SUBJ039,V0232,AST,11.75,10.0,40.0,2025-02-20
L01158,SUBJ039,V0232,Hemoglobin,14.82,12.0,16.0,2025-02-20
L01159,SUBJ039,V0232,WBC,4.3,4.0,11.0,2025-02-20
L01160,SUBJ039,V0232,Creatinine,1.01,0.6,1.3,2025-02-20
L01161,SUBJ039,V0233,ALT,51.44,7.0,56.0,2025-02-27
L01162,SUBJ039,V0233,AST,10.03,10.0,40.0,2025-02-27
L01163,SUBJ039,V0233,Hemoglobin,12.12,12.0,16.0,2025-02-27
L01164,SUBJ039,V0233,WBC,9.61,4.0,11.0,2025-02-27
L01165,SUBJ039,V0233,Creatinine,0.77,0.6,1.3,2025-02-27
L01166,SUBJ039,V0234,ALT,11.5,7.0,56.0,2025-03-06
L01167,SUBJ039,V0234,AST,10.31,10.0,40.0,2025-03-06
L01168,SUBJ039,V0234,Hemoglobin,13.36,12.0,16.0,2025-03-06
L01169,SUBJ039,V0234,WBC,5.08,4.0,11.0,2025-03-06
L01170,SUBJ039,V0234,Creatinine,0.96,0.6,1.3,2025-03-06
L01171,SUBJ040,V0235,ALT,5.84,7.0,56.0,2025-01-27
L01172,SUBJ040,V0235,AST,26.87,10.0,40.0,2025-01-27
L01173,SUBJ040,V0235,Hemoglobin,12.76,12.0,16.0,2025-01-27
L01174,SUBJ040,V0235,WBC,8.26,4.0,11.0,2025-01-27
L01175,SUBJ040,V0235,Creatinine,0.8,0.6,1.3,2025-01-27
L01176,SUBJ040,V0236,ALT,30.82,7.0,56.0,2025-02-03
L01177,SUBJ040,V0236,AST,22.77,10.0,40.0,2025-02-03
L01178,SUBJ040,V0236,Hemoglobin,19.19,12.0,16.0,2025-02-03
L01179,SUBJ040,V0236,WBC,6.99,4.0,11.0,2025-02-03
L01180,SUBJ040,V0236,Creatinine,0.68,0.6,1.3,2025-02-03
L01181,SUBJ040,V0237,ALT,30.91,7.0,56.0,2025-02-13
L01182,SUBJ040,V0237,AST,28.62,10.0,40.0,2025-02-13
L01183,SUBJ040,V0237,Hemoglobin,10.59,12.0,16.0,2025-02-13
L01184,SUBJ040,V0237,WBC,9.2,4.0,11.0,2025-02-13
L01185,SUBJ040,V0237,Creatinine,0.87,0.6,1.3,2025-02-13
L01186,SUBJ040,V0238,ALT,37.83,7.0,56.0,2025-02-21
L01187,SUBJ040,V0238,AST,36.63,10.0,40.0,2025-02-21
L01188,SUBJ040,V0238,Hemoglobin,13.14,12.0,16.0,2025-02-21
L01189,SUBJ040,V0238,WBC,4.28,4.0,11.0,2025-02-21
L01190,SUBJ040,V0238,Creatinine,1.28,0.6,1.3,2025-02-21
L01191,SUBJ040,V0239,ALT,,7.0,56.0,2025-02-28
L01192,SUBJ040,V0239,AST,22.28,10.0,40.0,2025-02-28
L01193,SUBJ040,V0239,Hemoglobin,,12.0,16.0,2025-02-28
L01194,SUBJ040,V0239,WBC,8.97,4.0,11.0,2025-02-28
L01195,SUBJ040,V0239,Creatinine,1.04,0.6,1.3,2025-02-28
L01196,SUBJ040,V0240,ALT,18.3,7.0,56.0,2025-03-07
L01197,SUBJ040,V0240,AST,20.44,10.0,40.0,2025-03-07
L01198,SUBJ040,V0240,Hemoglobin,19.15,12.0,16.0,2025-03-07
L01199,SUBJ040,V0240,WBC,5.62,4.0,11.0,2025-03-07
L01200,SUBJ040,V0240,Creatinine,0.9,0.6,1.3,2025-03-07
L01201,SUBJ041,V0241,ALT,17.51,7.0,56.0,2025-02-17
L01202,SUBJ041,V0241,AST,12.79,10.0,40.0,2025-02-17
L01203,SUBJ041,V0241,Hemoglobin,12.69,12.0,16.0,2025-02-17
L01204,SUBJ041,V0241,WBC,7.7,4.0,11.0,2025-02-17
L01205,SUBJ041,V0241,Creatinine,0.68,0.6,1.3,2025-02-17
L01206,SUBJ041,V0242,ALT,43.04,7.0,56.0,2025-02-25
L01207,SUBJ041,V0242,AST,27.76,10.0,40.0,2025-02-25
L01208,SUBJ041,V0242,Hemoglobin,14.16,12.0,16.0,2025-02-25
L01209,SUBJ041,V0242,WBC,8.66,4.0,11.0,2025-02-25
L01210,SUBJ041,V0242,Creatinine,0.62,0.6,1.3,2025-02-25
L01211,SUBJ041,V0243,ALT,15.86,7.0,56.0,2025-03-03
L01212,SUBJ041,V0243,AST,12.99,10.0,40.0,2025-03-03
L01213,SUBJ041,V0243,Hemoglobin,15.93,12.0,16.0,2025-03-03
L01214,SUBJ041,V0243,WBC,6.02,4.0,11.0,2025-03-03
L01215,SUBJ041,V0243,Creatinine,0.79,0.6,1.3,2025-03-03
L01216,SUBJ041,V0244,ALT,37.23,7.0,56.0,2025-03-13
L01217,SUBJ041,V0244,AST,33.76,10.0,40.0,2025-03-13
L01218,SUBJ041,V0244,Hemoglobin,14.49,12.0,16.0,2025-03-13
L01219,SUBJ041,V0244,WBC,4.74,4.0,11.0,2025-03-13
L01220,SUBJ041,V0244,Creatinine,1.01,0.6,1.3,2025-03-13
L01221,SUBJ041,V0245,ALT,16.89,7.0,56.0,2025-03-18
L01222,SUBJ041,V0245,AST,16.96,10.0,40.0,2025-03-18
L01223,SUBJ041,V0245,Hemoglobin,15.08,12.0,16.0,2025-03-18
L01224,SUBJ041,V0245,WBC,5.82,4.0,11.0,2025-03-18
L01225,SUBJ041,V0245,Creatinine,1.06,0.6,1.3,2025-03-18
L01226,SUBJ041,V0246,ALT,13.83,7.0,56.0,2025-03-25
L01227,SUBJ041,V0246,AST,20.57,10.0,40.0,2025-03-25
L01228,SUBJ041,V0246,Hemoglobin,14.66,12.0,16.0,2025-03-25
L01229,SUBJ041,V0246,WBC,16.57,4.0,11.0,2025-03-25
L01230,SUBJ041,V0246,Creatinine,1.14,0.6,1.3,2025-03-25
L01231,SUBJ042,V0247,ALT,,7.0,56.0,2025-03-24
L01232,SUBJ042,V0247,AST,13.44,10.0,40.0,2025-03-24
L01233,SUBJ042,V0247,Hemoglobin,15.62,12.0,16.0,2025-03-24
L01234,SUBJ042,V0247,WBC,4.51,4.0,11.0,2025-03-24
L01235,SUBJ042,V0247,Creatinine,0.94,0.6,1.3,2025-03-24
L01236,SUBJ042,V0248,ALT,8.45,7.0,56.0,2025-03-31
L01237,SUBJ042,V0248,AST,27.47,10.0,40.0,2025-03-31
L01238,SUBJ042,V0248,Hemoglobin,14.32,12.0,16.0,2025-03-31
L01239,SUBJ042,V0248,WBC,10.34,4.0,11.0,2025-03-31
L01240,SUBJ042,V0248,Creatinine,0.98,0.6,1.3,2025-03-31
L01241,SUBJ042,V0249,ALT,41.72,7.0,56.0,2025-04-10
L01242,SUBJ042,V0249,AST,36.02,10.0,40.0,2025-04-10
L01243,SUBJ042,V0249,Hemoglobin,13.22,12.0,16.0,2025-04-10
L01244,SUBJ042,V0249,WBC,9.48,4.0,11.0,2025-04-10
L01245,SUBJ042,V0249,Creatinine,0.89,0.6,1.3,2025-04-10
L01246,SUBJ042,V0250,ALT,65.0,7.0,56.0,2025-04-13
L01247,SUBJ042,V0250,AST,33.45,10.0,40.0,2025-04-13
L01248,SUBJ042,V0250,Hemoglobin,12.87,12.0,16.0,2025-04-13
L01249,SUBJ042,V0250,WBC,7.9,4.0,11.0,2025-04-13
L01250,SUBJ042,V0250,Creatinine,0.7,0.6,1.3,2025-04-13
L01251,SUBJ042,V0251,ALT,60.64,7.0,56.0,2025-04-24
L01252,SUBJ042,V0251,AST,15.23,10.0,40.0,2025-04-24
L01253,SUBJ042,V0251,Hemoglobin,15.57,12.0,16.0,2025-04-24
L01254,SUBJ042,V0251,WBC,,4.0,11.0,2025-04-24
L01255,SUBJ042,V0251,Creatinine,1.1,0.6,1.3,2025-04-24
L01256,SUBJ042,V0252,ALT,11.63,7.0,56.0,2025-04-30
L01257,SUBJ042,V0252,AST,36.75,10.0,40.0,2025-04-30
L01258,SUBJ042,V0252,Hemoglobin,15.79,12.0,16.0,2025-04-30
L01259,SUBJ042,V0252,WBC,10.25,4.0,11.0,2025-04-30
L01260,SUBJ042,V0252,Creatinine,1.26,0.6,1.3,2025-04-30
L01261,SUBJ043,V0253,ALT,42.29,7.0,56.0,2025-01-19
L01262,SUBJ043,V0253,AST,15.44,10.0,40.0,2025-01-19
L01263,SUBJ043,V0253,Hemoglobin,,12.0,16.0,2025-01-19
L01264,SUBJ043,V0253,WBC,8.32,4.0,11.0,2025-01-19
L01265,SUBJ043,V0253,Creatinine,0.65,0.6,1.3,2025-01-19
L01266,SUBJ043,V0254,ALT,37.79,7.0,56.0,2025-01-25
L01267,SUBJ043,V0254,AST,14.5,10.0,40.0,2025-01-25
L01268,SUBJ043,V0254,Hemoglobin,19.38,12.0,16.0,2025-01-25
L01269,SUBJ043,V0254,WBC,10.14,4.0,11.0,2025-01-25
L01270,SUBJ043,V0254,Creatinine,1.12,0.6,1.3,2025-01-25
L01271,SUBJ043,V0255,ALT,19.38,7.0,56.0,2025-02-03
L01272,SUBJ043,V0255,AST,35.92,10.0,40.0,2025-02-03
L01273,SUBJ043,V0255,Hemoglobin,15.14,12.0,16.0,2025-02-03
L01274,SUBJ043,V0255,WBC,,4.0,11.0,2025-02-03
L01275,SUBJ043,V0255,Creatinine,0.73,0.6,1.3,2025-02-03
L01276,SUBJ043,V0256,ALT,60.43,7.0,56.0,2025-02-08
L01277,SUBJ043,V0256,AST,13.22,10.0,40.0,2025-02-08
L01278,SUBJ043,V0256,Hemoglobin,15.85,12.0,16.0,2025-02-08
L01279,SUBJ043,V0256,WBC,5.76,4.0,11.0,2025-02-08
L01280,SUBJ043,V0256,Creatinine,1.08,0.6,1.3,2025-02-08
L01281,SUBJ043,V0257,ALT,10.42,7.0,56.0,2025-02-13
L01282,SUBJ043,V0257,AST,13.02,10.0,40.0,2025-02-13
L01283,SUBJ043,V0257,Hemoglobin,14.85,12.0,16.0,2025-02-13
L01284,SUBJ043,V0257,WBC,8.68,4.0,11.0,2025-02-13
L01285,SUBJ043,V0257,Creatinine,0.93,0.6,1.3,2025-02-13
L01286,SUBJ043,V0258,ALT,64.62,7.0,56.0,2025-02-22
L01287,SUBJ043,V0258,AST,,10.0,40.0,2025-02-22
L01288,SUBJ043,V0258,Hemoglobin,14.55,12.0,16.0,2025-02-22
L01289,SUBJ043,V0258,WBC,8.07,4.0,11.0,2025-02-22
L01290,SUBJ043,V0258,Creatinine,0.69,0.6,1.3,2025-02-22
L01291,SUBJ044,V0259,ALT,52.52,7.0,56.0,2025-03-22
L01292,SUBJ044,V0259,AST,24.84,10.0,40.0,2025-03-22
L01293,SUBJ044,V0259,Hemoglobin,14.6,12.0,16.0,2025-03-22
L01294,SUBJ044,V0259,WBC,5.93,4.0,11.0,2025-03-22
L01295,SUBJ044,V0259,Creatinine,0.94,0.6,1.3,2025-03-22
L01296,SUBJ044,V0260,ALT,11.7,7.0,56.0,2025-03-30
L01297,SUBJ044,V0260,AST,,10.0,40.0,2025-03-30
L01298,SUBJ044,V0260,Hemoglobin,15.79,12.0,16.0,2025-03-30
L01299,SUBJ044,V0260,WBC,6.33,4.0,11.0,2025-03-30
L01300,SUBJ044,V0260,Creatinine,1.17,0.6,1.3,2025-03-30
L01301,SUBJ044,V0261,ALT,22.06,7.0,56.0,2025-04-06
L01302,SUBJ044,V0261,AST,17.72,10.0,40.0,2025-04-06
L01303,SUBJ044,V0261,Hemoglobin,13.39,12.0,16.0,2025-04-06
L01304,SUBJ044,V0261,WBC,,4.0,11.0,2025-04-06
L01305,SUBJ044,V0261,Creatinine,1.13,0.6,1.3,2025-04-06
L01306,SUBJ044,V0262,ALT,34.63,7.0,56.0,2025-04-12
L01307,SUBJ044,V0262,AST,,10.0,40.0,2025-04-12
L01308,SUBJ044,V0262,Hemoglobin,12.58,12.0,16.0,2025-04-12
L01309,SUBJ044,V0262,WBC,4.39,4.0,11.0,2025-04-12
L01310,SUBJ044,V0262,Creatinine,1.22,0.6,1.3,2025-04-12
L01311,SUBJ044,V0263,ALT,35.19,7.0,56.0,2025-04-22
L01312,SUBJ044,V0263,AST,15.05,10.0,40.0,2025-04-22
L01313,SUBJ044,V0263,Hemoglobin,12.19,12.0,16.0,2025-04-22
L01314,SUBJ044,V0263,WBC,9.79,4.0,11.0,2025-04-22
L01315,SUBJ044,V0263,Creatinine,0.75,0.6,1.3,2025-04-22
L01316,SUBJ044,V0264,ALT,34.64,7.0,56.0,2025-04-28
L01317,SUBJ044,V0264,AST,,10.0,40.0,2025-04-28
L01318,SUBJ044,V0264,Hemoglobin,20.77,12.0,16.0,2025-04-28
L01319,SUBJ044,V0264,WBC,5.31,4.0,11.0,2025-04-28
L01320,SUBJ044,V0264,Creatinine,1.19,0.6,1.3,2025-04-28
L01321,SUBJ045,V0265,ALT,53.86,7.0,56.0,2025-01-13
L01322,SUBJ045,V0265,AST,15.82,10.0,40.0,2025-01-13
L01323,SUBJ045,V0265,Hemoglobin,12.85,12.0,16.0,2025-01-13
L01324,SUBJ045,V0265,WBC,7.14,4.0,11.0,2025-01-13
L01325,SUBJ045,V0265,Creatinine,1.22,0.6,1.3,2025-01-13
L01326,SUBJ045,V0266,ALT,8.33,7.0,56.0,2025-01-23
L01327,SUBJ045,V0266,AST,8.57,10.0,40.0,2025-01-23
L01328,SUBJ045,V0266,Hemoglobin,13.84,12.0,16.0,2025-01-23
L01329,SUBJ045,V0266,WBC,4.54,4.0,11.0,2025-01-23
L01330,SUBJ045,V0266,Creatinine,0.97,0.6,1.3,2025-01-23
L01331,SUBJ045,V0267,ALT,10.3,7.0,56.0,2025-01-27
L01332,SUBJ045,V0267,AST,11.82,10.0,40.0,2025-01-27
L01333,SUBJ045,V0267,Hemoglobin,12.3,12.0,16.0,2025-01-27
L01334,SUBJ045,V0267,WBC,5.24,4.0,11.0,2025-01-27
L01335,SUBJ045,V0267,Creatinine,0.95,0.6,1.3,2025-01-27
L01336,SUBJ045,V0268,ALT,46.69,7.0,56.0,2025-02-04
L01337,SUBJ045,V0268,AST,39.91,10.0,40.0,2025-02-04
L01338,SUBJ045,V0268,Hemoglobin,15.25,12.0,16.0,2025-02-04
L01339,SUBJ045,V0268,WBC,4.68,4.0,11.0,2025-02-04
L01340,SUBJ045,V0268,Creatinine,1.29,0.6,1.3,2025-02-04
L01341,SUBJ045,V0269,ALT,29.34,7.0,56.0,2025-02-13
L01342,SUBJ045,V0269,AST,23.92,10.0,40.0,2025-02-13
L01343,SUBJ045,V0269,Hemoglobin,14.67,12.0,16.0,2025-02-13
L01344,SUBJ045,V0269,WBC,8.37,4.0,11.0,2025-02-13
L01345,SUBJ045,V0269,Creatinine,1.21,0.6,1.3,2025-02-13
L01346,SUBJ045,V0270,ALT,,7.0,56.0,2025-02-17
L01347,SUBJ045,V0270,AST,13.55,10.0,40.0,2025-02-17
L01348,SUBJ045,V0270,Hemoglobin,13.41,12.0,16.0,2025-02-17
L01349,SUBJ045,V0270,WBC,19.17,4.0,11.0,2025-02-17
L01350,SUBJ045,V0270,Creatinine,0.84,0.6,1.3,2025-02-17
L01351,SUBJ046,V0271,ALT,33.28,7.0,56.0,2025-02-18
L01352,SUBJ046,V0271,AST,31.4,10.0,40.0,2025-02-18
L01353,SUBJ046,V0271,Hemoglobin,12.51,12.0,16.0,2025-02-18
L01354,SUBJ046,V0271,WBC,6.97,4.0,11.0,2025-02-18
L01355,SUBJ046,V0271,Creatinine,0.71,0.6,1.3,2025-02-18
L01356,SUBJ046,V0272,ALT,55.9,7.0,56.0,2025-02-22
L01357,SUBJ046,V0272,AST,34.37,10.0,40.0,2025-02-22
L01358,SUBJ046,V0272,Hemoglobin,15.27,12.0,16.0,2025-02-22
L01359,SUBJ046,V0272,WBC,4.67,4.0,11.0,2025-02-22
L01360,SUBJ046,V0272,Creatinine,1.24,0.6,1.3,2025-02-22
L01361,SUBJ046,V0273,ALT,5.55,7.0,56.0,2025-02-28
L01362,SUBJ046,V0273,AST,8.73,10.0,40.0,2025-02-28
L01363,SUBJ046,V0273,Hemoglobin,9.52,12.0,16.0,2025-02-28
L01364,SUBJ046,V0273,WBC,4.33,4.0,11.0,2025-02-28
L01365,SUBJ046,V0273,Creatinine,0.88,0.6,1.3,2025-02-28
L01366,SUBJ046,V0274,ALT,12.42,7.0,56.0,2025-03-08
L01367,SUBJ046,V0274,AST,13.94,10.0,40.0,2025-03-08
L01368,SUBJ046,V0274,Hemoglobin,15.1,12.0,16.0,2025-03-08
L01369,SUBJ046,V0274,WBC,7.5,4.0,11.0,2025-03-08
L01370,SUBJ046,V0274,Creatinine,-1.39,0.6,1.3,2025-03-08
L01371,SUBJ046,V0275,ALT,9.92,7.0,56.0,2025-03-15
L01372,SUBJ046,V0275,AST,,10.0,40.0,2025-03-15
L01373,SUBJ046,V0275,Hemoglobin,15.09,12.0,16.0,2025-03-15
L01374,SUBJ046,V0275,WBC,10.33,4.0,11.0,2025-03-15
L01375,SUBJ046,V0275,Creatinine,0.63,0.6,1.3,2025-03-15
L01376,SUBJ046,V0276,ALT,9.47,7.0,56.0,2025-03-22
L01377,SUBJ046,V0276,AST,17.91,10.0,40.0,2025-03-22
L01378,SUBJ046,V0276,Hemoglobin,12.21,12.0,16.0,2025-03-22
L01379,SUBJ046,V0276,WBC,4.9,4.0,11.0,2025-03-22
L01380,SUBJ046,V0276,Creatinine,0.8,0.6,1.3,2025-03-22
L01381,SUBJ047,V0277,ALT,26.74,7.0,56.0,2025-03-05
L01382,SUBJ047,V0277,AST,17.08,10.0,40.0,2025-03-05
L01383,SUBJ047,V0277,Hemoglobin,15.03,12.0,16.0,2025-03-05
L01384,SUBJ047,V0277,WBC,1.14,4.0,11.0,2025-03-05
L01385,SUBJ047,V0277,Creatinine,0.72,0.6,1.3,2025-03-05
L01386,SUBJ047,V0278,ALT,50.2,7.0,56.0,2025-03-12
L01387,SUBJ047,V0278,AST,23.81,10.0,40.0,2025-03-12
L01388,SUBJ047,V0278,Hemoglobin,14.79,12.0,16.0,2025-03-12
L01389,SUBJ047,V0278,WBC,5.64,4.0,11.0,2025-03-12
L01390,SUBJ047,V0278,Creatinine,1.28,0.6,1.3,2025-03-12
L01391,SUBJ047,V0279,ALT,20.71,7.0,56.0,2025-03-19
L01392,SUBJ047,V0279,AST,22.82,10.0,40.0,2025-03-19
L01393,SUBJ047,V0279,Hemoglobin,15.37,12.0,16.0,2025-03-19
L01394,SUBJ047,V0279,WBC,5.89,4.0,11.0,2025-03-19
L01395,SUBJ047,V0279,Creatinine,1.26,0.6,1.3,2025-03-19
L01396,SUBJ047,V0280,ALT,46.22,7.0,56.0,2025-03-23
L01397,SUBJ047,V0280,AST,10.2,10.0,40.0,2025-03-23
L01398,SUBJ047,V0280,Hemoglobin,15.93,12.0,16.0,2025-03-23
L01399,SUBJ047,V0280,WBC,6.28,4.0,11.0,2025-03-23
L01400,SUBJ047,V0280,Creatinine,0.68,0.6,1.3,2025-03-23
L01401,SUBJ047,V0281,ALT,52.52,7.0,56.0,2025-03-29
L01402,SUBJ047,V0281,AST,16.2,10.0,40.0,2025-03-29
L01403,SUBJ047,V0281,Hemoglobin,14.42,12.0,16.0,2025-03-29
L01404,SUBJ047,V0281,WBC,10.33,4.0,11.0,2025-03-29
L01405,SUBJ047,V0281,Creatinine,1.29,0.6,1.3,2025-03-29
L01406,SUBJ047,V0282,ALT,47.27,7.0,56.0,2025-04-08
L01407,SUBJ047,V0282,AST,18.38,10.0,40.0,2025-04-08
L01408,SUBJ047,V0282,Hemoglobin,13.87,12.0,16.0,2025-04-08
L01409,SUBJ047,V0282,WBC,4.21,4.0,11.0,2025-04-08
L01410,SUBJ047,V0282,Creatinine,0.87,0.6,1.3,2025-04-08
L01411,SUBJ048,V0283,ALT,8.48,7.0,56.0,2025-03-20
L01412,SUBJ048,V0283,AST,31.68,10.0,40.0,2025-03-20
L01413,SUBJ048,V0283,Hemoglobin,15.19,12.0,16.0,2025-03-20
L01414,SUBJ048,V0283,WBC,5.98,4.0,11.0,2025-03-20
L01415,SUBJ048,V0283,Creatinine,0.8,0.6,1.3,2025-03-20
L01416,SUBJ048,V0284,ALT,50.08,7.0,56.0,2025-03-26
L01417,SUBJ048,V0284,AST,18.36,10.0,40.0,2025-03-26
L01418,SUBJ048,V0284,Hemoglobin,13.37,12.0,16.0,2025-03-26
L01419,SUBJ048,V0284,WBC,6.13,4.0,11.0,2025-03-26
L01420,SUBJ048,V0284,Creatinine,0.66,0.6,1.3,2025-03-26
L01421,SUBJ048,V0285,ALT,49.08,7.0,56.0,2025-04-03
L01422,SUBJ048,V0285,AST,15.25,10.0,40.0,2025-04-03
L01423,SUBJ048,V0285,Hemoglobin,12.88,12.0,16.0,2025-04-03
L01424,SUBJ048,V0285,WBC,9.0,4.0,11.0,2025-04-03
L01425,SUBJ048,V0285,Creatinine,1.11,0.6,1.3,2025-04-03
L01426,SUBJ048,V0286,ALT,11.98,7.0,56.0,2025-04-07
L01427,SUBJ048,V0286,AST,18.58,10.0,40.0,2025-04-07
L01428,SUBJ048,V0286,Hemoglobin,12.17,12.0,16.0,2025-04-07
L01429,SUBJ048,V0286,WBC,6.65,4.0,11.0,2025-04-07
L01430,SUBJ048,V0286,Creatinine,3.41,0.6,1.3,2025-04-07
L01431,SUBJ048,V0287,ALT,45.06,7.0,56.0,2025-04-14
L01432,SUBJ048,V0287,AST,21.7,10.0,40.0,2025-04-14
L01433,SUBJ048,V0287,Hemoglobin,15.11,12.0,16.0,2025-04-14
L01434,SUBJ048,V0287,WBC,7.15,4.0,11.0,2025-04-14
L01435,SUBJ048,V0287,Creatinine,0.97,0.6,1.3,2025-04-14
L01436,SUBJ048,V0288,ALT,40.44,7.0,56.0,2025-04-22
L01437,SUBJ048,V0288,AST,43.71,10.0,40.0,2025-04-22
L01438,SUBJ048,V0288,Hemoglobin,15.75,12.0,16.0,2025-04-22
L01439,SUBJ048,V0288,WBC,4.02,4.0,11.0,2025-04-22
L01440,SUBJ048,V0288,Creatinine,0.8,0.6,1.3,2025-04-22
L01441,SUBJ049,V0289,ALT,32.6,7.0,56.0,2025-02-08
L01442,SUBJ049,V0289,AST,35.74,10.0,40.0,2025-02-08
L01443,SUBJ049,V0289,Hemoglobin,12.12,12.0,16.0,2025-02-08
L01444,SUBJ049,V0289,WBC,8.81,4.0,11.0,2025-02-08
L01445,SUBJ049,V0289,Creatinine,0.62,0.6,1.3,2025-02-08
L01446,SUBJ049,V0290,ALT,39.3,7.0,56.0,2025-02-14
L01447,SUBJ049,V0290,AST,34.34,10.0,40.0,2025-02-14
L01448,SUBJ049,V0290,Hemoglobin,21.17,12.0,16.0,2025-02-14
L01449,SUBJ049,V0290,WBC,7.64,4.0,11.0,2025-02-14
L01450,SUBJ049,V0290,Creatinine,1.26,0.6,1.3,2025-02-14
L01451,SUBJ049,V0291,ALT,9.63,7.0,56.0,2025-02-21
L01452,SUBJ049,V0291,AST,16.1,10.0,40.0,2025-02-21
L01453,SUBJ049,V0291,Hemoglobin,15.07,12.0,16.0,2025-02-21
L01454,SUBJ049,V0291,WBC,10.4,4.0,11.0,2025-02-21
L01455,SUBJ049,V0291,Creatinine,1.3,0.6,1.3,2025-02-21
L01456,SUBJ049,V0292,ALT,34.5,7.0,56.0,2025-02-27
L01457,SUBJ049,V0292,AST,22.08,10.0,40.0,2025-02-27
L01458,SUBJ049,V0292,Hemoglobin,12.36,12.0,16.0,2025-02-27
L01459,SUBJ049,V0292,WBC,4.89,4.0,11.0,2025-02-27
L01460,SUBJ049,V0292,Creatinine,0.78,0.6,1.3,2025-02-27
L01461,SUBJ049,V0293,ALT,7.89,7.0,56.0,2025-03-07
L01462,SUBJ049,V0293,AST,35.56,10.0,40.0,2025-03-07
L01463,SUBJ049,V0293,Hemoglobin,15.25,12.0,16.0,2025-03-07
L01464,SUBJ049,V0293,WBC,7.76,4.0,11.0,2025-03-07
L01465,SUBJ049,V0293,Creatinine,1.03,0.6,1.3,2025-03-07
L01466,SUBJ049,V0294,ALT,50.53,7.0,56.0,2025-03-13
L01467,SUBJ049,V0294,AST,7.99,10.0,40.0,2025-03-13
L01468,SUBJ049,V0294,Hemoglobin,12.89,12.0,16.0,2025-03-13
L01469,SUBJ049,V0294,WBC,6.37,4.0,11.0,2025-03-13
L01470,SUBJ049,V0294,Creatinine,0.96,0.6,1.3,2025-03-13
L01471,SUBJ050,V0295,ALT,37.66,7.0,56.0,2025-02-14
L01472,SUBJ050,V0295,AST,42.67,10.0,40.0,2025-02-14
L01473,SUBJ050,V0295,Hemoglobin,12.12,12.0,16.0,2025-02-14
L01474,SUBJ050,V0295,WBC,6.53,4.0,11.0,2025-02-14
L01475,SUBJ050,V0295,Creatinine,1.28,0.6,1.3,2025-02-14
L01476,SUBJ050,V0296,ALT,33.02,7.0,56.0,2025-02-18
L01477,SUBJ050,V0296,AST,37.98,10.0,40.0,2025-02-18
L01478,SUBJ050,V0296,Hemoglobin,12.62,12.0,16.0,2025-02-18
L01479,SUBJ050,V0296,WBC,6.36,4.0,11.0,2025-02-18
L01480,SUBJ050,V0296,Creatinine,0.98,0.6,1.3,2025-02-18
L01481,SUBJ050,V0297,ALT,8.23,7.0,56.0,2025-02-27
L01482,SUBJ050,V0297,AST,23.99,10.0,40.0,2025-02-27
L01483,SUBJ050,V0297,Hemoglobin,15.55,12.0,16.0,2025-02-27
L01484,SUBJ050,V0297,WBC,5.65,4.0,11.0,2025-02-27
L01485,SUBJ050,V0297,Creatinine,1.1,0.6,1.3,2025-02-27
L01486,SUBJ050,V0298,ALT,54.24,7.0,56.0,2025-03-07
L01487,SUBJ050,V0298,AST,10.01,10.0,40.0,2025-03-07
L01488,SUBJ050,V0298,Hemoglobin,13.47,12.0,16.0,2025-03-07
L01489,SUBJ050,V0298,WBC,7.59,4.0,11.0,2025-03-07
L01490,SUBJ050,V0298,Creatinine,-1.48,0.6,1.3,2025-03-07
L01491,SUBJ050,V0299,ALT,57.31,7.0,56.0,2025-03-15
L01492,SUBJ050,V0299,AST,45.29,10.0,40.0,2025-03-15
L01493,SUBJ050,V0299,Hemoglobin,12.17,12.0,16.0,2025-03-15
L01494,SUBJ050,V0299,WBC,6.59,4.0,11.0,2025-03-15
L01495,SUBJ050,V0299,Creatinine,,0.6,1.3,2025-03-15
L01496,SUBJ050,V0300,ALT,25.99,7.0,56.0,2025-03-21
L01497,SUBJ050,V0300,AST,33.88,10.0,40.0,2025-03-21
L01498,SUBJ050,V0300,Hemoglobin,13.22,12.0,16.0,2025-03-21
L01499,SUBJ050,V0300,WBC,9.65,4.0,11.0,2025-03-21
L01500,SUBJ050,V0300,Creatinine,1.02,0.6,1.3,2025-03-21
L01501,SUBJ051,V0301,ALT,43.05,7.0,56.0,2025-02-17
L01502,SUBJ051,V0301,AST,33.4,10.0,40.0,2025-02-17
L01503,SUBJ051,V0301,Hemoglobin,14.16,12.0,16.0,2025-02-17
L01504,SUBJ051,V0301,WBC,9.34,4.0,11.0,2025-02-17
L01505,SUBJ051,V0301,Creatinine,0.97,0.6,1.3,2025-02-17
L01506,SUBJ051,V0302,ALT,20.32,7.0,56.0,2025-02-22
L01507,SUBJ051,V0302,AST,13.51,10.0,40.0,2025-02-22
L01508,SUBJ051,V0302,Hemoglobin,15.93,12.0,16.0,2025-02-22
L01509,SUBJ051,V0302,WBC,5.52,4.0,11.0,2025-02-22
L01510,SUBJ051,V0302,Creatinine,1.25,0.6,1.3,2025-02-22
L01511,SUBJ051,V0303,ALT,49.34,7.0,56.0,2025-03-01
L01512,SUBJ051,V0303,AST,24.0,10.0,40.0,2025-03-01
L01513,SUBJ051,V0303,Hemoglobin,,12.0,16.0,2025-03-01
L01514,SUBJ051,V0303,WBC,1.86,4.0,11.0,2025-03-01
L01515,SUBJ051,V0303,Creatinine,0.64,0.6,1.3,2025-03-01
L01516,SUBJ051,V0304,ALT,40.71,7.0,56.0,2025-03-09
L01517,SUBJ051,V0304,AST,20.3,10.0,40.0,2025-03-09
L01518,SUBJ051,V0304,Hemoglobin,13.92,12.0,16.0,2025-03-09
L01519,SUBJ051,V0304,WBC,8.83,4.0,11.0,2025-03-09
L01520,SUBJ051,V0304,Creatinine,0.8,0.6,1.3,2025-03-09
L01521,SUBJ051,V0305,ALT,25.75,7.0,56.0,2025-03-16
L01522,SUBJ051,V0305,AST,15.06,10.0,40.0,2025-03-16
L01523,SUBJ051,V0305,Hemoglobin,13.55,12.0,16.0,2025-03-16
L01524,SUBJ051,V0305,WBC,7.8,4.0,11.0,2025-03-16
L01525,SUBJ051,V0305,Creatinine,11.04,0.6,1.3,2025-03-16
L01526,SUBJ051,V0306,ALT,26.42,7.0,56.0,2025-03-23
L01527,SUBJ051,V0306,AST,24.44,10.0,40.0,2025-03-23
L01528,SUBJ051,V0306,Hemoglobin,12.8,12.0,16.0,2025-03-23
L01529,SUBJ051,V0306,WBC,5.18,4.0,11.0,2025-03-23
L01530,SUBJ051,V0306,Creatinine,1.05,0.6,1.3,2025-03-23
L01531,SUBJ052,V0307,ALT,23.02,7.0,56.0,2025-03-02
L01532,SUBJ052,V0307,AST,29.25,10.0,40.0,2025-03-02
L01533,SUBJ052,V0307,Hemoglobin,14.18,12.0,16.0,2025-03-02
L01534,SUBJ052,V0307,WBC,5.9,4.0,11.0,2025-03-02
L01535,SUBJ052,V0307,Creatinine,0.91,0.6,1.3,2025-03-02
L01536,SUBJ052,V0308,ALT,20.05,7.0,56.0,2025-03-06
L01537,SUBJ052,V0308,AST,32.07,10.0,40.0,2025-03-06
L01538,SUBJ052,V0308,Hemoglobin,13.62,12.0,16.0,2025-03-06
L01539,SUBJ052,V0308,WBC,5.02,4.0,11.0,2025-03-06
L01540,SUBJ052,V0308,Creatinine,1.29,0.6,1.3,2025-03-06
L01541,SUBJ052,V0309,ALT,44.11,7.0,56.0,2025-03-13
L01542,SUBJ052,V0309,AST,10.9,10.0,40.0,2025-03-13
L01543,SUBJ052,V0309,Hemoglobin,15.21,12.0,16.0,2025-03-13
L01544,SUBJ052,V0309,WBC,4.26,4.0,11.0,2025-03-13
L01545,SUBJ052,V0309,Creatinine,0.97,0.6,1.3,2025-03-13
L01546,SUBJ052,V0310,ALT,59.81,7.0,56.0,2025-03-22
L01547,SUBJ052,V0310,AST,37.23,10.0,40.0,2025-03-22
L01548,SUBJ052,V0310,Hemoglobin,12.56,12.0,16.0,2025-03-22
L01549,SUBJ052,V0310,WBC,5.45,4.0,11.0,2025-03-22
L01550,SUBJ052,V0310,Creatinine,1.07,0.6,1.3,2025-03-22
L01551,SUBJ052,V0311,ALT,8.69,7.0,56.0,2025-03-29
L01552,SUBJ052,V0311,AST,20.97,10.0,40.0,2025-03-29
L01553,SUBJ052,V0311,Hemoglobin,14.22,12.0,16.0,2025-03-29
L01554,SUBJ052,V0311,WBC,4.89,4.0,11.0,2025-03-29
L01555,SUBJ052,V0311,Creatinine,0.94,0.6,1.3,2025-03-29
L01556,SUBJ052,V0312,ALT,25.02,7.0,56.0,2025-04-05
L01557,SUBJ052,V0312,AST,18.81,10.0,40.0,2025-04-05
L01558,SUBJ052,V0312,Hemoglobin,13.57,12.0,16.0,2025-04-05
L01559,SUBJ052,V0312,WBC,4.9,4.0,11.0,2025-04-05
L01560,SUBJ052,V0312,Creatinine,1.15,0.6,1.3,2025-04-05
L01561,SUBJ053,V0313,ALT,21.92,7.0,56.0,2025-01-26
L01562,SUBJ053,V0313,AST,22.34,10.0,40.0,2025-01-26
L01563,SUBJ053,V0313,Hemoglobin,15.8,12.0,16.0,2025-01-26
L01564,SUBJ053,V0313,WBC,2.66,4.0,11.0,2025-01-26
L01565,SUBJ053,V0313,Creatinine,1.29,0.6,1.3,2025-01-26
L01566,SUBJ053,V0314,ALT,19.08,7.0,56.0,2025-02-03
L01567,SUBJ053,V0314,AST,15.12,10.0,40.0,2025-02-03
L01568,SUBJ053,V0314,Hemoglobin,15.72,12.0,16.0,2025-02-03
L01569,SUBJ053,V0314,WBC,6.67,4.0,11.0,2025-02-03
L01570,SUBJ053,V0314,Creatinine,0.79,0.6,1.3,2025-02-03
L01571,SUBJ053,V0315,ALT,22.71,7.0,56.0,2025-02-12
L01572,SUBJ053,V0315,AST,31.38,10.0,40.0,2025-02-12
L01573,SUBJ053,V0315,Hemoglobin,15.41,12.0,16.0,2025-02-12
L01574,SUBJ053,V0315,WBC,9.39,4.0,11.0,2025-02-12
L01575,SUBJ053,V0315,Creatinine,9.98,0.6,1.3,2025-02-12
L01576,SUBJ053,V0316,ALT,10.95,7.0,56.0,2025-02-18
L01577,SUBJ053,V0316,AST,19.76,10.0,40.0,2025-02-18
L01578,SUBJ053,V0316,Hemoglobin,13.04,12.0,16.0,2025-02-18
L01579,SUBJ053,V0316,WBC,2.05,4.0,11.0,2025-02-18
L01580,SUBJ053,V0316,Creatinine,0.6,0.6,1.3,2025-02-18
L01581,SUBJ053,V0317,ALT,39.84,7.0,56.0,2025-02-23
L01582,SUBJ053,V0317,AST,35.92,10.0,40.0,2025-02-23
L01583,SUBJ053,V0317,Hemoglobin,14.7,12.0,16.0,2025-02-23
L01584,SUBJ053,V0317,WBC,9.47,4.0,11.0,2025-02-23
L01585,SUBJ053,V0317,Creatinine,1.09,0.6,1.3,2025-02-23
L01586,SUBJ053,V0318,ALT,41.99,7.0,56.0,2025-03-04
L01587,SUBJ053,V0318,AST,18.03,10.0,40.0,2025-03-04
L01588,SUBJ053,V0318,Hemoglobin,14.5,12.0,16.0,2025-03-04
L01589,SUBJ053,V0318,WBC,8.04,4.0,11.0,2025-03-04
L01590,SUBJ053,V0318,Creatinine,1.17,0.6,1.3,2025-03-04
L01591,SUBJ054,V0319,ALT,10.46,7.0,56.0,2025-01-20
L01592,SUBJ054,V0319,AST,41.85,10.0,40.0,2025-01-20
L01593,SUBJ054,V0319,Hemoglobin,24.44,12.0,16.0,2025-01-20
L01594,SUBJ054,V0319,WBC,7.72,4.0,11.0,2025-01-20
L01595,SUBJ054,V0319,Creatinine,0.71,0.6,1.3,2025-01-20
L01596,SUBJ054,V0320,ALT,18.07,7.0,56.0,2025-01-28
L01597,SUBJ054,V0320,AST,26.13,10.0,40.0,2025-01-28
L01598,SUBJ054,V0320,Hemoglobin,10.55,12.0,16.0,2025-01-28
L01599,SUBJ054,V0320,WBC,6.81,4.0,11.0,2025-01-28
L01600,SUBJ054,V0320,Creatinine,0.63,0.6,1.3,2025-01-28
L01601,SUBJ054,V0321,ALT,22.21,7.0,56.0,2025-01-31
L01602,SUBJ054,V0321,AST,,10.0,40.0,2025-01-31
L01603,SUBJ054,V0321,Hemoglobin,13.04,12.0,16.0,2025-01-31
L01604,SUBJ054,V0321,WBC,9.26,4.0,11.0,2025-01-31
L01605,SUBJ054,V0321,Creatinine,1.07,0.6,1.3,2025-01-31
L01606,SUBJ054,V0322,ALT,18.33,7.0,56.0,2025-02-11
L01607,SUBJ054,V0322,AST,23.94,10.0,40.0,2025-02-11
L01608,SUBJ054,V0322,Hemoglobin,12.91,12.0,16.0,2025-02-11
L01609,SUBJ054,V0322,WBC,,4.0,11.0,2025-02-11
L01610,SUBJ054,V0322,Creatinine,8.8,0.6,1.3,2025-02-11
L01611,SUBJ054,V0323,ALT,44.86,7.0,56.0,2025-02-17
L01612,SUBJ054,V0323,AST,10.63,10.0,40.0,2025-02-17
L01613,SUBJ054,V0323,Hemoglobin,12.52,12.0,16.0,2025-02-17
L01614,SUBJ054,V0323,WBC,9.06,4.0,11.0,2025-02-17
L01615,SUBJ054,V0323,Creatinine,1.27,0.6,1.3,2025-02-17
L01616,SUBJ054,V0324,ALT,7.95,7.0,56.0,2025-02-23
L01617,SUBJ054,V0324,AST,45.58,10.0,40.0,2025-02-23
L01618,SUBJ054,V0324,Hemoglobin,9.02,12.0,16.0,2025-02-23
L01619,SUBJ054,V0324,WBC,,4.0,11.0,2025-02-23
L01620,SUBJ054,V0324,Creatinine,0.62,0.6,1.3,2025-02-23
L01621,SUBJ055,V0325,ALT,,7.0,56.0,2025-03-07
L01622,SUBJ055,V0325,AST,37.47,10.0,40.0,2025-03-07
L01623,SUBJ055,V0325,Hemoglobin,12.25,12.0,16.0,2025-03-07
L01624,SUBJ055,V0325,WBC,6.14,4.0,11.0,2025-03-07
L01625,SUBJ055,V0325,Creatinine,0.9,0.6,1.3,2025-03-07
L01626,SUBJ055,V0326,ALT,10.23,7.0,56.0,2025-03-14
L01627,SUBJ055,V0326,AST,20.44,10.0,40.0,2025-03-14
L01628,SUBJ055,V0326,Hemoglobin,12.46,12.0,16.0,2025-03-14
L01629,SUBJ055,V0326,WBC,9.4,4.0,11.0,2025-03-14
L01630,SUBJ055,V0326,Creatinine,1.07,0.6,1.3,2025-03-14
L01631,SUBJ055,V0327,ALT,43.89,7.0,56.0,2025-03-22
L01632,SUBJ055,V0327,AST,25.12,10.0,40.0,2025-03-22
L01633,SUBJ055,V0327,Hemoglobin,14.16,12.0,16.0,2025-03-22
L01634,SUBJ055,V0327,WBC,7.61,4.0,11.0,2025-03-22
L01635,SUBJ055,V0327,Creatinine,3.88,0.6,1.3,2025-03-22
L01636,SUBJ055,V0328,ALT,29.48,7.0,56.0,2025-03-29
L01637,SUBJ055,V0328,AST,21.86,10.0,40.0,2025-03-29
L01638,SUBJ055,V0328,Hemoglobin,13.85,12.0,16.0,2025-03-29
L01639,SUBJ055,V0328,WBC,5.0,4.0,11.0,2025-03-29
L01640,SUBJ055,V0328,Creatinine,,0.6,1.3,2025-03-29
L01641,SUBJ055,V0329,ALT,43.33,7.0,56.0,2025-04-03
L01642,SUBJ055,V0329,AST,14.88,10.0,40.0,2025-04-03
L01643,SUBJ055,V0329,Hemoglobin,12.83,12.0,16.0,2025-04-03
L01644,SUBJ055,V0329,WBC,7.79,4.0,11.0,2025-04-03
L01645,SUBJ055,V0329,Creatinine,,0.6,1.3,2025-04-03
L01646,SUBJ055,V0330,ALT,60.69,7.0,56.0,2025-04-11
L01647,SUBJ055,V0330,AST,17.94,10.0,40.0,2025-04-11
L01648,SUBJ055,V0330,Hemoglobin,14.63,12.0,16.0,2025-04-11
L01649,SUBJ055,V0330,WBC,8.86,4.0,11.0,2025-04-11
L01650,SUBJ055,V0330,Creatinine,4.33,0.6,1.3,2025-04-11
L01651,SUBJ056,V0331,ALT,42.87,7.0,56.0,2025-01-28
L01652,SUBJ056,V0331,AST,27.43,10.0,40.0,2025-01-28
L01653,SUBJ056,V0331,Hemoglobin,12.18,12.0,16.0,2025-01-28
L01654,SUBJ056,V0331,WBC,10.18,4.0,11.0,2025-01-28
L01655,SUBJ056,V0331,Creatinine,0.66,0.6,1.3,2025-01-28
L01656,SUBJ056,V0332,ALT,23.66,7.0,56.0,2025-02-05
L01657,SUBJ056,V0332,AST,30.17,10.0,40.0,2025-02-05
L01658,SUBJ056,V0332,Hemoglobin,15.33,12.0,16.0,2025-02-05
L01659,SUBJ056,V0332,WBC,7.06,4.0,11.0,2025-02-05
L01660,SUBJ056,V0332,Creatinine,0.63,0.6,1.3,2025-02-05
L01661,SUBJ056,V0333,ALT,53.79,7.0,56.0,2025-02-10
L01662,SUBJ056,V0333,AST,48.15,10.0,40.0,2025-02-10
L01663,SUBJ056,V0333,Hemoglobin,13.2,12.0,16.0,2025-02-10
L01664,SUBJ056,V0333,WBC,4.65,4.0,11.0,2025-02-10
L01665,SUBJ056,V0333,Creatinine,0.87,0.6,1.3,2025-02-10
L01666,SUBJ056,V0334,ALT,55.05,7.0,56.0,2025-02-18
L01667,SUBJ056,V0334,AST,,10.0,40.0,2025-02-18
L01668,SUBJ056,V0334,Hemoglobin,15.72,12.0,16.0,2025-02-18
L01669,SUBJ056,V0334,WBC,10.92,4.0,11.0,2025-02-18
L01670,SUBJ056,V0334,Creatinine,1.12,0.6,1.3,2025-02-18
L01671,SUBJ056,V0335,ALT,27.96,7.0,56.0,2025-02-27
L01672,SUBJ056,V0335,AST,11.71,10.0,40.0,2025-02-27
L01673,SUBJ056,V0335,Hemoglobin,14.1,12.0,16.0,2025-02-27
L01674,SUBJ056,V0335,WBC,7.26,4.0,11.0,2025-02-27
L01675,SUBJ056,V0335,Creatinine,1.09,0.6,1.3,2025-02-27
L01676,SUBJ056,V0336,ALT,37.12,7.0,56.0,2025-03-07
L01677,SUBJ056,V0336,AST,37.03,10.0,40.0,2025-03-07
L01678,SUBJ056,V0336,Hemoglobin,13.7,12.0,16.0,2025-03-07
L01679,SUBJ056,V0336,WBC,8.67,4.0,11.0,2025-03-07
L01680,SUBJ056,V0336,Creatinine,0.61,0.6,1.3,2025-03-07
L01681,SUBJ057,V0337,ALT,41.64,7.0,56.0,2025-02-11
L01682,SUBJ057,V0337,AST,34.65,10.0,40.0,2025-02-11
L01683,SUBJ057,V0337,Hemoglobin,15.74,12.0,16.0,2025-02-11
L01684,SUBJ057,V0337,WBC,7.35,4.0,11.0,2025-02-11
L01685,SUBJ057,V0337,Creatinine,0.91,0.6,1.3,2025-02-11
L01686,SUBJ057,V0338,ALT,55.56,7.0,56.0,2025-02-21
L01687,SUBJ057,V0338,AST,33.36,10.0,40.0,2025-02-21
L01688,SUBJ057,V0338,Hemoglobin,13.07,12.0,16.0,2025-02-21
L01689,SUBJ057,V0338,WBC,7.55,4.0,11.0,2025-02-21
L01690,SUBJ057,V0338,Creatinine,1.03,0.6,1.3,2025-02-21
L01691,SUBJ057,V0339,ALT,14.75,7.0,56.0,2025-02-27
L01692,SUBJ057,V0339,AST,42.39,10.0,40.0,2025-02-27
L01693,SUBJ057,V0339,Hemoglobin,12.43,12.0,16.0,2025-02-27
L01694,SUBJ057,V0339,WBC,9.49,4.0,11.0,2025-02-27
L01695,SUBJ057,V0339,Creatinine,0.72,0.6,1.3,2025-02-27
L01696,SUBJ057,V0340,ALT,33.64,7.0,56.0,2025-03-07
L01697,SUBJ057,V0340,AST,28.12,10.0,40.0,2025-03-07
L01698,SUBJ057,V0340,Hemoglobin,15.5,12.0,16.0,2025-03-07
L01699,SUBJ057,V0340,WBC,6.89,4.0,11.0,2025-03-07
L01700,SUBJ057,V0340,Creatinine,0.67,0.6,1.3,2025-03-07
L01701,SUBJ057,V0341,ALT,35.88,7.0,56.0,2025-03-10
L01702,SUBJ057,V0341,AST,13.45,10.0,40.0,2025-03-10
L01703,SUBJ057,V0341,Hemoglobin,12.57,12.0,16.0,2025-03-10
L01704,SUBJ057,V0341,WBC,4.71,4.0,11.0,2025-03-10
L01705,SUBJ057,V0341,Creatinine,0.74,0.6,1.3,2025-03-10
L01706,SUBJ057,V0342,ALT,58.46,7.0,56.0,2025-03-17
L01707,SUBJ057,V0342,AST,13.17,10.0,40.0,2025-03-17
L01708,SUBJ057,V0342,Hemoglobin,15.15,12.0,16.0,2025-03-17
L01709,SUBJ057,V0342,WBC,4.85,4.0,11.0,2025-03-17
L01710,SUBJ057,V0342,Creatinine,0.78,0.6,1.3,2025-03-17
L01711,SUBJ058,V0343,ALT,13.1,7.0,56.0,2025-01-16
L01712,SUBJ058,V0343,AST,29.64,10.0,40.0,2025-01-16
L01713,SUBJ058,V0343,Hemoglobin,14.64,12.0,16.0,2025-01-16
L01714,SUBJ058,V0343,WBC,7.79,4.0,11.0,2025-01-16
L01715,SUBJ058,V0343,Creatinine,0.76,0.6,1.3,2025-01-16
L01716,SUBJ058,V0344,ALT,58.9,7.0,56.0,2025-01-26
L01717,SUBJ058,V0344,AST,7.39,10.0,40.0,2025-01-26
L01718,SUBJ058,V0344,Hemoglobin,12.13,12.0,16.0,2025-01-26
L01719,SUBJ058,V0344,WBC,7.49,4.0,11.0,2025-01-26
L01720,SUBJ058,V0344,Creatinine,1.24,0.6,1.3,2025-01-26
L01721,SUBJ058,V0345,ALT,52.06,7.0,56.0,2025-01-30
L01722,SUBJ058,V0345,AST,,10.0,40.0,2025-01-30
L01723,SUBJ058,V0345,Hemoglobin,13.78,12.0,16.0,2025-01-30
L01724,SUBJ058,V0345,WBC,8.17,4.0,11.0,2025-01-30
L01725,SUBJ058,V0345,Creatinine,1.17,0.6,1.3,2025-01-30
L01726,SUBJ058,V0346,ALT,47.64,7.0,56.0,2025-02-08
L01727,SUBJ058,V0346,AST,49.98,10.0,40.0,2025-02-08
L01728,SUBJ058,V0346,Hemoglobin,12.77,12.0,16.0,2025-02-08
L01729,SUBJ058,V0346,WBC,10.13,4.0,11.0,2025-02-08
L01730,SUBJ058,V0346,Creatinine,1.17,0.6,1.3,2025-02-08
L01731,SUBJ058,V0347,ALT,44.45,7.0,56.0,2025-02-15
L01732,SUBJ058,V0347,AST,12.13,10.0,40.0,2025-02-15
L01733,SUBJ058,V0347,Hemoglobin,,12.0,16.0,2025-02-15
L01734,SUBJ058,V0347,WBC,11.0,4.0,11.0,2025-02-15
L01735,SUBJ058,V0347,Creatinine,0.73,0.6,1.3,2025-02-15
L01736,SUBJ058,V0348,ALT,36.88,7.0,56.0,2025-02-23
L01737,SUBJ058,V0348,AST,19.68,10.0,40.0,2025-02-23
L01738,SUBJ058,V0348,Hemoglobin,13.91,12.0,16.0,2025-02-23
L01739,SUBJ058,V0348,WBC,4.24,4.0,11.0,2025-02-23
L01740,SUBJ058,V0348,Creatinine,0.72,0.6,1.3,2025-02-23
L01741,SUBJ059,V0349,ALT,48.79,7.0,56.0,2025-01-15
L01742,SUBJ059,V0349,AST,30.49,10.0,40.0,2025-01-15
L01743,SUBJ059,V0349,Hemoglobin,15.14,12.0,16.0,2025-01-15
L01744,SUBJ059,V0349,WBC,5.24,4.0,11.0,2025-01-15
L01745,SUBJ059,V0349,Creatinine,0.8,0.6,1.3,2025-01-15
L01746,SUBJ059,V0350,ALT,11.88,7.0,56.0,2025-01-20
L01747,SUBJ059,V0350,AST,34.02,10.0,40.0,2025-01-20
L01748,SUBJ059,V0350,Hemoglobin,13.01,12.0,16.0,2025-01-20
L01749,SUBJ059,V0350,WBC,5.1,4.0,11.0,2025-01-20
L01750,SUBJ059,V0350,Creatinine,0.99,0.6,1.3,2025-01-20
L01751,SUBJ059,V0351,ALT,23.68,7.0,56.0,2025-01-29
L01752,SUBJ059,V0351,AST,15.22,10.0,40.0,2025-01-29
L01753,SUBJ059,V0351,Hemoglobin,13.72,12.0,16.0,2025-01-29
L01754,SUBJ059,V0351,WBC,10.48,4.0,11.0,2025-01-29
L01755,SUBJ059,V0351,Creatinine,7.5,0.6,1.3,2025-01-29
L01756,SUBJ059,V0352,ALT,4.08,7.0,56.0,2025-02-05
L01757,SUBJ059,V0352,AST,19.63,10.0,40.0,2025-02-05
L01758,SUBJ059,V0352,Hemoglobin,14.88,12.0,16.0,2025-02-05
L01759,SUBJ059,V0352,WBC,5.01,4.0,11.0,2025-02-05
L01760,SUBJ059,V0352,Creatinine,1.01,0.6,1.3,2025-02-05
L01761,SUBJ059,V0353,ALT,4.71,7.0,56.0,2025-02-09
L01762,SUBJ059,V0353,AST,15.31,10.0,40.0,2025-02-09
L01763,SUBJ059,V0353,Hemoglobin,14.21,12.0,16.0,2025-02-09
L01764,SUBJ059,V0353,WBC,5.96,4.0,11.0,2025-02-09
L01765,SUBJ059,V0353,Creatinine,1.08,0.6,1.3,2025-02-09
L01766,SUBJ059,V0354,ALT,11.61,7.0,56.0,2025-02-20
L01767,SUBJ059,V0354,AST,43.87,10.0,40.0,2025-02-20
L01768,SUBJ059,V0354,Hemoglobin,13.3,12.0,16.0,2025-02-20
L01769,SUBJ059,V0354,WBC,8.43,4.0,11.0,2025-02-20
L01770,SUBJ059,V0354,Creatinine,0.73,0.6,1.3,2025-02-20
L01771,SUBJ060,V0355,ALT,16.56,7.0,56.0,2025-01-29
L01772,SUBJ060,V0355,AST,38.96,10.0,40.0,2025-01-29
L01773,SUBJ060,V0355,Hemoglobin,12.96,12.0,16.0,2025-01-29
L01774,SUBJ060,V0355,WBC,8.66,4.0,11.0,2025-01-29
L01775,SUBJ060,V0355,Creatinine,5.47,0.6,1.3,2025-01-29
L01776,SUBJ060,V0356,ALT,17.56,7.0,56.0,2025-02-05
L01777,SUBJ060,V0356,AST,21.49,10.0,40.0,2025-02-05
L01778,SUBJ060,V0356,Hemoglobin,13.99,12.0,16.0,2025-02-05
L01779,SUBJ060,V0356,WBC,7.09,4.0,11.0,2025-02-05
L01780,SUBJ060,V0356,Creatinine,0.85,0.6,1.3,2025-02-05
L01781,SUBJ060,V0357,ALT,38.54,7.0,56.0,2025-02-12
L01782,SUBJ060,V0357,AST,38.29,10.0,40.0,2025-02-12
L01783,SUBJ060,V0357,Hemoglobin,12.74,12.0,16.0,2025-02-12
L01784,SUBJ060,V0357,WBC,8.91,4.0,11.0,2025-02-12
L01785,SUBJ060,V0357,Creatinine,0.75,0.6,1.3,2025-02-12
L01786,SUBJ060,V0358,ALT,52.39,7.0,56.0,2025-02-17
L01787,SUBJ060,V0358,AST,10.36,10.0,40.0,2025-02-17
L01788,SUBJ060,V0358,Hemoglobin,15.23,12.0,16.0,2025-02-17
L01789,SUBJ060,V0358,WBC,4.38,4.0,11.0,2025-02-17
L01790,SUBJ060,V0358,Creatinine,0.67,0.6,1.3,2025-02-17
L01791,SUBJ060,V0359,ALT,27.31,7.0,56.0,2025-02-22
L01792,SUBJ060,V0359,AST,39.92,10.0,40.0,2025-02-22
L01793,SUBJ060,V0359,Hemoglobin,13.56,12.0,16.0,2025-02-22
L01794,SUBJ060,V0359,WBC,10.93,4.0,11.0,2025-02-22
L01795,SUBJ060,V0359,Creatinine,0.67,0.6,1.3,2025-02-22
L01796,SUBJ060,V0360,ALT,15.63,7.0,56.0,2025-03-03
L01797,SUBJ060,V0360,AST,24.57,10.0,40.0,2025-03-03
L01798,SUBJ060,V0360,Hemoglobin,13.21,12.0,16.0,2025-03-03
L01799,SUBJ060,V0360,WBC,10.54,4.0,11.0,2025-03-03
L01800,SUBJ060,V0360,Creatinine,0.83,0.6,1.3,2025-03-03
L01801,SUBJ061,V0361,ALT,,7.0,56.0,2025-03-23
L01802,SUBJ061,V0361,AST,13.59,10.0,40.0,2025-03-23
L01803,SUBJ061,V0361,Hemoglobin,21.87,12.0,16.0,2025-03-23
L01804,SUBJ061,V0361,WBC,4.67,4.0,11.0,2025-03-23
L01805,SUBJ061,V0361,Creatinine,1.25,0.6,1.3,2025-03-23
L01806,SUBJ061,V0362,ALT,45.15,7.0,56.0,2025-03-30
L01807,SUBJ061,V0362,AST,13.16,10.0,40.0,2025-03-30
L01808,SUBJ061,V0362,Hemoglobin,,12.0,16.0,2025-03-30
L01809,SUBJ061,V0362,WBC,5.45,4.0,11.0,2025-03-30
L01810,SUBJ061,V0362,Creatinine,1.02,0.6,1.3,2025-03-30
L01811,SUBJ061,V0363,ALT,16.79,7.0,56.0,2025-04-04
L01812,SUBJ061,V0363,AST,10.52,10.0,40.0,2025-04-04
L01813,SUBJ061,V0363,Hemoglobin,,12.0,16.0,2025-04-04
L01814,SUBJ061,V0363,WBC,6.9,4.0,11.0,2025-04-04
L01815,SUBJ061,V0363,Creatinine,,0.6,1.3,2025-04-04
L01816,SUBJ061,V0364,ALT,,7.0,56.0,2025-04-12
L01817,SUBJ061,V0364,AST,32.34,10.0,40.0,2025-04-12
L01818,SUBJ061,V0364,Hemoglobin,,12.0,16.0,2025-04-12
L01819,SUBJ061,V0364,WBC,5.07,4.0,11.0,2025-04-12
L01820,SUBJ061,V0364,Creatinine,0.81,0.6,1.3,2025-04-12
L01821,SUBJ061,V0365,ALT,50.22,7.0,56.0,2025-04-16
L01822,SUBJ061,V0365,AST,16.47,10.0,40.0,2025-04-16
L01823,SUBJ061,V0365,Hemoglobin,13.53,12.0,16.0,2025-04-16
L01824,SUBJ061,V0365,WBC,9.16,4.0,11.0,2025-04-16
L01825,SUBJ061,V0365,Creatinine,0.71,0.6,1.3,2025-04-16
L01826,SUBJ061,V0366,ALT,8.22,7.0,56.0,2025-04-27
L01827,SUBJ061,V0366,AST,27.62,10.0,40.0,2025-04-27
L01828,SUBJ061,V0366,Hemoglobin,22.71,12.0,16.0,2025-04-27
L01829,SUBJ061,V0366,WBC,8.07,4.0,11.0,2025-04-27
L01830,SUBJ061,V0366,Creatinine,1.01,0.6,1.3,2025-04-27
L01831,SUBJ062,V0367,ALT,40.95,7.0,56.0,2025-01-17
L01832,SUBJ062,V0367,AST,39.09,10.0,40.0,2025-01-17
L01833,SUBJ062,V0367,Hemoglobin,20.74,12.0,16.0,2025-01-17
L01834,SUBJ062,V0367,WBC,10.11,4.0,11.0,2025-01-17
L01835,SUBJ062,V0367,Creatinine,1.3,0.6,1.3,2025-01-17
L01836,SUBJ062,V0368,ALT,29.03,7.0,56.0,2025-01-26
L01837,SUBJ062,V0368,AST,11.05,10.0,40.0,2025-01-26
L01838,SUBJ062,V0368,Hemoglobin,12.4,12.0,16.0,2025-01-26
L01839,SUBJ062,V0368,WBC,8.25,4.0,11.0,2025-01-26
L01840,SUBJ062,V0368,Creatinine,1.02,0.6,1.3,2025-01-26
L01841,SUBJ062,V0369,ALT,13.54,7.0,56.0,2025-01-30
L01842,SUBJ062,V0369,AST,29.27,10.0,40.0,2025-01-30
L01843,SUBJ062,V0369,Hemoglobin,12.99,12.0,16.0,2025-01-30
L01844,SUBJ062,V0369,WBC,9.87,4.0,11.0,2025-01-30
L01845,SUBJ062,V0369,Creatinine,1.23,0.6,1.3,2025-01-30
L01846,SUBJ062,V0370,ALT,20.62,7.0,56.0,2025-02-05
L01847,SUBJ062,V0370,AST,38.54,10.0,40.0,2025-02-05
L01848,SUBJ062,V0370,Hemoglobin,9.85,12.0,16.0,2025-02-05
L01849,SUBJ062,V0370,WBC,5.46,4.0,11.0,2025-02-05
L01850,SUBJ062,V0370,Creatinine,1.28,0.6,1.3,2025-02-05
L01851,SUBJ062,V0371,ALT,28.66,7.0,56.0,2025-02-16
L01852,SUBJ062,V0371,AST,18.46,10.0,40.0,2025-02-16
L01853,SUBJ062,V0371,Hemoglobin,14.87,12.0,16.0,2025-02-16
L01854,SUBJ062,V0371,WBC,8.44,4.0,11.0,2025-02-16
L01855,SUBJ062,V0371,Creatinine,1.17,0.6,1.3,2025-02-16
L01856,SUBJ062,V0372,ALT,32.71,7.0,56.0,2025-02-20
L01857,SUBJ062,V0372,AST,8.67,10.0,40.0,2025-02-20
L01858,SUBJ062,V0372,Hemoglobin,14.65,12.0,16.0,2025-02-20
L01859,SUBJ062,V0372,WBC,10.36,4.0,11.0,2025-02-20
L01860,SUBJ062,V0372,Creatinine,0.68,0.6,1.3,2025-02-20
L01861,SUBJ063,V0373,ALT,,7.0,56.0,2025-01-26
L01862,SUBJ063,V0373,AST,28.42,10.0,40.0,2025-01-26
L01863,SUBJ063,V0373,Hemoglobin,13.74,12.0,16.0,2025-01-26
L01864,SUBJ063,V0373,WBC,8.6,4.0,11.0,2025-01-26
L01865,SUBJ063,V0373,Creatinine,0.93,0.6,1.3,2025-01-26
L01866,SUBJ063,V0374,ALT,47.2,7.0,56.0,2025-02-01
L01867,SUBJ063,V0374,AST,27.98,10.0,40.0,2025-02-01
L01868,SUBJ063,V0374,Hemoglobin,13.03,12.0,16.0,2025-02-01
L01869,SUBJ063,V0374,WBC,,4.0,11.0,2025-02-01
L01870,SUBJ063,V0374,Creatinine,,0.6,1.3,2025-02-01
L01871,SUBJ063,V0375,ALT,55.44,7.0,56.0,2025-02-09
L01872,SUBJ063,V0375,AST,21.7,10.0,40.0,2025-02-09
L01873,SUBJ063,V0375,Hemoglobin,15.15,12.0,16.0,2025-02-09
L01874,SUBJ063,V0375,WBC,5.45,4.0,11.0,2025-02-09
L01875,SUBJ063,V0375,Creatinine,1.24,0.6,1.3,2025-02-09
L01876,SUBJ063,V0376,ALT,5.11,7.0,56.0,2025-02-14
L01877,SUBJ063,V0376,AST,22.06,10.0,40.0,2025-02-14
L01878,SUBJ063,V0376,Hemoglobin,15.81,12.0,16.0,2025-02-14
L01879,SUBJ063,V0376,WBC,8.69,4.0,11.0,2025-02-14
L01880,SUBJ063,V0376,Creatinine,1.21,0.6,1.3,2025-02-14
L01881,SUBJ063,V0377,ALT,20.21,7.0,56.0,2025-02-24
L01882,SUBJ063,V0377,AST,17.15,10.0,40.0,2025-02-24
L01883,SUBJ063,V0377,Hemoglobin,,12.0,16.0,2025-02-24
L01884,SUBJ063,V0377,WBC,6.79,4.0,11.0,2025-02-24
L01885,SUBJ063,V0377,Creatinine,-0.84,0.6,1.3,2025-02-24
L01886,SUBJ063,V0378,ALT,17.75,7.0,56.0,2025-02-27
L01887,SUBJ063,V0378,AST,36.82,10.0,40.0,2025-02-27
L01888,SUBJ063,V0378,Hemoglobin,,12.0,16.0,2025-02-27
L01889,SUBJ063,V0378,WBC,8.49,4.0,11.0,2025-02-27
L01890,SUBJ063,V0378,Creatinine,1.06,0.6,1.3,2025-02-27
L01891,SUBJ064,V0379,ALT,10.08,7.0,56.0,2025-03-12
L01892,SUBJ064,V0379,AST,25.6,10.0,40.0,2025-03-12
L01893,SUBJ064,V0379,Hemoglobin,14.93,12.0,16.0,2025-03-12
L01894,SUBJ064,V0379,WBC,8.63,4.0,11.0,2025-03-12
L01895,SUBJ064,V0379,Creatinine,1.06,0.6,1.3,2025-03-12
L01896,SUBJ064,V0380,ALT,18.63,7.0,56.0,2025-03-21
L01897,SUBJ064,V0380,AST,18.94,10.0,40.0,2025-03-21
L01898,SUBJ064,V0380,Hemoglobin,14.8,12.0,16.0,2025-03-21
L01899,SUBJ064,V0380,WBC,4.5,4.0,11.0,2025-03-21
L01900,SUBJ064,V0380,Creatinine,1.03,0.6,1.3,2025-03-21
L01901,SUBJ064,V0381,ALT,39.79,7.0,56.0,2025-03-27
L01902,SUBJ064,V0381,AST,29.12,10.0,40.0,2025-03-27
L01903,SUBJ064,V0381,Hemoglobin,13.17,12.0,16.0,2025-03-27
L01904,SUBJ064,V0381,WBC,5.08,4.0,11.0,2025-03-27
L01905,SUBJ064,V0381,Creatinine,-1.68,0.6,1.3,2025-03-27
L01906,SUBJ064,V0382,ALT,51.57,7.0,56.0,2025-04-04
L01907,SUBJ064,V0382,AST,15.63,10.0,40.0,2025-04-04
L01908,SUBJ064,V0382,Hemoglobin,13.22,12.0,16.0,2025-04-04
L01909,SUBJ064,V0382,WBC,7.21,4.0,11.0,2025-04-04
L01910,SUBJ064,V0382,Creatinine,0.88,0.6,1.3,2025-04-04
L01911,SUBJ064,V0383,ALT,53.62,7.0,56.0,2025-04-11
L01912,SUBJ064,V0383,AST,16.71,10.0,40.0,2025-04-11
L01913,SUBJ064,V0383,Hemoglobin,,12.0,16.0,2025-04-11
L01914,SUBJ064,V0383,WBC,7.2,4.0,11.0,2025-04-11
L01915,SUBJ064,V0383,Creatinine,1.01,0.6,1.3,2025-04-11
L01916,SUBJ064,V0384,ALT,21.58,7.0,56.0,2025-04-19
L01917,SUBJ064,V0384,AST,35.86,10.0,40.0,2025-04-19
L01918,SUBJ064,V0384,Hemoglobin,19.6,12.0,16.0,2025-04-19
L01919,SUBJ064,V0384,WBC,5.48,4.0,11.0,2025-04-19
L01920,SUBJ064,V0384,Creatinine,1.03,0.6,1.3,2025-04-19
L01921,SUBJ065,V0385,ALT,36.72,7.0,56.0,2025-01-07
L01922,SUBJ065,V0385,AST,38.12,10.0,40.0,2025-01-07
L01923,SUBJ065,V0385,Hemoglobin,13.31,12.0,16.0,2025-01-07
L01924,SUBJ065,V0385,WBC,5.22,4.0,11.0,2025-01-07
L01925,SUBJ065,V0385,Creatinine,8.08,0.6,1.3,2025-01-07
L01926,SUBJ065,V0386,ALT,53.16,7.0,56.0,2025-01-15
L01927,SUBJ065,V0386,AST,24.11,10.0,40.0,2025-01-15
L01928,SUBJ065,V0386,Hemoglobin,15.62,12.0,16.0,2025-01-15
L01929,SUBJ065,V0386,WBC,9.87,4.0,11.0,2025-01-15
L01930,SUBJ065,V0386,Creatinine,1.24,0.6,1.3,2025-01-15
L01931,SUBJ065,V0387,ALT,49.4,7.0,56.0,2025-01-21
L01932,SUBJ065,V0387,AST,21.86,10.0,40.0,2025-01-21
L01933,SUBJ065,V0387,Hemoglobin,13.86,12.0,16.0,2025-01-21
L01934,SUBJ065,V0387,WBC,9.22,4.0,11.0,2025-01-21
L01935,SUBJ065,V0387,Creatinine,0.78,0.6,1.3,2025-01-21
L01936,SUBJ065,V0388,ALT,21.9,7.0,56.0,2025-01-26
L01937,SUBJ065,V0388,AST,17.95,10.0,40.0,2025-01-26
L01938,SUBJ065,V0388,Hemoglobin,,12.0,16.0,2025-01-26
L01939,SUBJ065,V0388,WBC,9.77,4.0,11.0,2025-01-26
L01940,SUBJ065,V0388,Creatinine,1.12,0.6,1.3,2025-01-26
L01941,SUBJ065,V0389,ALT,14.29,7.0,56.0,2025-02-01
L01942,SUBJ065,V0389,AST,43.72,10.0,40.0,2025-02-01
L01943,SUBJ065,V0389,Hemoglobin,15.71,12.0,16.0,2025-02-01
L01944,SUBJ065,V0389,WBC,5.68,4.0,11.0,2025-02-01
L01945,SUBJ065,V0389,Creatinine,0.98,0.6,1.3,2025-02-01
L01946,SUBJ065,V0390,ALT,42.49,7.0,56.0,2025-02-08
L01947,SUBJ065,V0390,AST,48.55,10.0,40.0,2025-02-08
L01948,SUBJ065,V0390,Hemoglobin,14.39,12.0,16.0,2025-02-08
L01949,SUBJ065,V0390,WBC,4.04,4.0,11.0,2025-02-08
L01950,SUBJ065,V0390,Creatinine,-2.33,0.6,1.3,2025-02-08
L01951,SUBJ066,V0391,ALT,44.81,7.0,56.0,2025-02-18
L01952,SUBJ066,V0391,AST,27.46,10.0,40.0,2025-02-18
L01953,SUBJ066,V0391,Hemoglobin,14.52,12.0,16.0,2025-02-18
L01954,SUBJ066,V0391,WBC,,4.0,11.0,2025-02-18
L01955,SUBJ066,V0391,Creatinine,0.85,0.6,1.3,2025-02-18
L01956,SUBJ066,V0392,ALT,31.64,7.0,56.0,2025-02-26
L01957,SUBJ066,V0392,AST,,10.0,40.0,2025-02-26
L01958,SUBJ066,V0392,Hemoglobin,,12.0,16.0,2025-02-26
L01959,SUBJ066,V0392,WBC,6.77,4.0,11.0,2025-02-26
L01960,SUBJ066,V0392,Creatinine,5.56,0.6,1.3,2025-02-26
L01961,SUBJ066,V0393,ALT,40.63,7.0,56.0,2025-03-05
L01962,SUBJ066,V0393,AST,38.71,10.0,40.0,2025-03-05
L01963,SUBJ066,V0393,Hemoglobin,13.97,12.0,16.0,2025-03-05
L01964,SUBJ066,V0393,WBC,5.85,4.0,11.0,2025-03-05
L01965,SUBJ066,V0393,Creatinine,1.22,0.6,1.3,2025-03-05
L01966,SUBJ066,V0394,ALT,40.8,7.0,56.0,2025-03-11
L01967,SUBJ066,V0394,AST,18.49,10.0,40.0,2025-03-11
L01968,SUBJ066,V0394,Hemoglobin,15.03,12.0,16.0,2025-03-11
L01969,SUBJ066,V0394,WBC,8.35,4.0,11.0,2025-03-11
L01970,SUBJ066,V0394,Creatinine,1.04,0.6,1.3,2025-03-11
L01971,SUBJ066,V0395,ALT,32.77,7.0,56.0,2025-03-20
L01972,SUBJ066,V0395,AST,26.8,10.0,40.0,2025-03-20
L01973,SUBJ066,V0395,Hemoglobin,12.33,12.0,16.0,2025-03-20
L01974,SUBJ066,V0395,WBC,9.31,4.0,11.0,2025-03-20
L01975,SUBJ066,V0395,Creatinine,0.71,0.6,1.3,2025-03-20
L01976,SUBJ066,V0396,ALT,27.5,7.0,56.0,2025-03-28
L01977,SUBJ066,V0396,AST,10.97,10.0,40.0,2025-03-28
L01978,SUBJ066,V0396,Hemoglobin,,12.0,16.0,2025-03-28
L01979,SUBJ066,V0396,WBC,10.88,4.0,11.0,2025-03-28
L01980,SUBJ066,V0396,Creatinine,0.96,0.6,1.3,2025-03-28
L01981,SUBJ067,V0397,ALT,46.97,7.0,56.0,2025-01-21
L01982,SUBJ067,V0397,AST,35.49,10.0,40.0,2025-01-21
L01983,SUBJ067,V0397,Hemoglobin,22.0,12.0,16.0,2025-01-21
L01984,SUBJ067,V0397,WBC,6.63,4.0,11.0,2025-01-21
L01985,SUBJ067,V0397,Creatinine,1.22,0.6,1.3,2025-01-21
L01986,SUBJ067,V0398,ALT,23.58,7.0,56.0,2025-01-30
L01987,SUBJ067,V0398,AST,28.23,10.0,40.0,2025-01-30
L01988,SUBJ067,V0398,Hemoglobin,14.51,12.0,16.0,2025-01-30
L01989,SUBJ067,V0398,WBC,12.2,4.0,11.0,2025-01-30
L01990,SUBJ067,V0398,Creatinine,0.76,0.6,1.3,2025-01-30
L01991,SUBJ067,V0399,ALT,36.63,7.0,56.0,2025-02-06
L01992,SUBJ067,V0399,AST,17.23,10.0,40.0,2025-02-06
L01993,SUBJ067,V0399,Hemoglobin,14.15,12.0,16.0,2025-02-06
L01994,SUBJ067,V0399,WBC,4.2,4.0,11.0,2025-02-06
L01995,SUBJ067,V0399,Creatinine,1.15,0.6,1.3,2025-02-06
L01996,SUBJ067,V0400,ALT,12.56,7.0,56.0,2025-02-13
L01997,SUBJ067,V0400,AST,29.61,10.0,40.0,2025-02-13
L01998,SUBJ067,V0400,Hemoglobin,14.71,12.0,16.0,2025-02-13
L01999,SUBJ067,V0400,WBC,10.44,4.0,11.0,2025-02-13
L02000,SUBJ067,V0400,Creatinine,1.13,0.6,1.3,2025-02-13
L02001,SUBJ067,V0401,ALT,46.38,7.0,56.0,2025-02-17
L02002,SUBJ067,V0401,AST,10.69,10.0,40.0,2025-02-17
L02003,SUBJ067,V0401,Hemoglobin,13.65,12.0,16.0,2025-02-17
L02004,SUBJ067,V0401,WBC,17.16,4.0,11.0,2025-02-17
L02005,SUBJ067,V0401,Creatinine,1.22,0.6,1.3,2025-02-17
L02006,SUBJ067,V0402,ALT,12.55,7.0,56.0,2025-02-27
L02007,SUBJ067,V0402,AST,27.69,10.0,40.0,2025-02-27
L02008,SUBJ067,V0402,Hemoglobin,21.32,12.0,16.0,2025-02-27
L02009,SUBJ067,V0402,WBC,10.62,4.0,11.0,2025-02-27
L02010,SUBJ067,V0402,Creatinine,0.87,0.6,1.3,2025-02-27
L02011,SUBJ068,V0403,ALT,37.11,7.0,56.0,2025-02-26
L02012,SUBJ068,V0403,AST,36.18,10.0,40.0,2025-02-26
L02013,SUBJ068,V0403,Hemoglobin,17.02,12.0,16.0,2025-02-26
L02014,SUBJ068,V0403,WBC,7.72,4.0,11.0,2025-02-26
L02015,SUBJ068,V0403,Creatinine,3.11,0.6,1.3,2025-02-26
L02016,SUBJ068,V0404,ALT,52.59,7.0,56.0,2025-03-09
L02017,SUBJ068,V0404,AST,32.12,10.0,40.0,2025-03-09
L02018,SUBJ068,V0404,Hemoglobin,13.92,12.0,16.0,2025-03-09
L02019,SUBJ068,V0404,WBC,4.45,4.0,11.0,2025-03-09
L02020,SUBJ068,V0404,Creatinine,1.21,0.6,1.3,2025-03-09
L02021,SUBJ068,V0405,ALT,57.43,7.0,56.0,2025-03-12
L02022,SUBJ068,V0405,AST,35.93,10.0,40.0,2025-03-12
L02023,SUBJ068,V0405,Hemoglobin,12.98,12.0,16.0,2025-03-12
L02024,SUBJ068,V0405,WBC,8.77,4.0,11.0,2025-03-12
L02025,SUBJ068,V0405,Creatinine,1.07,0.6,1.3,2025-03-12
L02026,SUBJ068,V0406,ALT,8.62,7.0,56.0,2025-03-22
L02027,SUBJ068,V0406,AST,35.54,10.0,40.0,2025-03-22
L02028,SUBJ068,V0406,Hemoglobin,,12.0,16.0,2025-03-22
L02029,SUBJ068,V0406,WBC,5.59,4.0,11.0,2025-03-22
L02030,SUBJ068,V0406,Creatinine,11.16,0.6,1.3,2025-03-22
L02031,SUBJ068,V0407,ALT,30.65,7.0,56.0,2025-03-27
L02032,SUBJ068,V0407,AST,,10.0,40.0,2025-03-27
L02033,SUBJ068,V0407,Hemoglobin,14.49,12.0,16.0,2025-03-27
L02034,SUBJ068,V0407,WBC,,4.0,11.0,2025-03-27
L02035,SUBJ068,V0407,Creatinine,0.63,0.6,1.3,2025-03-27
L02036,SUBJ068,V0408,ALT,7.21,7.0,56.0,2025-04-02
L02037,SUBJ068,V0408,AST,7.58,10.0,40.0,2025-04-02
L02038,SUBJ068,V0408,Hemoglobin,15.19,12.0,16.0,2025-04-02
L02039,SUBJ068,V0408,WBC,7.55,4.0,11.0,2025-04-02
L02040,SUBJ068,V0408,Creatinine,0.95,0.6,1.3,2025-04-02
L02041,SUBJ069,V0409,ALT,50.69,7.0,56.0,2025-01-17
L02042,SUBJ069,V0409,AST,18.97,10.0,40.0,2025-01-17
L02043,SUBJ069,V0409,Hemoglobin,13.56,12.0,16.0,2025-01-17
L02044,SUBJ069,V0409,WBC,5.09,4.0,11.0,2025-01-17
L02045,SUBJ069,V0409,Creatinine,-2.31,0.6,1.3,2025-01-17
L02046,SUBJ069,V0410,ALT,47.18,7.0,56.0,2025-01-23
L02047,SUBJ069,V0410,AST,15.27,10.0,40.0,2025-01-23
L02048,SUBJ069,V0410,Hemoglobin,14.01,12.0,16.0,2025-01-23
L02049,SUBJ069,V0410,WBC,,4.0,11.0,2025-01-23
L02050,SUBJ069,V0410,Creatinine,0.6,0.6,1.3,2025-01-23
L02051,SUBJ069,V0411,ALT,18.33,7.0,56.0,2025-01-28
L02052,SUBJ069,V0411,AST,31.78,10.0,40.0,2025-01-28
L02053,SUBJ069,V0411,Hemoglobin,12.32,12.0,16.0,2025-01-28
L02054,SUBJ069,V0411,WBC,4.02,4.0,11.0,2025-01-28
L02055,SUBJ069,V0411,Creatinine,0.62,0.6,1.3,2025-01-28
L02056,SUBJ069,V0412,ALT,65.14,7.0,56.0,2025-02-03
L02057,SUBJ069,V0412,AST,15.34,10.0,40.0,2025-02-03
L02058,SUBJ069,V0412,Hemoglobin,13.88,12.0,16.0,2025-02-03
L02059,SUBJ069,V0412,WBC,5.99,4.0,11.0,2025-02-03
L02060,SUBJ069,V0412,Creatinine,0.7,0.6,1.3,2025-02-03
L02061,SUBJ069,V0413,ALT,20.98,7.0,56.0,2025-02-14
L02062,SUBJ069,V0413,AST,31.49,10.0,40.0,2025-02-14
L02063,SUBJ069,V0413,Hemoglobin,14.1,12.0,16.0,2025-02-14
L02064,SUBJ069,V0413,WBC,6.28,4.0,11.0,2025-02-14
L02065,SUBJ069,V0413,Creatinine,0.86,0.6,1.3,2025-02-14
L02066,SUBJ069,V0414,ALT,5.02,7.0,56.0,2025-02-21
L02067,SUBJ069,V0414,AST,12.24,10.0,40.0,2025-02-21
L02068,SUBJ069,V0414,Hemoglobin,10.94,12.0,16.0,2025-02-21
L02069,SUBJ069,V0414,WBC,7.56,4.0,11.0,2025-02-21
L02070,SUBJ069,V0414,Creatinine,0.7,0.6,1.3,2025-02-21
L02071,SUBJ070,V0415,ALT,52.67,7.0,56.0,2025-01-29
L02072,SUBJ070,V0415,AST,13.53,10.0,40.0,2025-01-29
L02073,SUBJ070,V0415,Hemoglobin,12.05,12.0,16.0,2025-01-29
L02074,SUBJ070,V0415,WBC,15.2,4.0,11.0,2025-01-29
L02075,SUBJ070,V0415,Creatinine,1.15,0.6,1.3,2025-01-29
L02076,SUBJ070,V0416,ALT,39.5,7.0,56.0,2025-02-04
L02077,SUBJ070,V0416,AST,13.06,10.0,40.0,2025-02-04
L02078,SUBJ070,V0416,Hemoglobin,13.06,12.0,16.0,2025-02-04
L02079,SUBJ070,V0416,WBC,,4.0,11.0,2025-02-04
L02080,SUBJ070,V0416,Creatinine,0.74,0.6,1.3,2025-02-04
L02081,SUBJ070,V0417,ALT,30.25,7.0,56.0,2025-02-09
L02082,SUBJ070,V0417,AST,17.09,10.0,40.0,2025-02-09
L02083,SUBJ070,V0417,Hemoglobin,,12.0,16.0,2025-02-09
L02084,SUBJ070,V0417,WBC,5.74,4.0,11.0,2025-02-09
L02085,SUBJ070,V0417,Creatinine,0.74,0.6,1.3,2025-02-09
L02086,SUBJ070,V0418,ALT,46.81,7.0,56.0,2025-02-19
L02087,SUBJ070,V0418,AST,43.19,10.0,40.0,2025-02-19
L02088,SUBJ070,V0418,Hemoglobin,12.96,12.0,16.0,2025-02-19
L02089,SUBJ070,V0418,WBC,8.8,4.0,11.0,2025-02-19
L02090,SUBJ070,V0418,Creatinine,0.64,0.6,1.3,2025-02-19
L02091,SUBJ070,V0419,ALT,52.13,7.0,56.0,2025-02-26
L02092,SUBJ070,V0419,AST,,10.0,40.0,2025-02-26
L02093,SUBJ070,V0419,Hemoglobin,14.94,12.0,16.0,2025-02-26
L02094,SUBJ070,V0419,WBC,4.16,4.0,11.0,2025-02-26
L02095,SUBJ070,V0419,Creatinine,0.6,0.6,1.3,2025-02-26
L02096,SUBJ070,V0420,ALT,51.38,7.0,56.0,2025-03-02
L02097,SUBJ070,V0420,AST,23.91,10.0,40.0,2025-03-02
L02098,SUBJ070,V0420,Hemoglobin,12.12,12.0,16.0,2025-03-02
L02099,SUBJ070,V0420,WBC,7.81,4.0,11.0,2025-03-02
L02100,SUBJ070,V0420,Creatinine,0.69,0.6,1.3,2025-03-02
L02101,SUBJ071,V0421,ALT,15.13,7.0,56.0,2025-01-16
L02102,SUBJ071,V0421,AST,18.94,10.0,40.0,2025-01-16
L02103,SUBJ071,V0421,Hemoglobin,14.34,12.0,16.0,2025-01-16
L02104,SUBJ071,V0421,WBC,9.91,4.0,11.0,2025-01-16
L02105,SUBJ071,V0421,Creatinine,-2.08,0.6,1.3,2025-01-16
L02106,SUBJ071,V0422,ALT,16.99,7.0,56.0,2025-01-19
L02107,SUBJ071,V0422,AST,35.77,10.0,40.0,2025-01-19
L02108,SUBJ071,V0422,Hemoglobin,13.78,12.0,16.0,2025-01-19
L02109,SUBJ071,V0422,WBC,9.01,4.0,11.0,2025-01-19
L02110,SUBJ071,V0422,Creatinine,0.92,0.6,1.3,2025-01-19
L02111,SUBJ071,V0423,ALT,41.24,7.0,56.0,2025-01-30
L02112,SUBJ071,V0423,AST,8.01,10.0,40.0,2025-01-30
L02113,SUBJ071,V0423,Hemoglobin,21.42,12.0,16.0,2025-01-30
L02114,SUBJ071,V0423,WBC,9.77,4.0,11.0,2025-01-30
L02115,SUBJ071,V0423,Creatinine,0.8,0.6,1.3,2025-01-30
L02116,SUBJ071,V0424,ALT,40.12,7.0,56.0,2025-02-02
L02117,SUBJ071,V0424,AST,30.75,10.0,40.0,2025-02-02
L02118,SUBJ071,V0424,Hemoglobin,14.8,12.0,16.0,2025-02-02
L02119,SUBJ071,V0424,WBC,7.68,4.0,11.0,2025-02-02
L02120,SUBJ071,V0424,Creatinine,1.28,0.6,1.3,2025-02-02
L02121,SUBJ071,V0425,ALT,36.98,7.0,56.0,2025-02-13
L02122,SUBJ071,V0425,AST,30.57,10.0,40.0,2025-02-13
L02123,SUBJ071,V0425,Hemoglobin,15.7,12.0,16.0,2025-02-13
L02124,SUBJ071,V0425,WBC,10.65,4.0,11.0,2025-02-13
L02125,SUBJ071,V0425,Creatinine,0.63,0.6,1.3,2025-02-13
L02126,SUBJ071,V0426,ALT,20.57,7.0,56.0,2025-02-16
L02127,SUBJ071,V0426,AST,38.89,10.0,40.0,2025-02-16
L02128,SUBJ071,V0426,Hemoglobin,15.63,12.0,16.0,2025-02-16
L02129,SUBJ071,V0426,WBC,8.77,4.0,11.0,2025-02-16
L02130,SUBJ071,V0426,Creatinine,1.03,0.6,1.3,2025-02-16
L02131,SUBJ072,V0427,ALT,41.58,7.0,56.0,2025-03-12
L02132,SUBJ072,V0427,AST,29.54,10.0,40.0,2025-03-12
L02133,SUBJ072,V0427,Hemoglobin,15.59,12.0,16.0,2025-03-12
L02134,SUBJ072,V0427,WBC,10.16,4.0,11.0,2025-03-12
L02135,SUBJ072,V0427,Creatinine,0.88,0.6,1.3,2025-03-12
L02136,SUBJ072,V0428,ALT,31.43,7.0,56.0,2025-03-18
L02137,SUBJ072,V0428,AST,30.38,10.0,40.0,2025-03-18
L02138,SUBJ072,V0428,Hemoglobin,,12.0,16.0,2025-03-18
L02139,SUBJ072,V0428,WBC,10.36,4.0,11.0,2025-03-18
L02140,SUBJ072,V0428,Creatinine,0.85,0.6,1.3,2025-03-18
L02141,SUBJ072,V0429,ALT,31.81,7.0,56.0,2025-03-22
L02142,SUBJ072,V0429,AST,24.16,10.0,40.0,2025-03-22
L02143,SUBJ072,V0429,Hemoglobin,14.12,12.0,16.0,2025-03-22
L02144,SUBJ072,V0429,WBC,10.46,4.0,11.0,2025-03-22
L02145,SUBJ072,V0429,Creatinine,,0.6,1.3,2025-03-22
L02146,SUBJ072,V0430,ALT,15.54,7.0,56.0,2025-03-30
L02147,SUBJ072,V0430,AST,25.12,10.0,40.0,2025-03-30
L02148,SUBJ072,V0430,Hemoglobin,12.86,12.0,16.0,2025-03-30
L02149,SUBJ072,V0430,WBC,8.81,4.0,11.0,2025-03-30
L02150,SUBJ072,V0430,Creatinine,1.01,0.6,1.3,2025-03-30
L02151,SUBJ072,V0431,ALT,,7.0,56.0,2025-04-08
L02152,SUBJ072,V0431,AST,28.27,10.0,40.0,2025-04-08
L02153,SUBJ072,V0431,Hemoglobin,13.55,12.0,16.0,2025-04-08
L02154,SUBJ072,V0431,WBC,8.82,4.0,11.0,2025-04-08
L02155,SUBJ072,V0431,Creatinine,,0.6,1.3,2025-04-08
L02156,SUBJ072,V0432,ALT,15.14,7.0,56.0,2025-04-12
L02157,SUBJ072,V0432,AST,14.02,10.0,40.0,2025-04-12
L02158,SUBJ072,V0432,Hemoglobin,18.12,12.0,16.0,2025-04-12
L02159,SUBJ072,V0432,WBC,2.07,4.0,11.0,2025-04-12
L02160,SUBJ072,V0432,Creatinine,0.85,0.6,1.3,2025-04-12
L02161,SUBJ073,V0433,ALT,26.27,7.0,56.0,2025-01-19
L02162,SUBJ073,V0433,AST,12.43,10.0,40.0,2025-01-19
L02163,SUBJ073,V0433,Hemoglobin,14.23,12.0,16.0,2025-01-19
L02164,SUBJ073,V0433,WBC,4.33,4.0,11.0,2025-01-19
L02165,SUBJ073,V0433,Creatinine,1.09,0.6,1.3,2025-01-19
L02166,SUBJ073,V0434,ALT,11.09,7.0,56.0,2025-01-28
L02167,SUBJ073,V0434,AST,16.03,10.0,40.0,2025-01-28
L02168,SUBJ073,V0434,Hemoglobin,12.48,12.0,16.0,2025-01-28
L02169,SUBJ073,V0434,WBC,8.24,4.0,11.0,2025-01-28
L02170,SUBJ073,V0434,Creatinine,0.69,0.6,1.3,2025-01-28
L02171,SUBJ073,V0435,ALT,55.82,7.0,56.0,2025-02-01
L02172,SUBJ073,V0435,AST,33.02,10.0,40.0,2025-02-01
L02173,SUBJ073,V0435,Hemoglobin,13.17,12.0,16.0,2025-02-01
L02174,SUBJ073,V0435,WBC,16.56,4.0,11.0,2025-02-01
L02175,SUBJ073,V0435,Creatinine,0.61,0.6,1.3,2025-02-01
L02176,SUBJ073,V0436,ALT,28.62,7.0,56.0,2025-02-08
L02177,SUBJ073,V0436,AST,34.94,10.0,40.0,2025-02-08
L02178,SUBJ073,V0436,Hemoglobin,15.55,12.0,16.0,2025-02-08
L02179,SUBJ073,V0436,WBC,7.97,4.0,11.0,2025-02-08
L02180,SUBJ073,V0436,Creatinine,0.99,0.6,1.3,2025-02-08
L02181,SUBJ073,V0437,ALT,33.29,7.0,56.0,2025-02-17
L02182,SUBJ073,V0437,AST,36.46,10.0,40.0,2025-02-17
L02183,SUBJ073,V0437,Hemoglobin,13.76,12.0,16.0,2025-02-17
L02184,SUBJ073,V0437,WBC,2.55,4.0,11.0,2025-02-17
L02185,SUBJ073,V0437,Creatinine,0.94,0.6,1.3,2025-02-17
L02186,SUBJ073,V0438,ALT,20.33,7.0,56.0,2025-02-22
L02187,SUBJ073,V0438,AST,30.21,10.0,40.0,2025-02-22
L02188,SUBJ073,V0438,Hemoglobin,14.81,12.0,16.0,2025-02-22
L02189,SUBJ073,V0438,WBC,10.83,4.0,11.0,2025-02-22
L02190,SUBJ073,V0438,Creatinine,1.29,0.6,1.3,2025-02-22
L02191,SUBJ074,V0439,ALT,32.24,7.0,56.0,2025-03-29
L02192,SUBJ074,V0439,AST,24.2,10.0,40.0,2025-03-29
L02193,SUBJ074,V0439,Hemoglobin,15.81,12.0,16.0,2025-03-29
L02194,SUBJ074,V0439,WBC,5.09,4.0,11.0,2025-03-29
L02195,SUBJ074,V0439,Creatinine,0.94,0.6,1.3,2025-03-29
L02196,SUBJ074,V0440,ALT,20.73,7.0,56.0,2025-04-04
L02197,SUBJ074,V0440,AST,28.39,10.0,40.0,2025-04-04
L02198,SUBJ074,V0440,Hemoglobin,12.72,12.0,16.0,2025-04-04
L02199,SUBJ074,V0440,WBC,8.53,4.0,11.0,2025-04-04
L02200,SUBJ074,V0440,Creatinine,0.82,0.6,1.3,2025-04-04
L02201,SUBJ074,V0441,ALT,26.68,7.0,56.0,2025-04-10
L02202,SUBJ074,V0441,AST,20.88,10.0,40.0,2025-04-10
L02203,SUBJ074,V0441,Hemoglobin,,12.0,16.0,2025-04-10
L02204,SUBJ074,V0441,WBC,9.68,4.0,11.0,2025-04-10
L02205,SUBJ074,V0441,Creatinine,0.87,0.6,1.3,2025-04-10
L02206,SUBJ074,V0442,ALT,,7.0,56.0,2025-04-16
L02207,SUBJ074,V0442,AST,28.66,10.0,40.0,2025-04-16
L02208,SUBJ074,V0442,Hemoglobin,14.8,12.0,16.0,2025-04-16
L02209,SUBJ074,V0442,WBC,7.56,4.0,11.0,2025-04-16
L02210,SUBJ074,V0442,Creatinine,0.97,0.6,1.3,2025-04-16
L02211,SUBJ074,V0443,ALT,54.34,7.0,56.0,2025-04-27
L02212,SUBJ074,V0443,AST,7.22,10.0,40.0,2025-04-27
L02213,SUBJ074,V0443,Hemoglobin,12.9,12.0,16.0,2025-04-27
L02214,SUBJ074,V0443,WBC,,4.0,11.0,2025-04-27
L02215,SUBJ074,V0443,Creatinine,0.81,0.6,1.3,2025-04-27
L02216,SUBJ074,V0444,ALT,53.68,7.0,56.0,2025-04-30
L02217,SUBJ074,V0444,AST,18.59,10.0,40.0,2025-04-30
L02218,SUBJ074,V0444,Hemoglobin,20.28,12.0,16.0,2025-04-30
L02219,SUBJ074,V0444,WBC,9.36,4.0,11.0,2025-04-30
L02220,SUBJ074,V0444,Creatinine,0.86,0.6,1.3,2025-04-30
L02221,SUBJ075,V0445,ALT,20.58,7.0,56.0,2025-01-23
L02222,SUBJ075,V0445,AST,31.09,10.0,40.0,2025-01-23
L02223,SUBJ075,V0445,Hemoglobin,12.16,12.0,16.0,2025-01-23
L02224,SUBJ075,V0445,WBC,7.0,4.0,11.0,2025-01-23
L02225,SUBJ075,V0445,Creatinine,0.88,0.6,1.3,2025-01-23
L02226,SUBJ075,V0446,ALT,54.62,7.0,56.0,2025-02-02
L02227,SUBJ075,V0446,AST,30.0,10.0,40.0,2025-02-02
L02228,SUBJ075,V0446,Hemoglobin,,12.0,16.0,2025-02-02
L02229,SUBJ075,V0446,WBC,10.6,4.0,11.0,2025-02-02
L02230,SUBJ075,V0446,Creatinine,1.04,0.6,1.3,2025-02-02
L02231,SUBJ075,V0447,ALT,9.71,7.0,56.0,2025-02-09
L02232,SUBJ075,V0447,AST,7.72,10.0,40.0,2025-02-09
L02233,SUBJ075,V0447,Hemoglobin,14.81,12.0,16.0,2025-02-09
L02234,SUBJ075,V0447,WBC,6.43,4.0,11.0,2025-02-09
L02235,SUBJ075,V0447,Creatinine,0.84,0.6,1.3,2025-02-09
L02236,SUBJ075,V0448,ALT,30.53,7.0,56.0,2025-02-15
L02237,SUBJ075,V0448,AST,31.64,10.0,40.0,2025-02-15
L02238,SUBJ075,V0448,Hemoglobin,15.04,12.0,16.0,2025-02-15
L02239,SUBJ075,V0448,WBC,9.27,4.0,11.0,2025-02-15
L02240,SUBJ075,V0448,Creatinine,0.92,0.6,1.3,2025-02-15
L02241,SUBJ075,V0449,ALT,57.24,7.0,56.0,2025-02-21
L02242,SUBJ075,V0449,AST,24.23,10.0,40.0,2025-02-21
L02243,SUBJ075,V0449,Hemoglobin,15.11,12.0,16.0,2025-02-21
L02244,SUBJ075,V0449,WBC,6.02,4.0,11.0,2025-02-21
L02245,SUBJ075,V0449,Creatinine,0.61,0.6,1.3,2025-02-21
L02246,SUBJ075,V0450,ALT,22.11,7.0,56.0,2025-03-01
L02247,SUBJ075,V0450,AST,7.9,10.0,40.0,2025-03-01
L02248,SUBJ075,V0450,Hemoglobin,13.02,12.0,16.0,2025-03-01
L02249,SUBJ075,V0450,WBC,8.61,4.0,11.0,2025-03-01
L02250,SUBJ075,V0450,Creatinine,1.07,0.6,1.3,2025-03-01
L02251,SUBJ076,V0451,ALT,,7.0,56.0,2025-02-18
L02252,SUBJ076,V0451,AST,8.85,10.0,40.0,2025-02-18
L02253,SUBJ076,V0451,Hemoglobin,12.35,12.0,16.0,2025-02-18
L02254,SUBJ076,V0451,WBC,4.55,4.0,11.0,2025-02-18
L02255,SUBJ076,V0451,Creatinine,0.9,0.6,1.3,2025-02-18
L02256,SUBJ076,V0452,ALT,19.95,7.0,56.0,2025-02-25
L02257,SUBJ076,V0452,AST,38.24,10.0,40.0,2025-02-25
L02258,SUBJ076,V0452,Hemoglobin,13.08,12.0,16.0,2025-02-25
L02259,SUBJ076,V0452,WBC,8.3,4.0,11.0,2025-02-25
L02260,SUBJ076,V0452,Creatinine,1.16,0.6,1.3,2025-02-25
L02261,SUBJ076,V0453,ALT,9.53,7.0,56.0,2025-03-01
L02262,SUBJ076,V0453,AST,31.73,10.0,40.0,2025-03-01
L02263,SUBJ076,V0453,Hemoglobin,12.15,12.0,16.0,2025-03-01
L02264,SUBJ076,V0453,WBC,6.61,4.0,11.0,2025-03-01
L02265,SUBJ076,V0453,Creatinine,0.88,0.6,1.3,2025-03-01
L02266,SUBJ076,V0454,ALT,11.3,7.0,56.0,2025-03-08
L02267,SUBJ076,V0454,AST,17.14,10.0,40.0,2025-03-08
L02268,SUBJ076,V0454,Hemoglobin,13.57,12.0,16.0,2025-03-08
L02269,SUBJ076,V0454,WBC,5.3,4.0,11.0,2025-03-08
L02270,SUBJ076,V0454,Creatinine,0.69,0.6,1.3,2025-03-08
L02271,SUBJ076,V0455,ALT,28.96,7.0,56.0,2025-03-15
L02272,SUBJ076,V0455,AST,7.58,10.0,40.0,2025-03-15
L02273,SUBJ076,V0455,Hemoglobin,15.95,12.0,16.0,2025-03-15
L02274,SUBJ076,V0455,WBC,15.49,4.0,11.0,2025-03-15
L02275,SUBJ076,V0455,Creatinine,1.17,0.6,1.3,2025-03-15
L02276,SUBJ076,V0456,ALT,38.25,7.0,56.0,2025-03-25
L02277,SUBJ076,V0456,AST,20.96,10.0,40.0,2025-03-25
L02278,SUBJ076,V0456,Hemoglobin,12.44,12.0,16.0,2025-03-25
L02279,SUBJ076,V0456,WBC,2.51,4.0,11.0,2025-03-25
L02280,SUBJ076,V0456,Creatinine,0.83,0.6,1.3,2025-03-25
L02281,SUBJ077,V0457,ALT,64.39,7.0,56.0,2025-03-01
L02282,SUBJ077,V0457,AST,36.08,10.0,40.0,2025-03-01
L02283,SUBJ077,V0457,Hemoglobin,15.97,12.0,16.0,2025-03-01
L02284,SUBJ077,V0457,WBC,18.61,4.0,11.0,2025-03-01
L02285,SUBJ077,V0457,Creatinine,0.83,0.6,1.3,2025-03-01
L02286,SUBJ077,V0458,ALT,34.0,7.0,56.0,2025-03-09
L02287,SUBJ077,V0458,AST,37.53,10.0,40.0,2025-03-09
L02288,SUBJ077,V0458,Hemoglobin,15.15,12.0,16.0,2025-03-09
L02289,SUBJ077,V0458,WBC,4.88,4.0,11.0,2025-03-09
L02290,SUBJ077,V0458,Creatinine,0.63,0.6,1.3,2025-03-09
L02291,SUBJ077,V0459,ALT,10.92,7.0,56.0,2025-03-14
L02292,SUBJ077,V0459,AST,10.95,10.0,40.0,2025-03-14
L02293,SUBJ077,V0459,Hemoglobin,10.81,12.0,16.0,2025-03-14
L02294,SUBJ077,V0459,WBC,7.51,4.0,11.0,2025-03-14
L02295,SUBJ077,V0459,Creatinine,0.96,0.6,1.3,2025-03-14
L02296,SUBJ077,V0460,ALT,40.06,7.0,56.0,2025-03-20
L02297,SUBJ077,V0460,AST,7.2,10.0,40.0,2025-03-20
L02298,SUBJ077,V0460,Hemoglobin,14.72,12.0,16.0,2025-03-20
L02299,SUBJ077,V0460,WBC,,4.0,11.0,2025-03-20
L02300,SUBJ077,V0460,Creatinine,1.26,0.6,1.3,2025-03-20
L02301,SUBJ077,V0461,ALT,44.32,7.0,56.0,2025-03-27
L02302,SUBJ077,V0461,AST,11.46,10.0,40.0,2025-03-27
L02303,SUBJ077,V0461,Hemoglobin,10.6,12.0,16.0,2025-03-27
L02304,SUBJ077,V0461,WBC,4.76,4.0,11.0,2025-03-27
L02305,SUBJ077,V0461,Creatinine,0.67,0.6,1.3,2025-03-27
L02306,SUBJ077,V0462,ALT,18.56,7.0,56.0,2025-04-06
L02307,SUBJ077,V0462,AST,33.22,10.0,40.0,2025-04-06
L02308,SUBJ077,V0462,Hemoglobin,12.75,12.0,16.0,2025-04-06
L02309,SUBJ077,V0462,WBC,7.43,4.0,11.0,2025-04-06
L02310,SUBJ077,V0462,Creatinine,0.77,0.6,1.3,2025-04-06
L02311,SUBJ078,V0463,ALT,55.12,7.0,56.0,2025-03-17
L02312,SUBJ078,V0463,AST,36.73,10.0,40.0,2025-03-17
L02313,SUBJ078,V0463,Hemoglobin,14.2,12.0,16.0,2025-03-17
L02314,SUBJ078,V0463,WBC,4.27,4.0,11.0,2025-03-17
L02315,SUBJ078,V0463,Creatinine,0.91,0.6,1.3,2025-03-17
L02316,SUBJ078,V0464,ALT,49.92,7.0,56.0,2025-03-26
L02317,SUBJ078,V0464,AST,32.62,10.0,40.0,2025-03-26
L02318,SUBJ078,V0464,Hemoglobin,13.88,12.0,16.0,2025-03-26
L02319,SUBJ078,V0464,WBC,6.4,4.0,11.0,2025-03-26
L02320,SUBJ078,V0464,Creatinine,1.11,0.6,1.3,2025-03-26
L02321,SUBJ078,V0465,ALT,31.02,7.0,56.0,2025-04-02
L02322,SUBJ078,V0465,AST,36.93,10.0,40.0,2025-04-02
L02323,SUBJ078,V0465,Hemoglobin,14.08,12.0,16.0,2025-04-02
L02324,SUBJ078,V0465,WBC,7.56,4.0,11.0,2025-04-02
L02325,SUBJ078,V0465,Creatinine,1.09,0.6,1.3,2025-04-02
L02326,SUBJ078,V0466,ALT,5.73,7.0,56.0,2025-04-07
L02327,SUBJ078,V0466,AST,27.88,10.0,40.0,2025-04-07
L02328,SUBJ078,V0466,Hemoglobin,22.35,12.0,16.0,2025-04-07
L02329,SUBJ078,V0466,WBC,9.02,4.0,11.0,2025-04-07
L02330,SUBJ078,V0466,Creatinine,1.07,0.6,1.3,2025-04-07
L02331,SUBJ078,V0467,ALT,52.24,7.0,56.0,2025-04-12
L02332,SUBJ078,V0467,AST,33.65,10.0,40.0,2025-04-12
L02333,SUBJ078,V0467,Hemoglobin,14.03,12.0,16.0,2025-04-12
L02334,SUBJ078,V0467,WBC,12.58,4.0,11.0,2025-04-12
L02335,SUBJ078,V0467,Creatinine,0.9,0.6,1.3,2025-04-12
L02336,SUBJ078,V0468,ALT,24.38,7.0,56.0,2025-04-23
L02337,SUBJ078,V0468,AST,30.35,10.0,40.0,2025-04-23
L02338,SUBJ078,V0468,Hemoglobin,13.96,12.0,16.0,2025-04-23
L02339,SUBJ078,V0468,WBC,9.62,4.0,11.0,2025-04-23
L02340,SUBJ078,V0468,Creatinine,1.11,0.6,1.3,2025-04-23
L02341,SUBJ079,V0469,ALT,58.22,7.0,56.0,2025-03-08
L02342,SUBJ079,V0469,AST,44.08,10.0,40.0,2025-03-08
L02343,SUBJ079,V0469,Hemoglobin,14.89,12.0,16.0,2025-03-08
L02344,SUBJ079,V0469,WBC,10.23,4.0,11.0,2025-03-08
L02345,SUBJ079,V0469,Creatinine,9.88,0.6,1.3,2025-03-08
L02346,SUBJ079,V0470,ALT,49.35,7.0,56.0,2025-03-16
L02347,SUBJ079,V0470,AST,37.35,10.0,40.0,2025-03-16
L02348,SUBJ079,V0470,Hemoglobin,14.35,12.0,16.0,2025-03-16
L02349,SUBJ079,V0470,WBC,,4.0,11.0,2025-03-16
L02350,SUBJ079,V0470,Creatinine,1.24,0.6,1.3,2025-03-16
L02351,SUBJ079,V0471,ALT,36.11,7.0,56.0,2025-03-22
L02352,SUBJ079,V0471,AST,26.5,10.0,40.0,2025-03-22
L02353,SUBJ079,V0471,Hemoglobin,14.8,12.0,16.0,2025-03-22
L02354,SUBJ079,V0471,WBC,8.47,4.0,11.0,2025-03-22
L02355,SUBJ079,V0471,Creatinine,0.92,0.6,1.3,2025-03-22
L02356,SUBJ079,V0472,ALT,8.92,7.0,56.0,2025-03-30
L02357,SUBJ079,V0472,AST,15.83,10.0,40.0,2025-03-30
L02358,SUBJ079,V0472,Hemoglobin,12.19,12.0,16.0,2025-03-30
L02359,SUBJ079,V0472,WBC,9.84,4.0,11.0,2025-03-30
L02360,SUBJ079,V0472,Creatinine,0.7,0.6,1.3,2025-03-30
L02361,SUBJ079,V0473,ALT,35.93,7.0,56.0,2025-04-05
L02362,SUBJ079,V0473,AST,18.69,10.0,40.0,2025-04-05
L02363,SUBJ079,V0473,Hemoglobin,15.13,12.0,16.0,2025-04-05
L02364,SUBJ079,V0473,WBC,4.41,4.0,11.0,2025-04-05
L02365,SUBJ079,V0473,Creatinine,0.66,0.6,1.3,2025-04-05
L02366,SUBJ079,V0474,ALT,52.54,7.0,56.0,2025-04-14
L02367,SUBJ079,V0474,AST,22.11,10.0,40.0,2025-04-14
L02368,SUBJ079,V0474,Hemoglobin,14.83,12.0,16.0,2025-04-14
L02369,SUBJ079,V0474,WBC,6.42,4.0,11.0,2025-04-14
L02370,SUBJ079,V0474,Creatinine,3.05,0.6,1.3,2025-04-14
L02371,SUBJ080,V0475,ALT,32.03,7.0,56.0,2025-01-26
L02372,SUBJ080,V0475,AST,10.68,10.0,40.0,2025-01-26
L02373,SUBJ080,V0475,Hemoglobin,12.14,12.0,16.0,2025-01-26
L02374,SUBJ080,V0475,WBC,10.64,4.0,11.0,2025-01-26
L02375,SUBJ080,V0475,Creatinine,0.83,0.6,1.3,2025-01-26
L02376,SUBJ080,V0476,ALT,38.46,7.0,56.0,2025-02-02
L02377,SUBJ080,V0476,AST,37.58,10.0,40.0,2025-02-02
L02378,SUBJ080,V0476,Hemoglobin,15.01,12.0,16.0,2025-02-02
L02379,SUBJ080,V0476,WBC,6.91,4.0,11.0,2025-02-02
L02380,SUBJ080,V0476,Creatinine,0.63,0.6,1.3,2025-02-02
L02381,SUBJ080,V0477,ALT,20.59,7.0,56.0,2025-02-06
L02382,SUBJ080,V0477,AST,19.53,10.0,40.0,2025-02-06
L02383,SUBJ080,V0477,Hemoglobin,17.91,12.0,16.0,2025-02-06
L02384,SUBJ080,V0477,WBC,8.15,4.0,11.0,2025-02-06
L02385,SUBJ080,V0477,Creatinine,1.18,0.6,1.3,2025-02-06
L02386,SUBJ080,V0478,ALT,59.06,7.0,56.0,2025-02-13
L02387,SUBJ080,V0478,AST,24.08,10.0,40.0,2025-02-13
L02388,SUBJ080,V0478,Hemoglobin,13.91,12.0,16.0,2025-02-13
L02389,SUBJ080,V0478,WBC,9.86,4.0,11.0,2025-02-13
L02390,SUBJ080,V0478,Creatinine,1.09,0.6,1.3,2025-02-13
L02391,SUBJ080,V0479,ALT,37.39,7.0,56.0,2025-02-21
L02392,SUBJ080,V0479,AST,39.07,10.0,40.0,2025-02-21
L02393,SUBJ080,V0479,Hemoglobin,15.84,12.0,16.0,2025-02-21
L02394,SUBJ080,V0479,WBC,6.9,4.0,11.0,2025-02-21
L02395,SUBJ080,V0479,Creatinine,0.77,0.6,1.3,2025-02-21
L02396,SUBJ080,V0480,ALT,,7.0,56.0,2025-02-26
L02397,SUBJ080,V0480,AST,31.07,10.0,40.0,2025-02-26
L02398,SUBJ080,V0480,Hemoglobin,13.53,12.0,16.0,2025-02-26
L02399,SUBJ080,V0480,WBC,10.95,4.0,11.0,2025-02-26
L02400,SUBJ080,V0480,Creatinine,1.24,0.6,1.3,2025-02-26
L02401,SUBJ081,V0481,ALT,37.29,7.0,56.0,2025-01-25
L02402,SUBJ081,V0481,AST,20.67,10.0,40.0,2025-01-25
L02403,SUBJ081,V0481,Hemoglobin,13.15,12.0,16.0,2025-01-25
L02404,SUBJ081,V0481,WBC,6.11,4.0,11.0,2025-01-25
L02405,SUBJ081,V0481,Creatinine,-0.75,0.6,1.3,2025-01-25
L02406,SUBJ081,V0482,ALT,16.74,7.0,56.0,2025-02-04
L02407,SUBJ081,V0482,AST,13.05,10.0,40.0,2025-02-04
L02408,SUBJ081,V0482,Hemoglobin,14.44,12.0,16.0,2025-02-04
L02409,SUBJ081,V0482,WBC,5.45,4.0,11.0,2025-02-04
L02410,SUBJ081,V0482,Creatinine,0.8,0.6,1.3,2025-02-04
L02411,SUBJ081,V0483,ALT,20.61,7.0,56.0,2025-02-08
L02412,SUBJ081,V0483,AST,29.79,10.0,40.0,2025-02-08
L02413,SUBJ081,V0483,Hemoglobin,15.1,12.0,16.0,2025-02-08
L02414,SUBJ081,V0483,WBC,6.71,4.0,11.0,2025-02-08
L02415,SUBJ081,V0483,Creatinine,1.14,0.6,1.3,2025-02-08
L02416,SUBJ081,V0484,ALT,54.79,7.0,56.0,2025-02-15
L02417,SUBJ081,V0484,AST,36.59,10.0,40.0,2025-02-15
L02418,SUBJ081,V0484,Hemoglobin,13.78,12.0,16.0,2025-02-15
L02419,SUBJ081,V0484,WBC,18.46,4.0,11.0,2025-02-15
L02420,SUBJ081,V0484,Creatinine,-0.9,0.6,1.3,2025-02-15
L02421,SUBJ081,V0485,ALT,47.19,7.0,56.0,2025-02-23
L02422,SUBJ081,V0485,AST,29.86,10.0,40.0,2025-02-23
L02423,SUBJ081,V0485,Hemoglobin,14.67,12.0,16.0,2025-02-23
L02424,SUBJ081,V0485,WBC,4.47,4.0,11.0,2025-02-23
L02425,SUBJ081,V0485,Creatinine,0.89,0.6,1.3,2025-02-23
L02426,SUBJ081,V0486,ALT,27.36,7.0,56.0,2025-02-28
L02427,SUBJ081,V0486,AST,34.72,10.0,40.0,2025-02-28
L02428,SUBJ081,V0486,Hemoglobin,14.76,12.0,16.0,2025-02-28
L02429,SUBJ081,V0486,WBC,10.84,4.0,11.0,2025-02-28
L02430,SUBJ081,V0486,Creatinine,0.82,0.6,1.3,2025-02-28
L02431,SUBJ082,V0487,ALT,45.77,7.0,56.0,2025-03-14
L02432,SUBJ082,V0487,AST,44.89,10.0,40.0,2025-03-14
L02433,SUBJ082,V0487,Hemoglobin,15.39,12.0,16.0,2025-03-14
L02434,SUBJ082,V0487,WBC,,4.0,11.0,2025-03-14
L02435,SUBJ082,V0487,Creatinine,1.07,0.6,1.3,2025-03-14
L02436,SUBJ082,V0488,ALT,11.27,7.0,56.0,2025-03-21
L02437,SUBJ082,V0488,AST,35.13,10.0,40.0,2025-03-21
L02438,SUBJ082,V0488,Hemoglobin,12.31,12.0,16.0,2025-03-21
L02439,SUBJ082,V0488,WBC,5.18,4.0,11.0,2025-03-21
L02440,SUBJ082,V0488,Creatinine,0.64,0.6,1.3,2025-03-21
L02441,SUBJ082,V0489,ALT,31.28,7.0,56.0,2025-03-26
L02442,SUBJ082,V0489,AST,12.74,10.0,40.0,2025-03-26
L02443,SUBJ082,V0489,Hemoglobin,13.52,12.0,16.0,2025-03-26
L02444,SUBJ082,V0489,WBC,10.01,4.0,11.0,2025-03-26
L02445,SUBJ082,V0489,Creatinine,0.98,0.6,1.3,2025-03-26
L02446,SUBJ082,V0490,ALT,50.45,7.0,56.0,2025-04-06
L02447,SUBJ082,V0490,AST,30.08,10.0,40.0,2025-04-06
L02448,SUBJ082,V0490,Hemoglobin,12.6,12.0,16.0,2025-04-06
L02449,SUBJ082,V0490,WBC,,4.0,11.0,2025-04-06
L02450,SUBJ082,V0490,Creatinine,,0.6,1.3,2025-04-06
L02451,SUBJ082,V0491,ALT,29.88,7.0,56.0,2025-04-11
L02452,SUBJ082,V0491,AST,20.08,10.0,40.0,2025-04-11
L02453,SUBJ082,V0491,Hemoglobin,14.75,12.0,16.0,2025-04-11
L02454,SUBJ082,V0491,WBC,6.71,4.0,11.0,2025-04-11
L02455,SUBJ082,V0491,Creatinine,0.72,0.6,1.3,2025-04-11
L02456,SUBJ082,V0492,ALT,65.71,7.0,56.0,2025-04-16
L02457,SUBJ082,V0492,AST,,10.0,40.0,2025-04-16
L02458,SUBJ082,V0492,Hemoglobin,13.19,12.0,16.0,2025-04-16
L02459,SUBJ082,V0492,WBC,6.03,4.0,11.0,2025-04-16
L02460,SUBJ082,V0492,Creatinine,0.89,0.6,1.3,2025-04-16
L02461,SUBJ083,V0493,ALT,10.04,7.0,56.0,2025-03-04
L02462,SUBJ083,V0493,AST,33.43,10.0,40.0,2025-03-04
L02463,SUBJ083,V0493,Hemoglobin,12.53,12.0,16.0,2025-03-04
L02464,SUBJ083,V0493,WBC,10.91,4.0,11.0,2025-03-04
L02465,SUBJ083,V0493,Creatinine,0.79,0.6,1.3,2025-03-04
L02466,SUBJ083,V0494,ALT,17.76,7.0,56.0,2025-03-08
L02467,SUBJ083,V0494,AST,46.91,10.0,40.0,2025-03-08
L02468,SUBJ083,V0494,Hemoglobin,14.28,12.0,16.0,2025-03-08
L02469,SUBJ083,V0494,WBC,4.71,4.0,11.0,2025-03-08
L02470,SUBJ083,V0494,Creatinine,0.84,0.6,1.3,2025-03-08
L02471,SUBJ083,V0495,ALT,7.16,7.0,56.0,2025-03-19
L02472,SUBJ083,V0495,AST,31.51,10.0,40.0,2025-03-19
L02473,SUBJ083,V0495,Hemoglobin,15.87,12.0,16.0,2025-03-19
L02474,SUBJ083,V0495,WBC,7.37,4.0,11.0,2025-03-19
L02475,SUBJ083,V0495,Creatinine,-0.87,0.6,1.3,2025-03-19
L02476,SUBJ083,V0496,ALT,13.39,7.0,56.0,2025-03-24
L02477,SUBJ083,V0496,AST,16.78,10.0,40.0,2025-03-24
L02478,SUBJ083,V0496,Hemoglobin,14.7,12.0,16.0,2025-03-24
L02479,SUBJ083,V0496,WBC,4.04,4.0,11.0,2025-03-24
L02480,SUBJ083,V0496,Creatinine,1.01,0.6,1.3,2025-03-24
L02481,SUBJ083,V0497,ALT,37.26,7.0,56.0,2025-03-31
L02482,SUBJ083,V0497,AST,37.32,10.0,40.0,2025-03-31
L02483,SUBJ083,V0497,Hemoglobin,22.6,12.0,16.0,2025-03-31
L02484,SUBJ083,V0497,WBC,8.43,4.0,11.0,2025-03-31
L02485,SUBJ083,V0497,Creatinine,1.18,0.6,1.3,2025-03-31
L02486,SUBJ083,V0498,ALT,30.63,7.0,56.0,2025-04-06
L02487,SUBJ083,V0498,AST,32.74,10.0,40.0,2025-04-06
L02488,SUBJ083,V0498,Hemoglobin,14.59,12.0,16.0,2025-04-06
L02489,SUBJ083,V0498,WBC,,4.0,11.0,2025-04-06
L02490,SUBJ083,V0498,Creatinine,0.97,0.6,1.3,2025-04-06
L02491,SUBJ084,V0499,ALT,14.56,7.0,56.0,2025-03-15
L02492,SUBJ084,V0499,AST,48.68,10.0,40.0,2025-03-15
L02493,SUBJ084,V0499,Hemoglobin,14.1,12.0,16.0,2025-03-15
L02494,SUBJ084,V0499,WBC,5.26,4.0,11.0,2025-03-15
L02495,SUBJ084,V0499,Creatinine,0.83,0.6,1.3,2025-03-15
L02496,SUBJ084,V0500,ALT,8.35,7.0,56.0,2025-03-23
L02497,SUBJ084,V0500,AST,29.59,10.0,40.0,2025-03-23
L02498,SUBJ084,V0500,Hemoglobin,12.26,12.0,16.0,2025-03-23
L02499,SUBJ084,V0500,WBC,4.91,4.0,11.0,2025-03-23
L02500,SUBJ084,V0500,Creatinine,0.66,0.6,1.3,2025-03-23
L02501,SUBJ084,V0501,ALT,18.42,7.0,56.0,2025-03-31
L02502,SUBJ084,V0501,AST,33.82,10.0,40.0,2025-03-31
L02503,SUBJ084,V0501,Hemoglobin,13.07,12.0,16.0,2025-03-31
L02504,SUBJ084,V0501,WBC,10.19,4.0,11.0,2025-03-31
L02505,SUBJ084,V0501,Creatinine,1.25,0.6,1.3,2025-03-31
L02506,SUBJ084,V0502,ALT,32.32,7.0,56.0,2025-04-06
L02507,SUBJ084,V0502,AST,38.91,10.0,40.0,2025-04-06
L02508,SUBJ084,V0502,Hemoglobin,14.59,12.0,16.0,2025-04-06
L02509,SUBJ084,V0502,WBC,2.02,4.0,11.0,2025-04-06
L02510,SUBJ084,V0502,Creatinine,0.61,0.6,1.3,2025-04-06
L02511,SUBJ084,V0503,ALT,52.51,7.0,56.0,2025-04-15
L02512,SUBJ084,V0503,AST,10.86,10.0,40.0,2025-04-15
L02513,SUBJ084,V0503,Hemoglobin,15.32,12.0,16.0,2025-04-15
L02514,SUBJ084,V0503,WBC,9.22,4.0,11.0,2025-04-15
L02515,SUBJ084,V0503,Creatinine,0.89,0.6,1.3,2025-04-15
L02516,SUBJ084,V0504,ALT,,7.0,56.0,2025-04-18
L02517,SUBJ084,V0504,AST,22.81,10.0,40.0,2025-04-18
L02518,SUBJ084,V0504,Hemoglobin,14.24,12.0,16.0,2025-04-18
L02519,SUBJ084,V0504,WBC,13.0,4.0,11.0,2025-04-18
L02520,SUBJ084,V0504,Creatinine,-0.68,0.6,1.3,2025-04-18
L02521,SUBJ085,V0505,ALT,37.29,7.0,56.0,2025-01-09
L02522,SUBJ085,V0505,AST,38.78,10.0,40.0,2025-01-09
L02523,SUBJ085,V0505,Hemoglobin,10.48,12.0,16.0,2025-01-09
L02524,SUBJ085,V0505,WBC,9.14,4.0,11.0,2025-01-09
L02525,SUBJ085,V0505,Creatinine,,0.6,1.3,2025-01-09
L02526,SUBJ085,V0506,ALT,27.89,7.0,56.0,2025-01-16
L02527,SUBJ085,V0506,AST,25.14,10.0,40.0,2025-01-16
L02528,SUBJ085,V0506,Hemoglobin,14.97,12.0,16.0,2025-01-16
L02529,SUBJ085,V0506,WBC,10.59,4.0,11.0,2025-01-16
L02530,SUBJ085,V0506,Creatinine,1.16,0.6,1.3,2025-01-16
L02531,SUBJ085,V0507,ALT,30.26,7.0,56.0,2025-01-23
L02532,SUBJ085,V0507,AST,20.85,10.0,40.0,2025-01-23
L02533,SUBJ085,V0507,Hemoglobin,12.55,12.0,16.0,2025-01-23
L02534,SUBJ085,V0507,WBC,7.17,4.0,11.0,2025-01-23
L02535,SUBJ085,V0507,Creatinine,-1.02,0.6,1.3,2025-01-23
L02536,SUBJ085,V0508,ALT,43.46,7.0,56.0,2025-01-31
L02537,SUBJ085,V0508,AST,17.58,10.0,40.0,2025-01-31
L02538,SUBJ085,V0508,Hemoglobin,13.14,12.0,16.0,2025-01-31
L02539,SUBJ085,V0508,WBC,5.96,4.0,11.0,2025-01-31
L02540,SUBJ085,V0508,Creatinine,,0.6,1.3,2025-01-31
L02541,SUBJ085,V0509,ALT,31.08,7.0,56.0,2025-02-10
L02542,SUBJ085,V0509,AST,24.31,10.0,40.0,2025-02-10
L02543,SUBJ085,V0509,Hemoglobin,14.98,12.0,16.0,2025-02-10
L02544,SUBJ085,V0509,WBC,10.36,4.0,11.0,2025-02-10
L02545,SUBJ085,V0509,Creatinine,0.62,0.6,1.3,2025-02-10
L02546,SUBJ085,V0510,ALT,7.54,7.0,56.0,2025-02-14
L02547,SUBJ085,V0510,AST,17.69,10.0,40.0,2025-02-14
L02548,SUBJ085,V0510,Hemoglobin,14.23,12.0,16.0,2025-02-14
L02549,SUBJ085,V0510,WBC,2.4,4.0,11.0,2025-02-14
L02550,SUBJ085,V0510,Creatinine,1.15,0.6,1.3,2025-02-14
L02551,SUBJ086,V0511,ALT,21.21,7.0,56.0,2025-03-27
L02552,SUBJ086,V0511,AST,25.01,10.0,40.0,2025-03-27
L02553,SUBJ086,V0511,Hemoglobin,13.36,12.0,16.0,2025-03-27
L02554,SUBJ086,V0511,WBC,7.88,4.0,11.0,2025-03-27
L02555,SUBJ086,V0511,Creatinine,1.07,0.6,1.3,2025-03-27
L02556,SUBJ086,V0512,ALT,64.38,7.0,56.0,2025-04-05
L02557,SUBJ086,V0512,AST,11.15,10.0,40.0,2025-04-05
L02558,SUBJ086,V0512,Hemoglobin,,12.0,16.0,2025-04-05
L02559,SUBJ086,V0512,WBC,8.93,4.0,11.0,2025-04-05
L02560,SUBJ086,V0512,Creatinine,0.63,0.6,1.3,2025-04-05
L02561,SUBJ086,V0513,ALT,43.86,7.0,56.0,2025-04-09
L02562,SUBJ086,V0513,AST,46.58,10.0,40.0,2025-04-09
L02563,SUBJ086,V0513,Hemoglobin,14.61,12.0,16.0,2025-04-09
L02564,SUBJ086,V0513,WBC,8.44,4.0,11.0,2025-04-09
L02565,SUBJ086,V0513,Creatinine,1.14,0.6,1.3,2025-04-09
L02566,SUBJ086,V0514,ALT,55.77,7.0,56.0,2025-04-19
L02567,SUBJ086,V0514,AST,37.09,10.0,40.0,2025-04-19
L02568,SUBJ086,V0514,Hemoglobin,12.91,12.0,16.0,2025-04-19
L02569,SUBJ086,V0514,WBC,8.86,4.0,11.0,2025-04-19
L02570,SUBJ086,V0514,Creatinine,,0.6,1.3,2025-04-19
L02571,SUBJ086,V0515,ALT,37.84,7.0,56.0,2025-04-23
L02572,SUBJ086,V0515,AST,38.67,10.0,40.0,2025-04-23
L02573,SUBJ086,V0515,Hemoglobin,13.02,12.0,16.0,2025-04-23
L02574,SUBJ086,V0515,WBC,6.37,4.0,11.0,2025-04-23
L02575,SUBJ086,V0515,Creatinine,0.91,0.6,1.3,2025-04-23
L02576,SUBJ086,V0516,ALT,11.5,7.0,56.0,2025-05-04
L02577,SUBJ086,V0516,AST,37.17,10.0,40.0,2025-05-04
L02578,SUBJ086,V0516,Hemoglobin,14.52,12.0,16.0,2025-05-04
L02579,SUBJ086,V0516,WBC,6.11,4.0,11.0,2025-05-04
L02580,SUBJ086,V0516,Creatinine,0.64,0.6,1.3,2025-05-04
L02581,SUBJ087,V0517,ALT,52.33,7.0,56.0,2025-03-03
L02582,SUBJ087,V0517,AST,13.52,10.0,40.0,2025-03-03
L02583,SUBJ087,V0517,Hemoglobin,15.47,12.0,16.0,2025-03-03
L02584,SUBJ087,V0517,WBC,4.42,4.0,11.0,2025-03-03
L02585,SUBJ087,V0517,Creatinine,0.72,0.6,1.3,2025-03-03
L02586,SUBJ087,V0518,ALT,22.99,7.0,56.0,2025-03-07
L02587,SUBJ087,V0518,AST,24.54,10.0,40.0,2025-03-07
L02588,SUBJ087,V0518,Hemoglobin,13.58,12.0,16.0,2025-03-07
L02589,SUBJ087,V0518,WBC,7.67,4.0,11.0,2025-03-07
L02590,SUBJ087,V0518,Creatinine,0.78,0.6,1.3,2025-03-07
L02591,SUBJ087,V0519,ALT,11.34,7.0,56.0,2025-03-16
L02592,SUBJ087,V0519,AST,34.62,10.0,40.0,2025-03-16
L02593,SUBJ087,V0519,Hemoglobin,15.08,12.0,16.0,2025-03-16
L02594,SUBJ087,V0519,WBC,,4.0,11.0,2025-03-16
L02595,SUBJ087,V0519,Creatinine,-1.76,0.6,1.3,2025-03-16
L02596,SUBJ087,V0520,ALT,54.63,7.0,56.0,2025-03-21
L02597,SUBJ087,V0520,AST,18.43,10.0,40.0,2025-03-21
L02598,SUBJ087,V0520,Hemoglobin,14.23,12.0,16.0,2025-03-21
L02599,SUBJ087,V0520,WBC,6.65,4.0,11.0,2025-03-21
L02600,SUBJ087,V0520,Creatinine,1.26,0.6,1.3,2025-03-21
L02601,SUBJ087,V0521,ALT,22.42,7.0,56.0,2025-03-31
L02602,SUBJ087,V0521,AST,31.02,10.0,40.0,2025-03-31
L02603,SUBJ087,V0521,Hemoglobin,14.21,12.0,16.0,2025-03-31
L02604,SUBJ087,V0521,WBC,7.94,4.0,11.0,2025-03-31
L02605,SUBJ087,V0521,Creatinine,0.91,0.6,1.3,2025-03-31
L02606,SUBJ087,V0522,ALT,64.56,7.0,56.0,2025-04-04
L02607,SUBJ087,V0522,AST,21.12,10.0,40.0,2025-04-04
L02608,SUBJ087,V0522,Hemoglobin,12.33,12.0,16.0,2025-04-04
L02609,SUBJ087,V0522,WBC,9.45,4.0,11.0,2025-04-04
L02610,SUBJ087,V0522,Creatinine,0.86,0.6,1.3,2025-04-04
L02611,SUBJ088,V0523,ALT,,7.0,56.0,2025-04-01
L02612,SUBJ088,V0523,AST,35.11,10.0,40.0,2025-04-01
L02613,SUBJ088,V0523,Hemoglobin,13.2,12.0,16.0,2025-04-01
L02614,SUBJ088,V0523,WBC,7.86,4.0,11.0,2025-04-01
L02615,SUBJ088,V0523,Creatinine,1.28,0.6,1.3,2025-04-01
L02616,SUBJ088,V0524,ALT,16.52,7.0,56.0,2025-04-09
L02617,SUBJ088,V0524,AST,35.89,10.0,40.0,2025-04-09
L02618,SUBJ088,V0524,Hemoglobin,15.2,12.0,16.0,2025-04-09
L02619,SUBJ088,V0524,WBC,4.13,4.0,11.0,2025-04-09
L02620,SUBJ088,V0524,Creatinine,10.85,0.6,1.3,2025-04-09
L02621,SUBJ088,V0525,ALT,4.5,7.0,56.0,2025-04-16
L02622,SUBJ088,V0525,AST,44.84,10.0,40.0,2025-04-16
L02623,SUBJ088,V0525,Hemoglobin,24.42,12.0,16.0,2025-04-16
L02624,SUBJ088,V0525,WBC,4.17,4.0,11.0,2025-04-16
L02625,SUBJ088,V0525,Creatinine,1.09,0.6,1.3,2025-04-16
L02626,SUBJ088,V0526,ALT,34.94,7.0,56.0,2025-04-24
L02627,SUBJ088,V0526,AST,41.14,10.0,40.0,2025-04-24
L02628,SUBJ088,V0526,Hemoglobin,14.71,12.0,16.0,2025-04-24
L02629,SUBJ088,V0526,WBC,4.42,4.0,11.0,2025-04-24
L02630,SUBJ088,V0526,Creatinine,1.28,0.6,1.3,2025-04-24
L02631,SUBJ088,V0527,ALT,32.84,7.0,56.0,2025-04-29
L02632,SUBJ088,V0527,AST,29.89,10.0,40.0,2025-04-29
L02633,SUBJ088,V0527,Hemoglobin,14.59,12.0,16.0,2025-04-29
L02634,SUBJ088,V0527,WBC,18.64,4.0,11.0,2025-04-29
L02635,SUBJ088,V0527,Creatinine,0.63,0.6,1.3,2025-04-29
L02636,SUBJ088,V0528,ALT,28.32,7.0,56.0,2025-05-08
L02637,SUBJ088,V0528,AST,,10.0,40.0,2025-05-08
L02638,SUBJ088,V0528,Hemoglobin,15.38,12.0,16.0,2025-05-08
L02639,SUBJ088,V0528,WBC,7.32,4.0,11.0,2025-05-08
L02640,SUBJ088,V0528,Creatinine,1.22,0.6,1.3,2025-05-08
L02641,SUBJ089,V0529,ALT,26.43,7.0,56.0,2025-02-03
L02642,SUBJ089,V0529,AST,39.25,10.0,40.0,2025-02-03
L02643,SUBJ089,V0529,Hemoglobin,13.16,12.0,16.0,2025-02-03
L02644,SUBJ089,V0529,WBC,7.25,4.0,11.0,2025-02-03
L02645,SUBJ089,V0529,Creatinine,0.89,0.6,1.3,2025-02-03
L02646,SUBJ089,V0530,ALT,45.35,7.0,56.0,2025-02-07
L02647,SUBJ089,V0530,AST,25.67,10.0,40.0,2025-02-07
L02648,SUBJ089,V0530,Hemoglobin,18.56,12.0,16.0,2025-02-07
L02649,SUBJ089,V0530,WBC,,4.0,11.0,2025-02-07
L02650,SUBJ089,V0530,Creatinine,1.08,0.6,1.3,2025-02-07
L02651,SUBJ089,V0531,ALT,37.29,7.0,56.0,2025-02-14
L02652,SUBJ089,V0531,AST,28.75,10.0,40.0,2025-02-14
L02653,SUBJ089,V0531,Hemoglobin,14.55,12.0,16.0,2025-02-14
L02654,SUBJ089,V0531,WBC,6.84,4.0,11.0,2025-02-14
L02655,SUBJ089,V0531,Creatinine,0.68,0.6,1.3,2025-02-14
L02656,SUBJ089,V0532,ALT,50.96,7.0,56.0,2025-02-21
L02657,SUBJ089,V0532,AST,31.9,10.0,40.0,2025-02-21
L02658,SUBJ089,V0532,Hemoglobin,13.71,12.0,16.0,2025-02-21
L02659,SUBJ089,V0532,WBC,5.67,4.0,11.0,2025-02-21
L02660,SUBJ089,V0532,Creatinine,0.92,0.6,1.3,2025-02-21
L02661,SUBJ089,V0533,ALT,31.34,7.0,56.0,2025-02-27
L02662,SUBJ089,V0533,AST,43.19,10.0,40.0,2025-02-27
L02663,SUBJ089,V0533,Hemoglobin,15.23,12.0,16.0,2025-02-27
L02664,SUBJ089,V0533,WBC,10.61,4.0,11.0,2025-02-27
L02665,SUBJ089,V0533,Creatinine,1.1,0.6,1.3,2025-02-27
L02666,SUBJ089,V0534,ALT,53.61,7.0,56.0,2025-03-06
L02667,SUBJ089,V0534,AST,17.63,10.0,40.0,2025-03-06
L02668,SUBJ089,V0534,Hemoglobin,14.35,12.0,16.0,2025-03-06
L02669,SUBJ089,V0534,WBC,7.23,4.0,11.0,2025-03-06
L02670,SUBJ089,V0534,Creatinine,1.19,0.6,1.3,2025-03-06
L02671,SUBJ090,V0535,ALT,,7.0,56.0,2025-02-08
L02672,SUBJ090,V0535,AST,46.41,10.0,40.0,2025-02-08
L02673,SUBJ090,V0535,Hemoglobin,12.02,12.0,16.0,2025-02-08
L02674,SUBJ090,V0535,WBC,8.13,4.0,11.0,2025-02-08
L02675,SUBJ090,V0535,Creatinine,1.01,0.6,1.3,2025-02-08
L02676,SUBJ090,V0536,ALT,53.3,7.0,56.0,2025-02-13
L02677,SUBJ090,V0536,AST,8.27,10.0,40.0,2025-02-13
L02678,SUBJ090,V0536,Hemoglobin,12.56,12.0,16.0,2025-02-13
L02679,SUBJ090,V0536,WBC,4.73,4.0,11.0,2025-02-13
L02680,SUBJ090,V0536,Creatinine,1.04,0.6,1.3,2025-02-13
L02681,SUBJ090,V0537,ALT,43.73,7.0,56.0,2025-02-20
L02682,SUBJ090,V0537,AST,8.77,10.0,40.0,2025-02-20
L02683,SUBJ090,V0537,Hemoglobin,12.73,12.0,16.0,2025-02-20
L02684,SUBJ090,V0537,WBC,4.36,4.0,11.0,2025-02-20
L02685,SUBJ090,V0537,Creatinine,0.69,0.6,1.3,2025-02-20
L02686,SUBJ090,V0538,ALT,,7.0,56.0,2025-02-28
L02687,SUBJ090,V0538,AST,22.38,10.0,40.0,2025-02-28
L02688,SUBJ090,V0538,Hemoglobin,14.89,12.0,16.0,2025-02-28
L02689,SUBJ090,V0538,WBC,5.14,4.0,11.0,2025-02-28
L02690,SUBJ090,V0538,Creatinine,0.63,0.6,1.3,2025-02-28
L02691,SUBJ090,V0539,ALT,,7.0,56.0,2025-03-08
L02692,SUBJ090,V0539,AST,34.76,10.0,40.0,2025-03-08
L02693,SUBJ090,V0539,Hemoglobin,15.73,12.0,16.0,2025-03-08
L02694,SUBJ090,V0539,WBC,7.95,4.0,11.0,2025-03-08
L02695,SUBJ090,V0539,Creatinine,0.83,0.6,1.3,2025-03-08
L02696,SUBJ090,V0540,ALT,16.64,7.0,56.0,2025-03-17
L02697,SUBJ090,V0540,AST,29.48,10.0,40.0,2025-03-17
L02698,SUBJ090,V0540,Hemoglobin,13.84,12.0,16.0,2025-03-17
L02699,SUBJ090,V0540,WBC,4.9,4.0,11.0,2025-03-17
L02700,SUBJ090,V0540,Creatinine,7.97,0.6,1.3,2025-03-17
L02701,SUBJ091,V0541,ALT,24.65,7.0,56.0,2025-01-03
L02702,SUBJ091,V0541,AST,11.89,10.0,40.0,2025-01-03
L02703,SUBJ091,V0541,Hemoglobin,13.87,12.0,16.0,2025-01-03
L02704,SUBJ091,V0541,WBC,6.91,4.0,11.0,2025-01-03
L02705,SUBJ091,V0541,Creatinine,0.62,0.6,1.3,2025-01-03
L02706,SUBJ091,V0542,ALT,65.3,7.0,56.0,2025-01-10
L02707,SUBJ091,V0542,AST,30.69,10.0,40.0,2025-01-10
L02708,SUBJ091,V0542,Hemoglobin,,12.0,16.0,2025-01-10
L02709,SUBJ091,V0542,WBC,5.72,4.0,11.0,2025-01-10
L02710,SUBJ091,V0542,Creatinine,0.73,0.6,1.3,2025-01-10
L02711,SUBJ091,V0543,ALT,11.29,7.0,56.0,2025-01-14
L02712,SUBJ091,V0543,AST,22.93,10.0,40.0,2025-01-14
L02713,SUBJ091,V0543,Hemoglobin,13.38,12.0,16.0,2025-01-14
L02714,SUBJ091,V0543,WBC,10.24,4.0,11.0,2025-01-14
L02715,SUBJ091,V0543,Creatinine,1.05,0.6,1.3,2025-01-14
L02716,SUBJ091,V0544,ALT,13.28,7.0,56.0,2025-01-22
L02717,SUBJ091,V0544,AST,,10.0,40.0,2025-01-22
L02718,SUBJ091,V0544,Hemoglobin,13.72,12.0,16.0,2025-01-22
L02719,SUBJ091,V0544,WBC,5.3,4.0,11.0,2025-01-22
L02720,SUBJ091,V0544,Creatinine,1.14,0.6,1.3,2025-01-22
L02721,SUBJ091,V0545,ALT,13.84,7.0,56.0,2025-01-29
L02722,SUBJ091,V0545,AST,18.33,10.0,40.0,2025-01-29
L02723,SUBJ091,V0545,Hemoglobin,23.74,12.0,16.0,2025-01-29
L02724,SUBJ091,V0545,WBC,10.29,4.0,11.0,2025-01-29
L02725,SUBJ091,V0545,Creatinine,1.05,0.6,1.3,2025-01-29
L02726,SUBJ091,V0546,ALT,5.25,7.0,56.0,2025-02-04
L02727,SUBJ091,V0546,AST,29.81,10.0,40.0,2025-02-04
L02728,SUBJ091,V0546,Hemoglobin,14.68,12.0,16.0,2025-02-04
L02729,SUBJ091,V0546,WBC,5.19,4.0,11.0,2025-02-04
L02730,SUBJ091,V0546,Creatinine,0.7,0.6,1.3,2025-02-04
L02731,SUBJ092,V0547,ALT,36.29,7.0,56.0,2025-01-22
L02732,SUBJ092,V0547,AST,,10.0,40.0,2025-01-22
L02733,SUBJ092,V0547,Hemoglobin,15.49,12.0,16.0,2025-01-22
L02734,SUBJ092,V0547,WBC,5.7,4.0,11.0,2025-01-22
L02735,SUBJ092,V0547,Creatinine,-0.89,0.6,1.3,2025-01-22
L02736,SUBJ092,V0548,ALT,27.0,7.0,56.0,2025-01-27
L02737,SUBJ092,V0548,AST,27.74,10.0,40.0,2025-01-27
L02738,SUBJ092,V0548,Hemoglobin,9.31,12.0,16.0,2025-01-27
L02739,SUBJ092,V0548,WBC,10.28,4.0,11.0,2025-01-27
L02740,SUBJ092,V0548,Creatinine,,0.6,1.3,2025-01-27
L02741,SUBJ092,V0549,ALT,42.85,7.0,56.0,2025-02-06
L02742,SUBJ092,V0549,AST,23.57,10.0,40.0,2025-02-06
L02743,SUBJ092,V0549,Hemoglobin,14.01,12.0,16.0,2025-02-06
L02744,SUBJ092,V0549,WBC,6.84,4.0,11.0,2025-02-06
L02745,SUBJ092,V0549,Creatinine,1.22,0.6,1.3,2025-02-06
L02746,SUBJ092,V0550,ALT,16.06,7.0,56.0,2025-02-12
L02747,SUBJ092,V0550,AST,35.39,10.0,40.0,2025-02-12
L02748,SUBJ092,V0550,Hemoglobin,14.85,12.0,16.0,2025-02-12
L02749,SUBJ092,V0550,WBC,7.37,4.0,11.0,2025-02-12
L02750,SUBJ092,V0550,Creatinine,1.3,0.6,1.3,2025-02-12
L02751,SUBJ092,V0551,ALT,29.48,7.0,56.0,2025-02-18
L02752,SUBJ092,V0551,AST,21.75,10.0,40.0,2025-02-18
L02753,SUBJ092,V0551,Hemoglobin,22.52,12.0,16.0,2025-02-18
L02754,SUBJ092,V0551,WBC,20.56,4.0,11.0,2025-02-18
L02755,SUBJ092,V0551,Creatinine,1.1,0.6,1.3,2025-02-18
L02756,SUBJ092,V0552,ALT,16.85,7.0,56.0,2025-02-27
L02757,SUBJ092,V0552,AST,26.86,10.0,40.0,2025-02-27
L02758,SUBJ092,V0552,Hemoglobin,13.66,12.0,16.0,2025-02-27
L02759,SUBJ092,V0552,WBC,5.58,4.0,11.0,2025-02-27
L02760,SUBJ092,V0552,Creatinine,0.64,0.6,1.3,2025-02-27
L02761,SUBJ093,V0553,ALT,7.29,7.0,56.0,2025-03-13
L02762,SUBJ093,V0553,AST,12.27,10.0,40.0,2025-03-13
L02763,SUBJ093,V0553,Hemoglobin,13.22,12.0,16.0,2025-03-13
L02764,SUBJ093,V0553,WBC,6.3,4.0,11.0,2025-03-13
L02765,SUBJ093,V0553,Creatinine,0.82,0.6,1.3,2025-03-13
L02766,SUBJ093,V0554,ALT,40.31,7.0,56.0,2025-03-21
L02767,SUBJ093,V0554,AST,37.56,10.0,40.0,2025-03-21
L02768,SUBJ093,V0554,Hemoglobin,13.61,12.0,16.0,2025-03-21
L02769,SUBJ093,V0554,WBC,10.47,4.0,11.0,2025-03-21
L02770,SUBJ093,V0554,Creatinine,1.04,0.6,1.3,2025-03-21
L02771,SUBJ093,V0555,ALT,34.44,7.0,56.0,2025-03-25
L02772,SUBJ093,V0555,AST,26.77,10.0,40.0,2025-03-25
L02773,SUBJ093,V0555,Hemoglobin,12.29,12.0,16.0,2025-03-25
L02774,SUBJ093,V0555,WBC,4.14,4.0,11.0,2025-03-25
L02775,SUBJ093,V0555,Creatinine,0.7,0.6,1.3,2025-03-25
L02776,SUBJ093,V0556,ALT,21.41,7.0,56.0,2025-04-04
L02777,SUBJ093,V0556,AST,10.5,10.0,40.0,2025-04-04
L02778,SUBJ093,V0556,Hemoglobin,13.55,12.0,16.0,2025-04-04
L02779,SUBJ093,V0556,WBC,9.27,4.0,11.0,2025-04-04
L02780,SUBJ093,V0556,Creatinine,0.71,0.6,1.3,2025-04-04
L02781,SUBJ093,V0557,ALT,,7.0,56.0,2025-04-11
L02782,SUBJ093,V0557,AST,26.84,10.0,40.0,2025-04-11
L02783,SUBJ093,V0557,Hemoglobin,12.76,12.0,16.0,2025-04-11
L02784,SUBJ093,V0557,WBC,12.54,4.0,11.0,2025-04-11
L02785,SUBJ093,V0557,Creatinine,2.31,0.6,1.3,2025-04-11
L02786,SUBJ093,V0558,ALT,43.58,7.0,56.0,2025-04-18
L02787,SUBJ093,V0558,AST,,10.0,40.0,2025-04-18
L02788,SUBJ093,V0558,Hemoglobin,15.1,12.0,16.0,2025-04-18
L02789,SUBJ093,V0558,WBC,9.12,4.0,11.0,2025-04-18
L02790,SUBJ093,V0558,Creatinine,0.82,0.6,1.3,2025-04-18
L02791,SUBJ094,V0559,ALT,43.64,7.0,56.0,2025-01-19
L02792,SUBJ094,V0559,AST,24.27,10.0,40.0,2025-01-19
L02793,SUBJ094,V0559,Hemoglobin,12.4,12.0,16.0,2025-01-19
L02794,SUBJ094,V0559,WBC,9.68,4.0,11.0,2025-01-19
L02795,SUBJ094,V0559,Creatinine,0.95,0.6,1.3,2025-01-19
L02796,SUBJ094,V0560,ALT,13.92,7.0,56.0,2025-01-30
L02797,SUBJ094,V0560,AST,22.55,10.0,40.0,2025-01-30
L02798,SUBJ094,V0560,Hemoglobin,15.71,12.0,16.0,2025-01-30
L02799,SUBJ094,V0560,WBC,18.57,4.0,11.0,2025-01-30
L02800,SUBJ094,V0560,Creatinine,1.01,0.6,1.3,2025-01-30
L02801,SUBJ094,V0561,ALT,46.3,7.0,56.0,2025-02-02
L02802,SUBJ094,V0561,AST,28.13,10.0,40.0,2025-02-02
L02803,SUBJ094,V0561,Hemoglobin,15.36,12.0,16.0,2025-02-02
L02804,SUBJ094,V0561,WBC,8.83,4.0,11.0,2025-02-02
L02805,SUBJ094,V0561,Creatinine,1.11,0.6,1.3,2025-02-02
L02806,SUBJ094,V0562,ALT,55.98,7.0,56.0,2025-02-12
L02807,SUBJ094,V0562,AST,17.31,10.0,40.0,2025-02-12
L02808,SUBJ094,V0562,Hemoglobin,13.45,12.0,16.0,2025-02-12
L02809,SUBJ094,V0562,WBC,8.72,4.0,11.0,2025-02-12
L02810,SUBJ094,V0562,Creatinine,0.83,0.6,1.3,2025-02-12
L02811,SUBJ094,V0563,ALT,35.26,7.0,56.0,2025-02-17
L02812,SUBJ094,V0563,AST,11.16,10.0,40.0,2025-02-17
L02813,SUBJ094,V0563,Hemoglobin,13.99,12.0,16.0,2025-02-17
L02814,SUBJ094,V0563,WBC,4.7,4.0,11.0,2025-02-17
L02815,SUBJ094,V0563,Creatinine,0.64,0.6,1.3,2025-02-17
L02816,SUBJ094,V0564,ALT,,7.0,56.0,2025-02-26
L02817,SUBJ094,V0564,AST,34.64,10.0,40.0,2025-02-26
L02818,SUBJ094,V0564,Hemoglobin,13.64,12.0,16.0,2025-02-26
L02819,SUBJ094,V0564,WBC,6.18,4.0,11.0,2025-02-26
L02820,SUBJ094,V0564,Creatinine,0.67,0.6,1.3,2025-02-26
L02821,SUBJ095,V0565,ALT,14.02,7.0,56.0,2025-01-24
L02822,SUBJ095,V0565,AST,24.42,10.0,40.0,2025-01-24
L02823,SUBJ095,V0565,Hemoglobin,13.88,12.0,16.0,2025-01-24
L02824,SUBJ095,V0565,WBC,,4.0,11.0,2025-01-24
L02825,SUBJ095,V0565,Creatinine,0.96,0.6,1.3,2025-01-24
L02826,SUBJ095,V0566,ALT,35.63,7.0,56.0,2025-01-30
L02827,SUBJ095,V0566,AST,29.24,10.0,40.0,2025-01-30
L02828,SUBJ095,V0566,Hemoglobin,15.99,12.0,16.0,2025-01-30
L02829,SUBJ095,V0566,WBC,9.19,4.0,11.0,2025-01-30
L02830,SUBJ095,V0566,Creatinine,1.17,0.6,1.3,2025-01-30
L02831,SUBJ095,V0567,ALT,63.59,7.0,56.0,2025-02-05
L02832,SUBJ095,V0567,AST,15.55,10.0,40.0,2025-02-05
L02833,SUBJ095,V0567,Hemoglobin,14.4,12.0,16.0,2025-02-05
L02834,SUBJ095,V0567,WBC,9.09,4.0,11.0,2025-02-05
L02835,SUBJ095,V0567,Creatinine,1.17,0.6,1.3,2025-02-05
L02836,SUBJ095,V0568,ALT,34.39,7.0,56.0,2025-02-12
L02837,SUBJ095,V0568,AST,35.72,10.0,40.0,2025-02-12
L02838,SUBJ095,V0568,Hemoglobin,14.6,12.0,16.0,2025-02-12
L02839,SUBJ095,V0568,WBC,4.8,4.0,11.0,2025-02-12
L02840,SUBJ095,V0568,Creatinine,0.62,0.6,1.3,2025-02-12
L02841,SUBJ095,V0569,ALT,36.57,7.0,56.0,2025-02-20
L02842,SUBJ095,V0569,AST,16.2,10.0,40.0,2025-02-20
L02843,SUBJ095,V0569,Hemoglobin,15.67,12.0,16.0,2025-02-20
L02844,SUBJ095,V0569,WBC,2.35,4.0,11.0,2025-02-20
L02845,SUBJ095,V0569,Creatinine,0.71,0.6,1.3,2025-02-20
L02846,SUBJ095,V0570,ALT,,7.0,56.0,2025-03-02
L02847,SUBJ095,V0570,AST,21.51,10.0,40.0,2025-03-02
L02848,SUBJ095,V0570,Hemoglobin,12.22,12.0,16.0,2025-03-02
L02849,SUBJ095,V0570,WBC,8.75,4.0,11.0,2025-03-02
L02850,SUBJ095,V0570,Creatinine,1.25,0.6,1.3,2025-03-02
L02851,SUBJ096,V0571,ALT,40.85,7.0,56.0,2025-03-29
L02852,SUBJ096,V0571,AST,28.4,10.0,40.0,2025-03-29
L02853,SUBJ096,V0571,Hemoglobin,14.82,12.0,16.0,2025-03-29
L02854,SUBJ096,V0571,WBC,8.0,4.0,11.0,2025-03-29
L02855,SUBJ096,V0571,Creatinine,-1.37,0.6,1.3,2025-03-29
L02856,SUBJ096,V0572,ALT,9.8,7.0,56.0,2025-04-05
L02857,SUBJ096,V0572,AST,25.86,10.0,40.0,2025-04-05
L02858,SUBJ096,V0572,Hemoglobin,15.24,12.0,16.0,2025-04-05
L02859,SUBJ096,V0572,WBC,4.36,4.0,11.0,2025-04-05
L02860,SUBJ096,V0572,Creatinine,0.88,0.6,1.3,2025-04-05
L02861,SUBJ096,V0573,ALT,37.1,7.0,56.0,2025-04-15
L02862,SUBJ096,V0573,AST,16.74,10.0,40.0,2025-04-15
L02863,SUBJ096,V0573,Hemoglobin,14.35,12.0,16.0,2025-04-15
L02864,SUBJ096,V0573,WBC,5.9,4.0,11.0,2025-04-15
L02865,SUBJ096,V0573,Creatinine,0.88,0.6,1.3,2025-04-15
L02866,SUBJ096,V0574,ALT,47.2,7.0,56.0,2025-04-19
L02867,SUBJ096,V0574,AST,37.66,10.0,40.0,2025-04-19
L02868,SUBJ096,V0574,Hemoglobin,15.82,12.0,16.0,2025-04-19
L02869,SUBJ096,V0574,WBC,9.4,4.0,11.0,2025-04-19
L02870,SUBJ096,V0574,Creatinine,1.22,0.6,1.3,2025-04-19
L02871,SUBJ096,V0575,ALT,36.98,7.0,56.0,2025-04-26
L02872,SUBJ096,V0575,AST,15.01,10.0,40.0,2025-04-26
L02873,SUBJ096,V0575,Hemoglobin,12.94,12.0,16.0,2025-04-26
L02874,SUBJ096,V0575,WBC,5.85,4.0,11.0,2025-04-26
L02875,SUBJ096,V0575,Creatinine,1.22,0.6,1.3,2025-04-26
L02876,SUBJ096,V0576,ALT,50.2,7.0,56.0,2025-05-05
L02877,SUBJ096,V0576,AST,33.1,10.0,40.0,2025-05-05
L02878,SUBJ096,V0576,Hemoglobin,9.69,12.0,16.0,2025-05-05
L02879,SUBJ096,V0576,WBC,4.6,4.0,11.0,2025-05-05
L02880,SUBJ096,V0576,Creatinine,0.89,0.6,1.3,2025-05-05
L02881,SUBJ097,V0577,ALT,5.14,7.0,56.0,2025-02-13
L02882,SUBJ097,V0577,AST,24.22,10.0,40.0,2025-02-13
L02883,SUBJ097,V0577,Hemoglobin,12.16,12.0,16.0,2025-02-13
L02884,SUBJ097,V0577,WBC,10.0,4.0,11.0,2025-02-13
L02885,SUBJ097,V0577,Creatinine,-1.97,0.6,1.3,2025-02-13
L02886,SUBJ097,V0578,ALT,53.02,7.0,56.0,2025-02-21
L02887,SUBJ097,V0578,AST,12.12,10.0,40.0,2025-02-21
L02888,SUBJ097,V0578,Hemoglobin,13.37,12.0,16.0,2025-02-21
L02889,SUBJ097,V0578,WBC,6.73,4.0,11.0,2025-02-21
L02890,SUBJ097,V0578,Creatinine,0.84,0.6,1.3,2025-02-21
L02891,SUBJ097,V0579,ALT,10.21,7.0,56.0,2025-02-28
L02892,SUBJ097,V0579,AST,39.27,10.0,40.0,2025-02-28
L02893,SUBJ097,V0579,Hemoglobin,9.92,12.0,16.0,2025-02-28
L02894,SUBJ097,V0579,WBC,1.75,4.0,11.0,2025-02-28
L02895,SUBJ097,V0579,Creatinine,0.89,0.6,1.3,2025-02-28
L02896,SUBJ097,V0580,ALT,,7.0,56.0,2025-03-06
L02897,SUBJ097,V0580,AST,38.9,10.0,40.0,2025-03-06
L02898,SUBJ097,V0580,Hemoglobin,24.13,12.0,16.0,2025-03-06
L02899,SUBJ097,V0580,WBC,8.96,4.0,11.0,2025-03-06
L02900,SUBJ097,V0580,Creatinine,0.9,0.6,1.3,2025-03-06
L02901,SUBJ097,V0581,ALT,45.62,7.0,56.0,2025-03-13
L02902,SUBJ097,V0581,AST,15.52,10.0,40.0,2025-03-13
L02903,SUBJ097,V0581,Hemoglobin,13.12,12.0,16.0,2025-03-13
L02904,SUBJ097,V0581,WBC,6.21,4.0,11.0,2025-03-13
L02905,SUBJ097,V0581,Creatinine,1.07,0.6,1.3,2025-03-13
L02906,SUBJ097,V0582,ALT,8.2,7.0,56.0,2025-03-21
L02907,SUBJ097,V0582,AST,21.12,10.0,40.0,2025-03-21
L02908,SUBJ097,V0582,Hemoglobin,,12.0,16.0,2025-03-21
L02909,SUBJ097,V0582,WBC,7.26,4.0,11.0,2025-03-21
L02910,SUBJ097,V0582,Creatinine,1.15,0.6,1.3,2025-03-21
L02911,SUBJ098,V0583,ALT,18.51,7.0,56.0,2025-02-23
L02912,SUBJ098,V0583,AST,29.18,10.0,40.0,2025-02-23
L02913,SUBJ098,V0583,Hemoglobin,10.84,12.0,16.0,2025-02-23
L02914,SUBJ098,V0583,WBC,6.19,4.0,11.0,2025-02-23
L02915,SUBJ098,V0583,Creatinine,0.99,0.6,1.3,2025-02-23
L02916,SUBJ098,V0584,ALT,,7.0,56.0,2025-03-05
L02917,SUBJ098,V0584,AST,23.16,10.0,40.0,2025-03-05
L02918,SUBJ098,V0584,Hemoglobin,22.13,12.0,16.0,2025-03-05
L02919,SUBJ098,V0584,WBC,7.04,4.0,11.0,2025-03-05
L02920,SUBJ098,V0584,Creatinine,0.94,0.6,1.3,2025-03-05
L02921,SUBJ098,V0585,ALT,44.25,7.0,56.0,2025-03-10
L02922,SUBJ098,V0585,AST,11.11,10.0,40.0,2025-03-10
L02923,SUBJ098,V0585,Hemoglobin,13.18,12.0,16.0,2025-03-10
L02924,SUBJ098,V0585,WBC,7.79,4.0,11.0,2025-03-10
L02925,SUBJ098,V0585,Creatinine,1.15,0.6,1.3,2025-03-10
L02926,SUBJ098,V0586,ALT,41.58,7.0,56.0,2025-03-17
L02927,SUBJ098,V0586,AST,17.0,10.0,40.0,2025-03-17
L02928,SUBJ098,V0586,Hemoglobin,10.25,12.0,16.0,2025-03-17
L02929,SUBJ098,V0586,WBC,9.03,4.0,11.0,2025-03-17
L02930,SUBJ098,V0586,Creatinine,1.02,0.6,1.3,2025-03-17
L02931,SUBJ098,V0587,ALT,23.88,7.0,56.0,2025-03-25
L02932,SUBJ098,V0587,AST,30.36,10.0,40.0,2025-03-25
L02933,SUBJ098,V0587,Hemoglobin,14.16,12.0,16.0,2025-03-25
L02934,SUBJ098,V0587,WBC,5.38,4.0,11.0,2025-03-25
L02935,SUBJ098,V0587,Creatinine,0.71,0.6,1.3,2025-03-25
L02936,SUBJ098,V0588,ALT,16.86,7.0,56.0,2025-04-01
L02937,SUBJ098,V0588,AST,11.82,10.0,40.0,2025-04-01
L02938,SUBJ098,V0588,Hemoglobin,15.81,12.0,16.0,2025-04-01
L02939,SUBJ098,V0588,WBC,14.75,4.0,11.0,2025-04-01
L02940,SUBJ098,V0588,Creatinine,1.06,0.6,1.3,2025-04-01
L02941,SUBJ099,V0589,ALT,50.0,7.0,56.0,2025-01-13
L02942,SUBJ099,V0589,AST,19.48,10.0,40.0,2025-01-13
L02943,SUBJ099,V0589,Hemoglobin,21.34,12.0,16.0,2025-01-13
L02944,SUBJ099,V0589,WBC,9.6,4.0,11.0,2025-01-13
L02945,SUBJ099,V0589,Creatinine,0.73,0.6,1.3,2025-01-13
L02946,SUBJ099,V0590,ALT,37.66,7.0,56.0,2025-01-21
L02947,SUBJ099,V0590,AST,11.95,10.0,40.0,2025-01-21
L02948,SUBJ099,V0590,Hemoglobin,15.02,12.0,16.0,2025-01-21
L02949,SUBJ099,V0590,WBC,15.17,4.0,11.0,2025-01-21
L02950,SUBJ099,V0590,Creatinine,1.1,0.6,1.3,2025-01-21
L02951,SUBJ099,V0591,ALT,37.2,7.0,56.0,2025-01-26
L02952,SUBJ099,V0591,AST,33.65,10.0,40.0,2025-01-26
L02953,SUBJ099,V0591,Hemoglobin,12.27,12.0,16.0,2025-01-26
L02954,SUBJ099,V0591,WBC,8.46,4.0,11.0,2025-01-26
L02955,SUBJ099,V0591,Creatinine,0.65,0.6,1.3,2025-01-26
L02956,SUBJ099,V0592,ALT,20.86,7.0,56.0,2025-02-03
L02957,SUBJ099,V0592,AST,36.88,10.0,40.0,2025-02-03
L02958,SUBJ099,V0592,Hemoglobin,13.64,12.0,16.0,2025-02-03
L02959,SUBJ099,V0592,WBC,5.86,4.0,11.0,2025-02-03
L02960,SUBJ099,V0592,Creatinine,1.14,0.6,1.3,2025-02-03
L02961,SUBJ099,V0593,ALT,24.3,7.0,56.0,2025-02-12
L02962,SUBJ099,V0593,AST,36.72,10.0,40.0,2025-02-12
L02963,SUBJ099,V0593,Hemoglobin,14.65,12.0,16.0,2025-02-12
L02964,SUBJ099,V0593,WBC,6.08,4.0,11.0,2025-02-12
L02965,SUBJ099,V0593,Creatinine,1.22,0.6,1.3,2025-02-12
L02966,SUBJ099,V0594,ALT,62.14,7.0,56.0,2025-02-16
L02967,SUBJ099,V0594,AST,25.18,10.0,40.0,2025-02-16
L02968,SUBJ099,V0594,Hemoglobin,15.04,12.0,16.0,2025-02-16
L02969,SUBJ099,V0594,WBC,,4.0,11.0,2025-02-16
L02970,SUBJ099,V0594,Creatinine,-1.1,0.6,1.3,2025-02-16
L02971,SUBJ100,V0595,ALT,28.32,7.0,56.0,2025-03-31
L02972,SUBJ100,V0595,AST,23.02,10.0,40.0,2025-03-31
L02973,SUBJ100,V0595,Hemoglobin,12.83,12.0,16.0,2025-03-31
L02974,SUBJ100,V0595,WBC,4.88,4.0,11.0,2025-03-31
L02975,SUBJ100,V0595,Creatinine,1.25,0.6,1.3,2025-03-31
L02976,SUBJ100,V0596,ALT,38.27,7.0,56.0,2025-04-05
L02977,SUBJ100,V0596,AST,31.07,10.0,40.0,2025-04-05
L02978,SUBJ100,V0596,Hemoglobin,15.81,12.0,16.0,2025-04-05
L02979,SUBJ100,V0596,WBC,5.89,4.0,11.0,2025-04-05
L02980,SUBJ100,V0596,Creatinine,1.18,0.6,1.3,2025-04-05
L02981,SUBJ100,V0597,ALT,10.79,7.0,56.0,2025-04-10
L02982,SUBJ100,V0597,AST,31.03,10.0,40.0,2025-04-10
L02983,SUBJ100,V0597,Hemoglobin,12.98,12.0,16.0,2025-04-10
L02984,SUBJ100,V0597,WBC,8.69,4.0,11.0,2025-04-10
L02985,SUBJ100,V0597,Creatinine,1.15,0.6,1.3,2025-04-10
L02986,SUBJ100,V0598,ALT,47.39,7.0,56.0,2025-04-17
L02987,SUBJ100,V0598,AST,17.79,10.0,40.0,2025-04-17
L02988,SUBJ100,V0598,Hemoglobin,,12.0,16.0,2025-04-17
L02989,SUBJ100,V0598,WBC,1.34,4.0,11.0,2025-04-17
L02990,SUBJ100,V0598,Creatinine,0.65,0.6,1.3,2025-04-17
L02991,SUBJ100,V0599,ALT,21.17,7.0,56.0,2025-04-24
L02992,SUBJ100,V0599,AST,31.18,10.0,40.0,2025-04-24
L02993,SUBJ100,V0599,Hemoglobin,12.04,12.0,16.0,2025-04-24
L02994,SUBJ100,V0599,WBC,9.19,4.0,11.0,2025-04-24
L02995,SUBJ100,V0599,Creatinine,1.11,0.6,1.3,2025-04-24
L02996,SUBJ100,V0600,ALT,5.71,7.0,56.0,2025-05-05
L02997,SUBJ100,V0600,AST,17.4,10.0,40.0,2025-05-05
L02998,SUBJ100,V0600,Hemoglobin,13.27,12.0,16.0,2025-05-05
L02999,SUBJ100,V0600,WBC,,4.0,11.0,2025-05-05
L03000,SUBJ100,V0600,Creatinine,1.29,0.6,1.3,2025-05-05
L03001,SUBJ101,V0601,ALT,5.96,7.0,56.0,2025-02-10
L03002,SUBJ101,V0601,AST,33.52,10.0,40.0,2025-02-10
L03003,SUBJ101,V0601,Hemoglobin,12.58,12.0,16.0,2025-02-10
L03004,SUBJ101,V0601,WBC,2.55,4.0,11.0,2025-02-10
L03005,SUBJ101,V0601,Creatinine,0.88,0.6,1.3,2025-02-10
L03006,SUBJ101,V0602,ALT,33.23,7.0,56.0,2025-02-17
L03007,SUBJ101,V0602,AST,,10.0,40.0,2025-02-17
L03008,SUBJ101,V0602,Hemoglobin,14.62,12.0,16.0,2025-02-17
L03009,SUBJ101,V0602,WBC,7.82,4.0,11.0,2025-02-17
L03010,SUBJ101,V0602,Creatinine,1.09,0.6,1.3,2025-02-17
L03011,SUBJ101,V0603,ALT,44.55,7.0,56.0,2025-02-20
L03012,SUBJ101,V0603,AST,16.57,10.0,40.0,2025-02-20
L03013,SUBJ101,V0603,Hemoglobin,13.99,12.0,16.0,2025-02-20
L03014,SUBJ101,V0603,WBC,10.04,4.0,11.0,2025-02-20
L03015,SUBJ101,V0603,Creatinine,1.13,0.6,1.3,2025-02-20
L03016,SUBJ101,V0604,ALT,27.83,7.0,56.0,2025-03-03
L03017,SUBJ101,V0604,AST,36.0,10.0,40.0,2025-03-03
L03018,SUBJ101,V0604,Hemoglobin,13.08,12.0,16.0,2025-03-03
L03019,SUBJ101,V0604,WBC,10.64,4.0,11.0,2025-03-03
L03020,SUBJ101,V0604,Creatinine,9.78,0.6,1.3,2025-03-03
L03021,SUBJ101,V0605,ALT,47.73,7.0,56.0,2025-03-09
L03022,SUBJ101,V0605,AST,25.03,10.0,40.0,2025-03-09
L03023,SUBJ101,V0605,Hemoglobin,15.69,12.0,16.0,2025-03-09
L03024,SUBJ101,V0605,WBC,,4.0,11.0,2025-03-09
L03025,SUBJ101,V0605,Creatinine,,0.6,1.3,2025-03-09
L03026,SUBJ101,V0606,ALT,26.3,7.0,56.0,2025-03-13
L03027,SUBJ101,V0606,AST,36.96,10.0,40.0,2025-03-13
L03028,SUBJ101,V0606,Hemoglobin,14.87,12.0,16.0,2025-03-13
L03029,SUBJ101,V0606,WBC,7.56,4.0,11.0,2025-03-13
L03030,SUBJ101,V0606,Creatinine,5.67,0.6,1.3,2025-03-13
L03031,SUBJ102,V0607,ALT,63.85,7.0,56.0,2025-02-04
L03032,SUBJ102,V0607,AST,11.9,10.0,40.0,2025-02-04
L03033,SUBJ102,V0607,Hemoglobin,9.2,12.0,16.0,2025-02-04
L03034,SUBJ102,V0607,WBC,18.74,4.0,11.0,2025-02-04
L03035,SUBJ102,V0607,Creatinine,0.88,0.6,1.3,2025-02-04
L03036,SUBJ102,V0608,ALT,18.74,7.0,56.0,2025-02-13
L03037,SUBJ102,V0608,AST,24.51,10.0,40.0,2025-02-13
L03038,SUBJ102,V0608,Hemoglobin,14.11,12.0,16.0,2025-02-13
L03039,SUBJ102,V0608,WBC,10.98,4.0,11.0,2025-02-13
L03040,SUBJ102,V0608,Creatinine,10.82,0.6,1.3,2025-02-13
L03041,SUBJ102,V0609,ALT,55.54,7.0,56.0,2025-02-20
L03042,SUBJ102,V0609,AST,13.59,10.0,40.0,2025-02-20
L03043,SUBJ102,V0609,Hemoglobin,14.97,12.0,16.0,2025-02-20
L03044,SUBJ102,V0609,WBC,8.61,4.0,11.0,2025-02-20
L03045,SUBJ102,V0609,Creatinine,0.69,0.6,1.3,2025-02-20
L03046,SUBJ102,V0610,ALT,43.03,7.0,56.0,2025-02-27
L03047,SUBJ102,V0610,AST,36.25,10.0,40.0,2025-02-27
L03048,SUBJ102,V0610,Hemoglobin,15.5,12.0,16.0,2025-02-27
L03049,SUBJ102,V0610,WBC,9.08,4.0,11.0,2025-02-27
L03050,SUBJ102,V0610,Creatinine,0.87,0.6,1.3,2025-02-27
L03051,SUBJ102,V0611,ALT,40.6,7.0,56.0,2025-03-02
L03052,SUBJ102,V0611,AST,38.97,10.0,40.0,2025-03-02
L03053,SUBJ102,V0611,Hemoglobin,14.07,12.0,16.0,2025-03-02
L03054,SUBJ102,V0611,WBC,9.9,4.0,11.0,2025-03-02
L03055,SUBJ102,V0611,Creatinine,1.27,0.6,1.3,2025-03-02
L03056,SUBJ102,V0612,ALT,11.29,7.0,56.0,2025-03-10
L03057,SUBJ102,V0612,AST,13.37,10.0,40.0,2025-03-10
L03058,SUBJ102,V0612,Hemoglobin,13.8,12.0,16.0,2025-03-10
L03059,SUBJ102,V0612,WBC,17.87,4.0,11.0,2025-03-10
L03060,SUBJ102,V0612,Creatinine,1.14,0.6,1.3,2025-03-10
L03061,SUBJ103,V0613,ALT,51.8,7.0,56.0,2025-01-29
L03062,SUBJ103,V0613,AST,,10.0,40.0,2025-01-29
L03063,SUBJ103,V0613,Hemoglobin,12.1,12.0,16.0,2025-01-29
L03064,SUBJ103,V0613,WBC,7.28,4.0,11.0,2025-01-29
L03065,SUBJ103,V0613,Creatinine,1.24,0.6,1.3,2025-01-29
L03066,SUBJ103,V0614,ALT,15.01,7.0,56.0,2025-02-07
L03067,SUBJ103,V0614,AST,34.47,10.0,40.0,2025-02-07
L03068,SUBJ103,V0614,Hemoglobin,13.93,12.0,16.0,2025-02-07
L03069,SUBJ103,V0614,WBC,5.13,4.0,11.0,2025-02-07
L03070,SUBJ103,V0614,Creatinine,1.01,0.6,1.3,2025-02-07
L03071,SUBJ103,V0615,ALT,47.5,7.0,56.0,2025-02-14
L03072,SUBJ103,V0615,AST,23.46,10.0,40.0,2025-02-14
L03073,SUBJ103,V0615,Hemoglobin,12.71,12.0,16.0,2025-02-14
L03074,SUBJ103,V0615,WBC,4.37,4.0,11.0,2025-02-14
L03075,SUBJ103,V0615,Creatinine,0.92,0.6,1.3,2025-02-14
L03076,SUBJ103,V0616,ALT,55.99,7.0,56.0,2025-02-19
L03077,SUBJ103,V0616,AST,21.22,10.0,40.0,2025-02-19
L03078,SUBJ103,V0616,Hemoglobin,12.24,12.0,16.0,2025-02-19
L03079,SUBJ103,V0616,WBC,7.54,4.0,11.0,2025-02-19
L03080,SUBJ103,V0616,Creatinine,1.21,0.6,1.3,2025-02-19
L03081,SUBJ103,V0617,ALT,47.72,7.0,56.0,2025-02-26
L03082,SUBJ103,V0617,AST,35.19,10.0,40.0,2025-02-26
L03083,SUBJ103,V0617,Hemoglobin,15.97,12.0,16.0,2025-02-26
L03084,SUBJ103,V0617,WBC,,4.0,11.0,2025-02-26
L03085,SUBJ103,V0617,Creatinine,-0.77,0.6,1.3,2025-02-26
L03086,SUBJ103,V0618,ALT,8.6,7.0,56.0,2025-03-05
L03087,SUBJ103,V0618,AST,38.85,10.0,40.0,2025-03-05
L03088,SUBJ103,V0618,Hemoglobin,15.25,12.0,16.0,2025-03-05
L03089,SUBJ103,V0618,WBC,6.63,4.0,11.0,2025-03-05
L03090,SUBJ103,V0618,Creatinine,1.25,0.6,1.3,2025-03-05
L03091,SUBJ104,V0619,ALT,34.64,7.0,56.0,2025-01-15
L03092,SUBJ104,V0619,AST,38.45,10.0,40.0,2025-01-15
L03093,SUBJ104,V0619,Hemoglobin,14.51,12.0,16.0,2025-01-15
L03094,SUBJ104,V0619,WBC,8.39,4.0,11.0,2025-01-15
L03095,SUBJ104,V0619,Creatinine,1.06,0.6,1.3,2025-01-15
L03096,SUBJ104,V0620,ALT,46.64,7.0,56.0,2025-01-20
L03097,SUBJ104,V0620,AST,49.88,10.0,40.0,2025-01-20
L03098,SUBJ104,V0620,Hemoglobin,12.13,12.0,16.0,2025-01-20
L03099,SUBJ104,V0620,WBC,8.98,4.0,11.0,2025-01-20
L03100,SUBJ104,V0620,Creatinine,0.96,0.6,1.3,2025-01-20
L03101,SUBJ104,V0621,ALT,21.29,7.0,56.0,2025-01-27
L03102,SUBJ104,V0621,AST,20.25,10.0,40.0,2025-01-27
L03103,SUBJ104,V0621,Hemoglobin,23.02,12.0,16.0,2025-01-27
L03104,SUBJ104,V0621,WBC,10.56,4.0,11.0,2025-01-27
L03105,SUBJ104,V0621,Creatinine,0.69,0.6,1.3,2025-01-27
L03106,SUBJ104,V0622,ALT,4.54,7.0,56.0,2025-02-05
L03107,SUBJ104,V0622,AST,20.29,10.0,40.0,2025-02-05
L03108,SUBJ104,V0622,Hemoglobin,14.38,12.0,16.0,2025-02-05
L03109,SUBJ104,V0622,WBC,9.04,4.0,11.0,2025-02-05
L03110,SUBJ104,V0622,Creatinine,-2.02,0.6,1.3,2025-02-05
L03111,SUBJ104,V0623,ALT,44.15,7.0,56.0,2025-02-10
L03112,SUBJ104,V0623,AST,35.06,10.0,40.0,2025-02-10
L03113,SUBJ104,V0623,Hemoglobin,14.06,12.0,16.0,2025-02-10
L03114,SUBJ104,V0623,WBC,9.47,4.0,11.0,2025-02-10
L03115,SUBJ104,V0623,Creatinine,1.26,0.6,1.3,2025-02-10
L03116,SUBJ104,V0624,ALT,46.93,7.0,56.0,2025-02-19
L03117,SUBJ104,V0624,AST,37.76,10.0,40.0,2025-02-19
L03118,SUBJ104,V0624,Hemoglobin,14.78,12.0,16.0,2025-02-19
L03119,SUBJ104,V0624,WBC,10.32,4.0,11.0,2025-02-19
L03120,SUBJ104,V0624,Creatinine,10.4,0.6,1.3,2025-02-19
L03121,SUBJ105,V0625,ALT,,7.0,56.0,2025-03-16
L03122,SUBJ105,V0625,AST,8.25,10.0,40.0,2025-03-16
L03123,SUBJ105,V0625,Hemoglobin,10.32,12.0,16.0,2025-03-16
L03124,SUBJ105,V0625,WBC,5.61,4.0,11.0,2025-03-16
L03125,SUBJ105,V0625,Creatinine,0.87,0.6,1.3,2025-03-16
L03126,SUBJ105,V0626,ALT,12.73,7.0,56.0,2025-03-24
L03127,SUBJ105,V0626,AST,23.27,10.0,40.0,2025-03-24
L03128,SUBJ105,V0626,Hemoglobin,12.22,12.0,16.0,2025-03-24
L03129,SUBJ105,V0626,WBC,4.64,4.0,11.0,2025-03-24
L03130,SUBJ105,V0626,Creatinine,1.04,0.6,1.3,2025-03-24
L03131,SUBJ105,V0627,ALT,4.76,7.0,56.0,2025-03-29
L03132,SUBJ105,V0627,AST,26.39,10.0,40.0,2025-03-29
L03133,SUBJ105,V0627,Hemoglobin,13.7,12.0,16.0,2025-03-29
L03134,SUBJ105,V0627,WBC,6.36,4.0,11.0,2025-03-29
L03135,SUBJ105,V0627,Creatinine,0.75,0.6,1.3,2025-03-29
L03136,SUBJ105,V0628,ALT,21.59,7.0,56.0,2025-04-07
L03137,SUBJ105,V0628,AST,8.76,10.0,40.0,2025-04-07
L03138,SUBJ105,V0628,Hemoglobin,15.74,12.0,16.0,2025-04-07
L03139,SUBJ105,V0628,WBC,4.11,4.0,11.0,2025-04-07
L03140,SUBJ105,V0628,Creatinine,0.97,0.6,1.3,2025-04-07
L03141,SUBJ105,V0629,ALT,14.73,7.0,56.0,2025-04-12
L03142,SUBJ105,V0629,AST,35.41,10.0,40.0,2025-04-12
L03143,SUBJ105,V0629,Hemoglobin,15.51,12.0,16.0,2025-04-12
L03144,SUBJ105,V0629,WBC,4.85,4.0,11.0,2025-04-12
L03145,SUBJ105,V0629,Creatinine,0.82,0.6,1.3,2025-04-12
L03146,SUBJ105,V0630,ALT,42.98,7.0,56.0,2025-04-19
L03147,SUBJ105,V0630,AST,,10.0,40.0,2025-04-19
L03148,SUBJ105,V0630,Hemoglobin,17.39,12.0,16.0,2025-04-19
L03149,SUBJ105,V0630,WBC,6.9,4.0,11.0,2025-04-19
L03150,SUBJ105,V0630,Creatinine,1.17,0.6,1.3,2025-04-19
L03151,SUBJ106,V0631,ALT,10.35,7.0,56.0,2025-03-01
L03152,SUBJ106,V0631,AST,14.84,10.0,40.0,2025-03-01
L03153,SUBJ106,V0631,Hemoglobin,12.65,12.0,16.0,2025-03-01
L03154,SUBJ106,V0631,WBC,,4.0,11.0,2025-03-01
L03155,SUBJ106,V0631,Creatinine,0.91,0.6,1.3,2025-03-01
L03156,SUBJ106,V0632,ALT,41.47,7.0,56.0,2025-03-05
L03157,SUBJ106,V0632,AST,28.18,10.0,40.0,2025-03-05
L03158,SUBJ106,V0632,Hemoglobin,10.83,12.0,16.0,2025-03-05
L03159,SUBJ106,V0632,WBC,7.01,4.0,11.0,2025-03-05
L03160,SUBJ106,V0632,Creatinine,1.08,0.6,1.3,2025-03-05
L03161,SUBJ106,V0633,ALT,30.5,7.0,56.0,2025-03-11
L03162,SUBJ106,V0633,AST,37.65,10.0,40.0,2025-03-11
L03163,SUBJ106,V0633,Hemoglobin,13.69,12.0,16.0,2025-03-11
L03164,SUBJ106,V0633,WBC,10.6,4.0,11.0,2025-03-11
L03165,SUBJ106,V0633,Creatinine,1.29,0.6,1.3,2025-03-11
L03166,SUBJ106,V0634,ALT,4.03,7.0,56.0,2025-03-19
L03167,SUBJ106,V0634,AST,38.76,10.0,40.0,2025-03-19
L03168,SUBJ106,V0634,Hemoglobin,15.2,12.0,16.0,2025-03-19
L03169,SUBJ106,V0634,WBC,7.03,4.0,11.0,2025-03-19
L03170,SUBJ106,V0634,Creatinine,-2.14,0.6,1.3,2025-03-19
L03171,SUBJ106,V0635,ALT,5.72,7.0,56.0,2025-03-25
L03172,SUBJ106,V0635,AST,27.3,10.0,40.0,2025-03-25
L03173,SUBJ106,V0635,Hemoglobin,15.96,12.0,16.0,2025-03-25
L03174,SUBJ106,V0635,WBC,10.02,4.0,11.0,2025-03-25
L03175,SUBJ106,V0635,Creatinine,1.0,0.6,1.3,2025-03-25
L03176,SUBJ106,V0636,ALT,54.37,7.0,56.0,2025-04-04
L03177,SUBJ106,V0636,AST,15.31,10.0,40.0,2025-04-04
L03178,SUBJ106,V0636,Hemoglobin,15.37,12.0,16.0,2025-04-04
L03179,SUBJ106,V0636,WBC,9.17,4.0,11.0,2025-04-04
L03180,SUBJ106,V0636,Creatinine,1.1,0.6,1.3,2025-04-04
L03181,SUBJ107,V0637,ALT,45.26,7.0,56.0,2025-03-30
L03182,SUBJ107,V0637,AST,32.5,10.0,40.0,2025-03-30
L03183,SUBJ107,V0637,Hemoglobin,9.56,12.0,16.0,2025-03-30
L03184,SUBJ107,V0637,WBC,5.05,4.0,11.0,2025-03-30
L03185,SUBJ107,V0637,Creatinine,1.09,0.6,1.3,2025-03-30
L03186,SUBJ107,V0638,ALT,45.1,7.0,56.0,2025-04-09
L03187,SUBJ107,V0638,AST,30.25,10.0,40.0,2025-04-09
L03188,SUBJ107,V0638,Hemoglobin,14.68,12.0,16.0,2025-04-09
L03189,SUBJ107,V0638,WBC,4.79,4.0,11.0,2025-04-09
L03190,SUBJ107,V0638,Creatinine,1.24,0.6,1.3,2025-04-09
L03191,SUBJ107,V0639,ALT,22.35,7.0,56.0,2025-04-14
L03192,SUBJ107,V0639,AST,36.23,10.0,40.0,2025-04-14
L03193,SUBJ107,V0639,Hemoglobin,24.86,12.0,16.0,2025-04-14
L03194,SUBJ107,V0639,WBC,5.45,4.0,11.0,2025-04-14
L03195,SUBJ107,V0639,Creatinine,0.76,0.6,1.3,2025-04-14
L03196,SUBJ107,V0640,ALT,62.95,7.0,56.0,2025-04-22
L03197,SUBJ107,V0640,AST,30.6,10.0,40.0,2025-04-22
L03198,SUBJ107,V0640,Hemoglobin,15.87,12.0,16.0,2025-04-22
L03199,SUBJ107,V0640,WBC,6.78,4.0,11.0,2025-04-22
L03200,SUBJ107,V0640,Creatinine,0.85,0.6,1.3,2025-04-22
L03201,SUBJ107,V0641,ALT,9.8,7.0,56.0,2025-04-30
L03202,SUBJ107,V0641,AST,17.84,10.0,40.0,2025-04-30
L03203,SUBJ107,V0641,Hemoglobin,14.07,12.0,16.0,2025-04-30
L03204,SUBJ107,V0641,WBC,5.4,4.0,11.0,2025-04-30
L03205,SUBJ107,V0641,Creatinine,0.93,0.6,1.3,2025-04-30
L03206,SUBJ107,V0642,ALT,43.12,7.0,56.0,2025-05-06
L03207,SUBJ107,V0642,AST,23.77,10.0,40.0,2025-05-06
L03208,SUBJ107,V0642,Hemoglobin,21.89,12.0,16.0,2025-05-06
L03209,SUBJ107,V0642,WBC,7.2,4.0,11.0,2025-05-06
L03210,SUBJ107,V0642,Creatinine,1.12,0.6,1.3,2025-05-06
L03211,SUBJ108,V0643,ALT,17.13,7.0,56.0,2025-02-10
L03212,SUBJ108,V0643,AST,41.15,10.0,40.0,2025-02-10
L03213,SUBJ108,V0643,Hemoglobin,15.13,12.0,16.0,2025-02-10
L03214,SUBJ108,V0643,WBC,,4.0,11.0,2025-02-10
L03215,SUBJ108,V0643,Creatinine,0.65,0.6,1.3,2025-02-10
L03216,SUBJ108,V0644,ALT,19.78,7.0,56.0,2025-02-18
L03217,SUBJ108,V0644,AST,37.95,10.0,40.0,2025-02-18
L03218,SUBJ108,V0644,Hemoglobin,12.03,12.0,16.0,2025-02-18
L03219,SUBJ108,V0644,WBC,4.75,4.0,11.0,2025-02-18
L03220,SUBJ108,V0644,Creatinine,0.61,0.6,1.3,2025-02-18
L03221,SUBJ108,V0645,ALT,39.03,7.0,56.0,2025-02-25
L03222,SUBJ108,V0645,AST,28.61,10.0,40.0,2025-02-25
L03223,SUBJ108,V0645,Hemoglobin,15.59,12.0,16.0,2025-02-25
L03224,SUBJ108,V0645,WBC,10.69,4.0,11.0,2025-02-25
L03225,SUBJ108,V0645,Creatinine,0.67,0.6,1.3,2025-02-25
L03226,SUBJ108,V0646,ALT,13.85,7.0,56.0,2025-03-04
L03227,SUBJ108,V0646,AST,,10.0,40.0,2025-03-04
L03228,SUBJ108,V0646,Hemoglobin,12.28,12.0,16.0,2025-03-04
L03229,SUBJ108,V0646,WBC,4.28,4.0,11.0,2025-03-04
L03230,SUBJ108,V0646,Creatinine,,0.6,1.3,2025-03-04
L03231,SUBJ108,V0647,ALT,22.26,7.0,56.0,2025-03-13
L03232,SUBJ108,V0647,AST,26.83,10.0,40.0,2025-03-13
L03233,SUBJ108,V0647,Hemoglobin,14.52,12.0,16.0,2025-03-13
L03234,SUBJ108,V0647,WBC,7.23,4.0,11.0,2025-03-13
L03235,SUBJ108,V0647,Creatinine,1.29,0.6,1.3,2025-03-13
L03236,SUBJ108,V0648,ALT,37.18,7.0,56.0,2025-03-18
L03237,SUBJ108,V0648,AST,15.24,10.0,40.0,2025-03-18
L03238,SUBJ108,V0648,Hemoglobin,13.06,12.0,16.0,2025-03-18
L03239,SUBJ108,V0648,WBC,6.31,4.0,11.0,2025-03-18
L03240,SUBJ108,V0648,Creatinine,1.21,0.6,1.3,2025-03-18
L03241,SUBJ109,V0649,ALT,38.18,7.0,56.0,2025-02-27
L03242,SUBJ109,V0649,AST,17.0,10.0,40.0,2025-02-27
L03243,SUBJ109,V0649,Hemoglobin,14.77,12.0,16.0,2025-02-27
L03244,SUBJ109,V0649,WBC,6.17,4.0,11.0,2025-02-27
L03245,SUBJ109,V0649,Creatinine,1.07,0.6,1.3,2025-02-27
L03246,SUBJ109,V0650,ALT,54.3,7.0,56.0,2025-03-06
L03247,SUBJ109,V0650,AST,17.58,10.0,40.0,2025-03-06
L03248,SUBJ109,V0650,Hemoglobin,13.6,12.0,16.0,2025-03-06
L03249,SUBJ109,V0650,WBC,1.77,4.0,11.0,2025-03-06
L03250,SUBJ109,V0650,Creatinine,0.72,0.6,1.3,2025-03-06
L03251,SUBJ109,V0651,ALT,24.55,7.0,56.0,2025-03-12
L03252,SUBJ109,V0651,AST,25.58,10.0,40.0,2025-03-12
L03253,SUBJ109,V0651,Hemoglobin,13.0,12.0,16.0,2025-03-12
L03254,SUBJ109,V0651,WBC,9.45,4.0,11.0,2025-03-12
L03255,SUBJ109,V0651,Creatinine,0.8,0.6,1.3,2025-03-12
L03256,SUBJ109,V0652,ALT,50.87,7.0,56.0,2025-03-23
L03257,SUBJ109,V0652,AST,21.71,10.0,40.0,2025-03-23
L03258,SUBJ109,V0652,Hemoglobin,15.35,12.0,16.0,2025-03-23
L03259,SUBJ109,V0652,WBC,9.15,4.0,11.0,2025-03-23
L03260,SUBJ109,V0652,Creatinine,8.73,0.6,1.3,2025-03-23
L03261,SUBJ109,V0653,ALT,10.61,7.0,56.0,2025-03-28
L03262,SUBJ109,V0653,AST,35.03,10.0,40.0,2025-03-28
L03263,SUBJ109,V0653,Hemoglobin,13.0,12.0,16.0,2025-03-28
L03264,SUBJ109,V0653,WBC,,4.0,11.0,2025-03-28
L03265,SUBJ109,V0653,Creatinine,0.95,0.6,1.3,2025-03-28
L03266,SUBJ109,V0654,ALT,50.37,7.0,56.0,2025-04-05
L03267,SUBJ109,V0654,AST,12.03,10.0,40.0,2025-04-05
L03268,SUBJ109,V0654,Hemoglobin,15.93,12.0,16.0,2025-04-05
L03269,SUBJ109,V0654,WBC,9.67,4.0,11.0,2025-04-05
L03270,SUBJ109,V0654,Creatinine,1.21,0.6,1.3,2025-04-05
L03271,SUBJ110,V0655,ALT,40.31,7.0,56.0,2025-02-09
L03272,SUBJ110,V0655,AST,29.46,10.0,40.0,2025-02-09
L03273,SUBJ110,V0655,Hemoglobin,17.73,12.0,16.0,2025-02-09
L03274,SUBJ110,V0655,WBC,6.94,4.0,11.0,2025-02-09
L03275,SUBJ110,V0655,Creatinine,0.91,0.6,1.3,2025-02-09
L03276,SUBJ110,V0656,ALT,25.7,7.0,56.0,2025-02-17
L03277,SUBJ110,V0656,AST,17.56,10.0,40.0,2025-02-17
L03278,SUBJ110,V0656,Hemoglobin,15.48,12.0,16.0,2025-02-17
L03279,SUBJ110,V0656,WBC,,4.0,11.0,2025-02-17
L03280,SUBJ110,V0656,Creatinine,1.04,0.6,1.3,2025-02-17
L03281,SUBJ110,V0657,ALT,47.52,7.0,56.0,2025-02-23
L03282,SUBJ110,V0657,AST,11.55,10.0,40.0,2025-02-23
L03283,SUBJ110,V0657,Hemoglobin,14.39,12.0,16.0,2025-02-23
L03284,SUBJ110,V0657,WBC,4.25,4.0,11.0,2025-02-23
L03285,SUBJ110,V0657,Creatinine,0.89,0.6,1.3,2025-02-23
L03286,SUBJ110,V0658,ALT,10.71,7.0,56.0,2025-03-04
L03287,SUBJ110,V0658,AST,37.74,10.0,40.0,2025-03-04
L03288,SUBJ110,V0658,Hemoglobin,14.48,12.0,16.0,2025-03-04
L03289,SUBJ110,V0658,WBC,6.43,4.0,11.0,2025-03-04
L03290,SUBJ110,V0658,Creatinine,1.03,0.6,1.3,2025-03-04
L03291,SUBJ110,V0659,ALT,51.58,7.0,56.0,2025-03-07
L03292,SUBJ110,V0659,AST,24.34,10.0,40.0,2025-03-07
L03293,SUBJ110,V0659,Hemoglobin,12.31,12.0,16.0,2025-03-07
L03294,SUBJ110,V0659,WBC,7.54,4.0,11.0,2025-03-07
L03295,SUBJ110,V0659,Creatinine,8.73,0.6,1.3,2025-03-07
L03296,SUBJ110,V0660,ALT,59.94,7.0,56.0,2025-03-15
L03297,SUBJ110,V0660,AST,18.12,10.0,40.0,2025-03-15
L03298,SUBJ110,V0660,Hemoglobin,12.54,12.0,16.0,2025-03-15
L03299,SUBJ110,V0660,WBC,10.25,4.0,11.0,2025-03-15
L03300,SUBJ110,V0660,Creatinine,1.28,0.6,1.3,2025-03-15
L03301,SUBJ111,V0661,ALT,54.63,7.0,56.0,2025-02-26
L03302,SUBJ111,V0661,AST,21.56,10.0,40.0,2025-02-26
L03303,SUBJ111,V0661,Hemoglobin,19.76,12.0,16.0,2025-02-26
L03304,SUBJ111,V0661,WBC,9.66,4.0,11.0,2025-02-26
L03305,SUBJ111,V0661,Creatinine,-1.79,0.6,1.3,2025-02-26
L03306,SUBJ111,V0662,ALT,33.77,7.0,56.0,2025-03-07
L03307,SUBJ111,V0662,AST,36.08,10.0,40.0,2025-03-07
L03308,SUBJ111,V0662,Hemoglobin,15.15,12.0,16.0,2025-03-07
L03309,SUBJ111,V0662,WBC,4.21,4.0,11.0,2025-03-07
L03310,SUBJ111,V0662,Creatinine,1.25,0.6,1.3,2025-03-07
L03311,SUBJ111,V0663,ALT,42.69,7.0,56.0,2025-03-14
L03312,SUBJ111,V0663,AST,24.67,10.0,40.0,2025-03-14
L03313,SUBJ111,V0663,Hemoglobin,14.46,12.0,16.0,2025-03-14
L03314,SUBJ111,V0663,WBC,6.72,4.0,11.0,2025-03-14
L03315,SUBJ111,V0663,Creatinine,1.29,0.6,1.3,2025-03-14
L03316,SUBJ111,V0664,ALT,29.43,7.0,56.0,2025-03-21
L03317,SUBJ111,V0664,AST,26.27,10.0,40.0,2025-03-21
L03318,SUBJ111,V0664,Hemoglobin,13.45,12.0,16.0,2025-03-21
L03319,SUBJ111,V0664,WBC,8.13,4.0,11.0,2025-03-21
L03320,SUBJ111,V0664,Creatinine,1.16,0.6,1.3,2025-03-21
L03321,SUBJ111,V0665,ALT,8.09,7.0,56.0,2025-03-27
L03322,SUBJ111,V0665,AST,37.92,10.0,40.0,2025-03-27
L03323,SUBJ111,V0665,Hemoglobin,12.84,12.0,16.0,2025-03-27
L03324,SUBJ111,V0665,WBC,4.36,4.0,11.0,2025-03-27
L03325,SUBJ111,V0665,Creatinine,1.07,0.6,1.3,2025-03-27
L03326,SUBJ111,V0666,ALT,12.74,7.0,56.0,2025-04-03
L03327,SUBJ111,V0666,AST,17.09,10.0,40.0,2025-04-03
L03328,SUBJ111,V0666,Hemoglobin,15.89,12.0,16.0,2025-04-03
L03329,SUBJ111,V0666,WBC,9.75,4.0,11.0,2025-04-03
L03330,SUBJ111,V0666,Creatinine,0.93,0.6,1.3,2025-04-03
L03331,SUBJ112,V0667,ALT,44.29,7.0,56.0,2025-03-26
L03332,SUBJ112,V0667,AST,31.99,10.0,40.0,2025-03-26
L03333,SUBJ112,V0667,Hemoglobin,13.19,12.0,16.0,2025-03-26
L03334,SUBJ112,V0667,WBC,6.35,4.0,11.0,2025-03-26
L03335,SUBJ112,V0667,Creatinine,1.05,0.6,1.3,2025-03-26
L03336,SUBJ112,V0668,ALT,9.03,7.0,56.0,2025-04-05
L03337,SUBJ112,V0668,AST,7.23,10.0,40.0,2025-04-05
L03338,SUBJ112,V0668,Hemoglobin,13.22,12.0,16.0,2025-04-05
L03339,SUBJ112,V0668,WBC,6.12,4.0,11.0,2025-04-05
L03340,SUBJ112,V0668,Creatinine,1.14,0.6,1.3,2025-04-05
L03341,SUBJ112,V0669,ALT,46.77,7.0,56.0,2025-04-13
L03342,SUBJ112,V0669,AST,22.26,10.0,40.0,2025-04-13
L03343,SUBJ112,V0669,Hemoglobin,12.88,12.0,16.0,2025-04-13
L03344,SUBJ112,V0669,WBC,8.97,4.0,11.0,2025-04-13
L03345,SUBJ112,V0669,Creatinine,0.83,0.6,1.3,2025-04-13
L03346,SUBJ112,V0670,ALT,46.17,7.0,56.0,2025-04-18
L03347,SUBJ112,V0670,AST,25.12,10.0,40.0,2025-04-18
L03348,SUBJ112,V0670,Hemoglobin,14.14,12.0,16.0,2025-04-18
L03349,SUBJ112,V0670,WBC,7.77,4.0,11.0,2025-04-18
L03350,SUBJ112,V0670,Creatinine,0.85,0.6,1.3,2025-04-18
L03351,SUBJ112,V0671,ALT,11.27,7.0,56.0,2025-04-24
L03352,SUBJ112,V0671,AST,30.11,10.0,40.0,2025-04-24
L03353,SUBJ112,V0671,Hemoglobin,12.25,12.0,16.0,2025-04-24
L03354,SUBJ112,V0671,WBC,8.25,4.0,11.0,2025-04-24
L03355,SUBJ112,V0671,Creatinine,1.26,0.6,1.3,2025-04-24
L03356,SUBJ112,V0672,ALT,41.82,7.0,56.0,2025-04-30
L03357,SUBJ112,V0672,AST,25.74,10.0,40.0,2025-04-30
L03358,SUBJ112,V0672,Hemoglobin,12.13,12.0,16.0,2025-04-30
L03359,SUBJ112,V0672,WBC,9.45,4.0,11.0,2025-04-30
L03360,SUBJ112,V0672,Creatinine,1.12,0.6,1.3,2025-04-30
L03361,SUBJ113,V0673,ALT,22.68,7.0,56.0,2025-02-16
L03362,SUBJ113,V0673,AST,31.06,10.0,40.0,2025-02-16
L03363,SUBJ113,V0673,Hemoglobin,12.68,12.0,16.0,2025-02-16
L03364,SUBJ113,V0673,WBC,7.69,4.0,11.0,2025-02-16
L03365,SUBJ113,V0673,Creatinine,0.9,0.6,1.3,2025-02-16
L03366,SUBJ113,V0674,ALT,39.06,7.0,56.0,2025-02-25
L03367,SUBJ113,V0674,AST,11.1,10.0,40.0,2025-02-25
L03368,SUBJ113,V0674,Hemoglobin,13.08,12.0,16.0,2025-02-25
L03369,SUBJ113,V0674,WBC,6.41,4.0,11.0,2025-02-25
L03370,SUBJ113,V0674,Creatinine,0.76,0.6,1.3,2025-02-25
L03371,SUBJ113,V0675,ALT,12.05,7.0,56.0,2025-02-28
L03372,SUBJ113,V0675,AST,32.56,10.0,40.0,2025-02-28
L03373,SUBJ113,V0675,Hemoglobin,15.23,12.0,16.0,2025-02-28
L03374,SUBJ113,V0675,WBC,6.73,4.0,11.0,2025-02-28
L03375,SUBJ113,V0675,Creatinine,-1.94,0.6,1.3,2025-02-28
L03376,SUBJ113,V0676,ALT,61.16,7.0,56.0,2025-03-08
L03377,SUBJ113,V0676,AST,16.33,10.0,40.0,2025-03-08
L03378,SUBJ113,V0676,Hemoglobin,15.64,12.0,16.0,2025-03-08
L03379,SUBJ113,V0676,WBC,8.64,4.0,11.0,2025-03-08
L03380,SUBJ113,V0676,Creatinine,0.9,0.6,1.3,2025-03-08
L03381,SUBJ113,V0677,ALT,46.96,7.0,56.0,2025-03-17
L03382,SUBJ113,V0677,AST,,10.0,40.0,2025-03-17
L03383,SUBJ113,V0677,Hemoglobin,14.75,12.0,16.0,2025-03-17
L03384,SUBJ113,V0677,WBC,10.28,4.0,11.0,2025-03-17
L03385,SUBJ113,V0677,Creatinine,1.22,0.6,1.3,2025-03-17
L03386,SUBJ113,V0678,ALT,14.64,7.0,56.0,2025-03-21
L03387,SUBJ113,V0678,AST,18.6,10.0,40.0,2025-03-21
L03388,SUBJ113,V0678,Hemoglobin,,12.0,16.0,2025-03-21
L03389,SUBJ113,V0678,WBC,10.46,4.0,11.0,2025-03-21
L03390,SUBJ113,V0678,Creatinine,0.96,0.6,1.3,2025-03-21
L03391,SUBJ114,V0679,ALT,,7.0,56.0,2025-01-24
L03392,SUBJ114,V0679,AST,38.36,10.0,40.0,2025-01-24
L03393,SUBJ114,V0679,Hemoglobin,17.49,12.0,16.0,2025-01-24
L03394,SUBJ114,V0679,WBC,7.8,4.0,11.0,2025-01-24
L03395,SUBJ114,V0679,Creatinine,0.91,0.6,1.3,2025-01-24
L03396,SUBJ114,V0680,ALT,44.79,7.0,56.0,2025-01-30
L03397,SUBJ114,V0680,AST,22.41,10.0,40.0,2025-01-30
L03398,SUBJ114,V0680,Hemoglobin,14.91,12.0,16.0,2025-01-30
L03399,SUBJ114,V0680,WBC,4.77,4.0,11.0,2025-01-30
L03400,SUBJ114,V0680,Creatinine,0.96,0.6,1.3,2025-01-30
L03401,SUBJ114,V0681,ALT,20.55,7.0,56.0,2025-02-05
L03402,SUBJ114,V0681,AST,34.49,10.0,40.0,2025-02-05
L03403,SUBJ114,V0681,Hemoglobin,19.39,12.0,16.0,2025-02-05
L03404,SUBJ114,V0681,WBC,8.5,4.0,11.0,2025-02-05
L03405,SUBJ114,V0681,Creatinine,0.73,0.6,1.3,2025-02-05
L03406,SUBJ114,V0682,ALT,60.23,7.0,56.0,2025-02-12
L03407,SUBJ114,V0682,AST,28.74,10.0,40.0,2025-02-12
L03408,SUBJ114,V0682,Hemoglobin,13.48,12.0,16.0,2025-02-12
L03409,SUBJ114,V0682,WBC,8.24,4.0,11.0,2025-02-12
L03410,SUBJ114,V0682,Creatinine,1.09,0.6,1.3,2025-02-12
L03411,SUBJ114,V0683,ALT,41.69,7.0,56.0,2025-02-18
L03412,SUBJ114,V0683,AST,20.54,10.0,40.0,2025-02-18
L03413,SUBJ114,V0683,Hemoglobin,15.33,12.0,16.0,2025-02-18
L03414,SUBJ114,V0683,WBC,6.22,4.0,11.0,2025-02-18
L03415,SUBJ114,V0683,Creatinine,0.94,0.6,1.3,2025-02-18
L03416,SUBJ114,V0684,ALT,46.13,7.0,56.0,2025-02-26
L03417,SUBJ114,V0684,AST,32.33,10.0,40.0,2025-02-26
L03418,SUBJ114,V0684,Hemoglobin,9.41,12.0,16.0,2025-02-26
L03419,SUBJ114,V0684,WBC,5.14,4.0,11.0,2025-02-26
L03420,SUBJ114,V0684,Creatinine,3.02,0.6,1.3,2025-02-26
L03421,SUBJ115,V0685,ALT,43.16,7.0,56.0,2025-02-14
L03422,SUBJ115,V0685,AST,10.1,10.0,40.0,2025-02-14
L03423,SUBJ115,V0685,Hemoglobin,14.52,12.0,16.0,2025-02-14
L03424,SUBJ115,V0685,WBC,10.57,4.0,11.0,2025-02-14
L03425,SUBJ115,V0685,Creatinine,0.69,0.6,1.3,2025-02-14
L03426,SUBJ115,V0686,ALT,40.6,7.0,56.0,2025-02-23
L03427,SUBJ115,V0686,AST,33.22,10.0,40.0,2025-02-23
L03428,SUBJ115,V0686,Hemoglobin,14.35,12.0,16.0,2025-02-23
L03429,SUBJ115,V0686,WBC,8.07,4.0,11.0,2025-02-23
L03430,SUBJ115,V0686,Creatinine,1.27,0.6,1.3,2025-02-23
L03431,SUBJ115,V0687,ALT,39.7,7.0,56.0,2025-02-27
L03432,SUBJ115,V0687,AST,20.9,10.0,40.0,2025-02-27
L03433,SUBJ115,V0687,Hemoglobin,14.13,12.0,16.0,2025-02-27
L03434,SUBJ115,V0687,WBC,5.57,4.0,11.0,2025-02-27
L03435,SUBJ115,V0687,Creatinine,1.16,0.6,1.3,2025-02-27
L03436,SUBJ115,V0688,ALT,39.99,7.0,56.0,2025-03-08
L03437,SUBJ115,V0688,AST,19.3,10.0,40.0,2025-03-08
L03438,SUBJ115,V0688,Hemoglobin,14.03,12.0,16.0,2025-03-08
L03439,SUBJ115,V0688,WBC,4.47,4.0,11.0,2025-03-08
L03440,SUBJ115,V0688,Creatinine,0.87,0.6,1.3,2025-03-08
L03441,SUBJ115,V0689,ALT,36.17,7.0,56.0,2025-03-16
L03442,SUBJ115,V0689,AST,12.39,10.0,40.0,2025-03-16
L03443,SUBJ115,V0689,Hemoglobin,12.42,12.0,16.0,2025-03-16
L03444,SUBJ115,V0689,WBC,10.15,4.0,11.0,2025-03-16
L03445,SUBJ115,V0689,Creatinine,0.84,0.6,1.3,2025-03-16
L03446,SUBJ115,V0690,ALT,19.39,7.0,56.0,2025-03-20
L03447,SUBJ115,V0690,AST,33.38,10.0,40.0,2025-03-20
L03448,SUBJ115,V0690,Hemoglobin,12.43,12.0,16.0,2025-03-20
L03449,SUBJ115,V0690,WBC,2.48,4.0,11.0,2025-03-20
L03450,SUBJ115,V0690,Creatinine,1.15,0.6,1.3,2025-03-20
L03451,SUBJ116,V0691,ALT,8.31,7.0,56.0,2025-04-01
L03452,SUBJ116,V0691,AST,8.57,10.0,40.0,2025-04-01
L03453,SUBJ116,V0691,Hemoglobin,15.54,12.0,16.0,2025-04-01
L03454,SUBJ116,V0691,WBC,6.24,4.0,11.0,2025-04-01
L03455,SUBJ116,V0691,Creatinine,0.88,0.6,1.3,2025-04-01
L03456,SUBJ116,V0692,ALT,37.9,7.0,56.0,2025-04-07
L03457,SUBJ116,V0692,AST,19.86,10.0,40.0,2025-04-07
L03458,SUBJ116,V0692,Hemoglobin,15.31,12.0,16.0,2025-04-07
L03459,SUBJ116,V0692,WBC,5.77,4.0,11.0,2025-04-07
L03460,SUBJ116,V0692,Creatinine,0.75,0.6,1.3,2025-04-07
L03461,SUBJ116,V0693,ALT,38.64,7.0,56.0,2025-04-15
L03462,SUBJ116,V0693,AST,25.99,10.0,40.0,2025-04-15
L03463,SUBJ116,V0693,Hemoglobin,12.7,12.0,16.0,2025-04-15
L03464,SUBJ116,V0693,WBC,,4.0,11.0,2025-04-15
L03465,SUBJ116,V0693,Creatinine,1.14,0.6,1.3,2025-04-15
L03466,SUBJ116,V0694,ALT,51.32,7.0,56.0,2025-04-23
L03467,SUBJ116,V0694,AST,19.88,10.0,40.0,2025-04-23
L03468,SUBJ116,V0694,Hemoglobin,15.31,12.0,16.0,2025-04-23
L03469,SUBJ116,V0694,WBC,4.28,4.0,11.0,2025-04-23
L03470,SUBJ116,V0694,Creatinine,1.11,0.6,1.3,2025-04-23
L03471,SUBJ116,V0695,ALT,59.37,7.0,56.0,2025-04-27
L03472,SUBJ116,V0695,AST,26.13,10.0,40.0,2025-04-27
L03473,SUBJ116,V0695,Hemoglobin,13.95,12.0,16.0,2025-04-27
L03474,SUBJ116,V0695,WBC,5.43,4.0,11.0,2025-04-27
L03475,SUBJ116,V0695,Creatinine,1.19,0.6,1.3,2025-04-27
L03476,SUBJ116,V0696,ALT,32.47,7.0,56.0,2025-05-07
L03477,SUBJ116,V0696,AST,10.45,10.0,40.0,2025-05-07
L03478,SUBJ116,V0696,Hemoglobin,15.14,12.0,16.0,2025-05-07
L03479,SUBJ116,V0696,WBC,5.92,4.0,11.0,2025-05-07
L03480,SUBJ116,V0696,Creatinine,1.21,0.6,1.3,2025-05-07
L03481,SUBJ117,V0697,ALT,30.23,7.0,56.0,2025-01-12
L03482,SUBJ117,V0697,AST,34.94,10.0,40.0,2025-01-12
L03483,SUBJ117,V0697,Hemoglobin,15.31,12.0,16.0,2025-01-12
L03484,SUBJ117,V0697,WBC,5.95,4.0,11.0,2025-01-12
L03485,SUBJ117,V0697,Creatinine,0.62,0.6,1.3,2025-01-12
L03486,SUBJ117,V0698,ALT,30.75,7.0,56.0,2025-01-17
L03487,SUBJ117,V0698,AST,17.67,10.0,40.0,2025-01-17
L03488,SUBJ117,V0698,Hemoglobin,13.03,12.0,16.0,2025-01-17
L03489,SUBJ117,V0698,WBC,5.27,4.0,11.0,2025-01-17
L03490,SUBJ117,V0698,Creatinine,0.8,0.6,1.3,2025-01-17
L03491,SUBJ117,V0699,ALT,13.04,7.0,56.0,2025-01-27
L03492,SUBJ117,V0699,AST,37.95,10.0,40.0,2025-01-27
L03493,SUBJ117,V0699,Hemoglobin,14.03,12.0,16.0,2025-01-27
L03494,SUBJ117,V0699,WBC,7.49,4.0,11.0,2025-01-27
L03495,SUBJ117,V0699,Creatinine,1.04,0.6,1.3,2025-01-27
L03496,SUBJ117,V0700,ALT,44.29,7.0,56.0,2025-02-02
L03497,SUBJ117,V0700,AST,11.29,10.0,40.0,2025-02-02
L03498,SUBJ117,V0700,Hemoglobin,14.97,12.0,16.0,2025-02-02
L03499,SUBJ117,V0700,WBC,,4.0,11.0,2025-02-02
L03500,SUBJ117,V0700,Creatinine,0.96,0.6,1.3,2025-02-02
L03501,SUBJ117,V0701,ALT,15.76,7.0,56.0,2025-02-08
L03502,SUBJ117,V0701,AST,8.11,10.0,40.0,2025-02-08
L03503,SUBJ117,V0701,Hemoglobin,14.46,12.0,16.0,2025-02-08
L03504,SUBJ117,V0701,WBC,4.87,4.0,11.0,2025-02-08
L03505,SUBJ117,V0701,Creatinine,0.83,0.6,1.3,2025-02-08
L03506,SUBJ117,V0702,ALT,38.5,7.0,56.0,2025-02-15
L03507,SUBJ117,V0702,AST,36.31,10.0,40.0,2025-02-15
L03508,SUBJ117,V0702,Hemoglobin,14.1,12.0,16.0,2025-02-15
L03509,SUBJ117,V0702,WBC,10.09,4.0,11.0,2025-02-15
L03510,SUBJ117,V0702,Creatinine,1.06,0.6,1.3,2025-02-15
L03511,SUBJ118,V0703,ALT,36.37,7.0,56.0,2025-03-05
L03512,SUBJ118,V0703,AST,31.72,10.0,40.0,2025-03-05
L03513,SUBJ118,V0703,Hemoglobin,13.56,12.0,16.0,2025-03-05
L03514,SUBJ118,V0703,WBC,10.92,4.0,11.0,2025-03-05
L03515,SUBJ118,V0703,Creatinine,0.7,0.6,1.3,2025-03-05
L03516,SUBJ118,V0704,ALT,,7.0,56.0,2025-03-11
L03517,SUBJ118,V0704,AST,29.11,10.0,40.0,2025-03-11
L03518,SUBJ118,V0704,Hemoglobin,14.17,12.0,16.0,2025-03-11
L03519,SUBJ118,V0704,WBC,,4.0,11.0,2025-03-11
L03520,SUBJ118,V0704,Creatinine,1.09,0.6,1.3,2025-03-11
L03521,SUBJ118,V0705,ALT,36.28,7.0,56.0,2025-03-21
L03522,SUBJ118,V0705,AST,8.12,10.0,40.0,2025-03-21
L03523,SUBJ118,V0705,Hemoglobin,14.53,12.0,16.0,2025-03-21
L03524,SUBJ118,V0705,WBC,1.23,4.0,11.0,2025-03-21
L03525,SUBJ118,V0705,Creatinine,6.6,0.6,1.3,2025-03-21
L03526,SUBJ118,V0706,ALT,43.46,7.0,56.0,2025-03-26
L03527,SUBJ118,V0706,AST,31.16,10.0,40.0,2025-03-26
L03528,SUBJ118,V0706,Hemoglobin,13.56,12.0,16.0,2025-03-26
L03529,SUBJ118,V0706,WBC,6.25,4.0,11.0,2025-03-26
L03530,SUBJ118,V0706,Creatinine,0.88,0.6,1.3,2025-03-26
L03531,SUBJ118,V0707,ALT,,7.0,56.0,2025-04-04
L03532,SUBJ118,V0707,AST,19.88,10.0,40.0,2025-04-04
L03533,SUBJ118,V0707,Hemoglobin,13.34,12.0,16.0,2025-04-04
L03534,SUBJ118,V0707,WBC,7.24,4.0,11.0,2025-04-04
L03535,SUBJ118,V0707,Creatinine,1.18,0.6,1.3,2025-04-04
L03536,SUBJ118,V0708,ALT,9.41,7.0,56.0,2025-04-08
L03537,SUBJ118,V0708,AST,23.99,10.0,40.0,2025-04-08
L03538,SUBJ118,V0708,Hemoglobin,12.17,12.0,16.0,2025-04-08
L03539,SUBJ118,V0708,WBC,10.49,4.0,11.0,2025-04-08
L03540,SUBJ118,V0708,Creatinine,1.03,0.6,1.3,2025-04-08
L03541,SUBJ119,V0709,ALT,8.73,7.0,56.0,2025-01-01
L03542,SUBJ119,V0709,AST,13.35,10.0,40.0,2025-01-01
L03543,SUBJ119,V0709,Hemoglobin,15.96,12.0,16.0,2025-01-01
L03544,SUBJ119,V0709,WBC,6.97,4.0,11.0,2025-01-01
L03545,SUBJ119,V0709,Creatinine,1.21,0.6,1.3,2025-01-01
L03546,SUBJ119,V0710,ALT,52.99,7.0,56.0,2025-01-12
L03547,SUBJ119,V0710,AST,21.65,10.0,40.0,2025-01-12
L03548,SUBJ119,V0710,Hemoglobin,13.95,12.0,16.0,2025-01-12
L03549,SUBJ119,V0710,WBC,7.93,4.0,11.0,2025-01-12
L03550,SUBJ119,V0710,Creatinine,0.72,0.6,1.3,2025-01-12
L03551,SUBJ119,V0711,ALT,,7.0,56.0,2025-01-16
L03552,SUBJ119,V0711,AST,15.61,10.0,40.0,2025-01-16
L03553,SUBJ119,V0711,Hemoglobin,10.02,12.0,16.0,2025-01-16
L03554,SUBJ119,V0711,WBC,14.98,4.0,11.0,2025-01-16
L03555,SUBJ119,V0711,Creatinine,0.75,0.6,1.3,2025-01-16
L03556,SUBJ119,V0712,ALT,31.46,7.0,56.0,2025-01-22
L03557,SUBJ119,V0712,AST,29.5,10.0,40.0,2025-01-22
L03558,SUBJ119,V0712,Hemoglobin,15.43,12.0,16.0,2025-01-22
L03559,SUBJ119,V0712,WBC,6.2,4.0,11.0,2025-01-22
L03560,SUBJ119,V0712,Creatinine,1.13,0.6,1.3,2025-01-22
L03561,SUBJ119,V0713,ALT,15.28,7.0,56.0,2025-02-01
L03562,SUBJ119,V0713,AST,39.31,10.0,40.0,2025-02-01
L03563,SUBJ119,V0713,Hemoglobin,15.49,12.0,16.0,2025-02-01
L03564,SUBJ119,V0713,WBC,8.49,4.0,11.0,2025-02-01
L03565,SUBJ119,V0713,Creatinine,0.75,0.6,1.3,2025-02-01
L03566,SUBJ119,V0714,ALT,30.87,7.0,56.0,2025-02-07
L03567,SUBJ119,V0714,AST,37.52,10.0,40.0,2025-02-07
L03568,SUBJ119,V0714,Hemoglobin,15.09,12.0,16.0,2025-02-07
L03569,SUBJ119,V0714,WBC,9.97,4.0,11.0,2025-02-07
L03570,SUBJ119,V0714,Creatinine,0.87,0.6,1.3,2025-02-07
L03571,SUBJ120,V0715,ALT,48.35,7.0,56.0,2025-01-22
L03572,SUBJ120,V0715,AST,30.91,10.0,40.0,2025-01-22
L03573,SUBJ120,V0715,Hemoglobin,12.0,12.0,16.0,2025-01-22
L03574,SUBJ120,V0715,WBC,1.63,4.0,11.0,2025-01-22
L03575,SUBJ120,V0715,Creatinine,0.72,0.6,1.3,2025-01-22
L03576,SUBJ120,V0716,ALT,61.1,7.0,56.0,2025-01-27
L03577,SUBJ120,V0716,AST,32.07,10.0,40.0,2025-01-27
L03578,SUBJ120,V0716,Hemoglobin,14.88,12.0,16.0,2025-01-27
L03579,SUBJ120,V0716,WBC,8.14,4.0,11.0,2025-01-27
L03580,SUBJ120,V0716,Creatinine,1.02,0.6,1.3,2025-01-27
L03581,SUBJ120,V0717,ALT,15.98,7.0,56.0,2025-02-02
L03582,SUBJ120,V0717,AST,35.76,10.0,40.0,2025-02-02
L03583,SUBJ120,V0717,Hemoglobin,14.72,12.0,16.0,2025-02-02
L03584,SUBJ120,V0717,WBC,1.15,4.0,11.0,2025-02-02
L03585,SUBJ120,V0717,Creatinine,0.73,0.6,1.3,2025-02-02
L03586,SUBJ120,V0718,ALT,45.01,7.0,56.0,2025-02-10
L03587,SUBJ120,V0718,AST,27.54,10.0,40.0,2025-02-10
L03588,SUBJ120,V0718,Hemoglobin,15.35,12.0,16.0,2025-02-10
L03589,SUBJ120,V0718,WBC,9.85,4.0,11.0,2025-02-10
L03590,SUBJ120,V0718,Creatinine,,0.6,1.3,2025-02-10
L03591,SUBJ120,V0719,ALT,28.87,7.0,56.0,2025-02-18
L03592,SUBJ120,V0719,AST,30.75,10.0,40.0,2025-02-18
L03593,SUBJ120,V0719,Hemoglobin,12.59,12.0,16.0,2025-02-18
L03594,SUBJ120,V0719,WBC,6.43,4.0,11.0,2025-02-18
L03595,SUBJ120,V0719,Creatinine,0.71,0.6,1.3,2025-02-18
L03596,SUBJ120,V0720,ALT,23.07,7.0,56.0,2025-02-27
L03597,SUBJ120,V0720,AST,17.78,10.0,40.0,2025-02-27
L03598,SUBJ120,V0720,Hemoglobin,15.21,12.0,16.0,2025-02-27
L03599,SUBJ120,V0720,WBC,9.49,4.0,11.0,2025-02-27
L03600,SUBJ120,V0720,Creatinine,0.82,0.6,1.3,2025-02-27
L03601,SUBJ121,V0721,ALT,18.96,7.0,56.0,2025-02-02
L03602,SUBJ121,V0721,AST,14.14,10.0,40.0,2025-02-02
L03603,SUBJ121,V0721,Hemoglobin,14.81,12.0,16.0,2025-02-02
L03604,SUBJ121,V0721,WBC,5.11,4.0,11.0,2025-02-02
L03605,SUBJ121,V0721,Creatinine,,0.6,1.3,2025-02-02
L03606,SUBJ121,V0722,ALT,58.88,7.0,56.0,2025-02-11
L03607,SUBJ121,V0722,AST,31.23,10.0,40.0,2025-02-11
L03608,SUBJ121,V0722,Hemoglobin,13.23,12.0,16.0,2025-02-11
L03609,SUBJ121,V0722,WBC,4.48,4.0,11.0,2025-02-11
L03610,SUBJ121,V0722,Creatinine,1.06,0.6,1.3,2025-02-11
L03611,SUBJ121,V0723,ALT,58.16,7.0,56.0,2025-02-15
L03612,SUBJ121,V0723,AST,33.57,10.0,40.0,2025-02-15
L03613,SUBJ121,V0723,Hemoglobin,13.28,12.0,16.0,2025-02-15
L03614,SUBJ121,V0723,WBC,10.56,4.0,11.0,2025-02-15
L03615,SUBJ121,V0723,Creatinine,1.21,0.6,1.3,2025-02-15
L03616,SUBJ121,V0724,ALT,50.77,7.0,56.0,2025-02-26
L03617,SUBJ121,V0724,AST,15.77,10.0,40.0,2025-02-26
L03618,SUBJ121,V0724,Hemoglobin,13.24,12.0,16.0,2025-02-26
L03619,SUBJ121,V0724,WBC,4.37,4.0,11.0,2025-02-26
L03620,SUBJ121,V0724,Creatinine,1.21,0.6,1.3,2025-02-26
L03621,SUBJ121,V0725,ALT,44.48,7.0,56.0,2025-03-03
L03622,SUBJ121,V0725,AST,13.01,10.0,40.0,2025-03-03
L03623,SUBJ121,V0725,Hemoglobin,12.4,12.0,16.0,2025-03-03
L03624,SUBJ121,V0725,WBC,6.73,4.0,11.0,2025-03-03
L03625,SUBJ121,V0725,Creatinine,1.08,0.6,1.3,2025-03-03
L03626,SUBJ121,V0726,ALT,20.29,7.0,56.0,2025-03-10
L03627,SUBJ121,V0726,AST,20.01,10.0,40.0,2025-03-10
L03628,SUBJ121,V0726,Hemoglobin,14.21,12.0,16.0,2025-03-10
L03629,SUBJ121,V0726,WBC,10.89,4.0,11.0,2025-03-10
L03630,SUBJ121,V0726,Creatinine,0.85,0.6,1.3,2025-03-10
L03631,SUBJ122,V0727,ALT,14.09,7.0,56.0,2025-01-20
L03632,SUBJ122,V0727,AST,11.06,10.0,40.0,2025-01-20
L03633,SUBJ122,V0727,Hemoglobin,13.02,12.0,16.0,2025-01-20
L03634,SUBJ122,V0727,WBC,2.16,4.0,11.0,2025-01-20
L03635,SUBJ122,V0727,Creatinine,0.96,0.6,1.3,2025-01-20
L03636,SUBJ122,V0728,ALT,39.95,7.0,56.0,2025-01-25
L03637,SUBJ122,V0728,AST,20.56,10.0,40.0,2025-01-25
L03638,SUBJ122,V0728,Hemoglobin,14.56,12.0,16.0,2025-01-25
L03639,SUBJ122,V0728,WBC,14.56,4.0,11.0,2025-01-25
L03640,SUBJ122,V0728,Creatinine,1.2,0.6,1.3,2025-01-25
L03641,SUBJ122,V0729,ALT,,7.0,56.0,2025-02-01
L03642,SUBJ122,V0729,AST,24.04,10.0,40.0,2025-02-01
L03643,SUBJ122,V0729,Hemoglobin,12.66,12.0,16.0,2025-02-01
L03644,SUBJ122,V0729,WBC,6.86,4.0,11.0,2025-02-01
L03645,SUBJ122,V0729,Creatinine,0.96,0.6,1.3,2025-02-01
L03646,SUBJ122,V0730,ALT,33.58,7.0,56.0,2025-02-08
L03647,SUBJ122,V0730,AST,26.54,10.0,40.0,2025-02-08
L03648,SUBJ122,V0730,Hemoglobin,15.01,12.0,16.0,2025-02-08
L03649,SUBJ122,V0730,WBC,1.16,4.0,11.0,2025-02-08
L03650,SUBJ122,V0730,Creatinine,0.75,0.6,1.3,2025-02-08
L03651,SUBJ122,V0731,ALT,54.32,7.0,56.0,2025-02-13
L03652,SUBJ122,V0731,AST,23.08,10.0,40.0,2025-02-13
L03653,SUBJ122,V0731,Hemoglobin,13.88,12.0,16.0,2025-02-13
L03654,SUBJ122,V0731,WBC,4.77,4.0,11.0,2025-02-13
L03655,SUBJ122,V0731,Creatinine,0.64,0.6,1.3,2025-02-13
L03656,SUBJ122,V0732,ALT,9.0,7.0,56.0,2025-02-24
L03657,SUBJ122,V0732,AST,26.44,10.0,40.0,2025-02-24
L03658,SUBJ122,V0732,Hemoglobin,13.0,12.0,16.0,2025-02-24
L03659,SUBJ122,V0732,WBC,7.9,4.0,11.0,2025-02-24
L03660,SUBJ122,V0732,Creatinine,0.6,0.6,1.3,2025-02-24
L03661,SUBJ123,V0733,ALT,30.84,7.0,56.0,2025-03-04
L03662,SUBJ123,V0733,AST,29.11,10.0,40.0,2025-03-04
L03663,SUBJ123,V0733,Hemoglobin,,12.0,16.0,2025-03-04
L03664,SUBJ123,V0733,WBC,,4.0,11.0,2025-03-04
L03665,SUBJ123,V0733,Creatinine,0.64,0.6,1.3,2025-03-04
L03666,SUBJ123,V0734,ALT,38.19,7.0,56.0,2025-03-09
L03667,SUBJ123,V0734,AST,,10.0,40.0,2025-03-09
L03668,SUBJ123,V0734,Hemoglobin,13.56,12.0,16.0,2025-03-09
L03669,SUBJ123,V0734,WBC,4.8,4.0,11.0,2025-03-09
L03670,SUBJ123,V0734,Creatinine,,0.6,1.3,2025-03-09
L03671,SUBJ123,V0735,ALT,24.19,7.0,56.0,2025-03-16
L03672,SUBJ123,V0735,AST,23.05,10.0,40.0,2025-03-16
L03673,SUBJ123,V0735,Hemoglobin,12.47,12.0,16.0,2025-03-16
L03674,SUBJ123,V0735,WBC,5.72,4.0,11.0,2025-03-16
L03675,SUBJ123,V0735,Creatinine,1.14,0.6,1.3,2025-03-16
L03676,SUBJ123,V0736,ALT,54.87,7.0,56.0,2025-03-26
L03677,SUBJ123,V0736,AST,12.78,10.0,40.0,2025-03-26
L03678,SUBJ123,V0736,Hemoglobin,14.61,12.0,16.0,2025-03-26
L03679,SUBJ123,V0736,WBC,9.81,4.0,11.0,2025-03-26
L03680,SUBJ123,V0736,Creatinine,0.86,0.6,1.3,2025-03-26
L03681,SUBJ123,V0737,ALT,53.27,7.0,56.0,2025-03-30
L03682,SUBJ123,V0737,AST,32.17,10.0,40.0,2025-03-30
L03683,SUBJ123,V0737,Hemoglobin,14.63,12.0,16.0,2025-03-30
L03684,SUBJ123,V0737,WBC,7.37,4.0,11.0,2025-03-30
L03685,SUBJ123,V0737,Creatinine,1.08,0.6,1.3,2025-03-30
L03686,SUBJ123,V0738,ALT,50.97,7.0,56.0,2025-04-06
L03687,SUBJ123,V0738,AST,35.26,10.0,40.0,2025-04-06
L03688,SUBJ123,V0738,Hemoglobin,12.2,12.0,16.0,2025-04-06
L03689,SUBJ123,V0738,WBC,8.93,4.0,11.0,2025-04-06
L03690,SUBJ123,V0738,Creatinine,0.74,0.6,1.3,2025-04-06
L03691,SUBJ124,V0739,ALT,21.27,7.0,56.0,2025-01-03
L03692,SUBJ124,V0739,AST,18.32,10.0,40.0,2025-01-03
L03693,SUBJ124,V0739,Hemoglobin,15.46,12.0,16.0,2025-01-03
L03694,SUBJ124,V0739,WBC,9.37,4.0,11.0,2025-01-03
L03695,SUBJ124,V0739,Creatinine,0.83,0.6,1.3,2025-01-03
L03696,SUBJ124,V0740,ALT,10.12,7.0,56.0,2025-01-06
L03697,SUBJ124,V0740,AST,17.51,10.0,40.0,2025-01-06
L03698,SUBJ124,V0740,Hemoglobin,13.61,12.0,16.0,2025-01-06
L03699,SUBJ124,V0740,WBC,10.72,4.0,11.0,2025-01-06
L03700,SUBJ124,V0740,Creatinine,0.94,0.6,1.3,2025-01-06
L03701,SUBJ124,V0741,ALT,58.89,7.0,56.0,2025-01-15
L03702,SUBJ124,V0741,AST,11.87,10.0,40.0,2025-01-15
L03703,SUBJ124,V0741,Hemoglobin,15.65,12.0,16.0,2025-01-15
L03704,SUBJ124,V0741,WBC,9.42,4.0,11.0,2025-01-15
L03705,SUBJ124,V0741,Creatinine,1.1,0.6,1.3,2025-01-15
L03706,SUBJ124,V0742,ALT,65.33,7.0,56.0,2025-01-20
L03707,SUBJ124,V0742,AST,17.98,10.0,40.0,2025-01-20
L03708,SUBJ124,V0742,Hemoglobin,12.01,12.0,16.0,2025-01-20
L03709,SUBJ124,V0742,WBC,7.56,4.0,11.0,2025-01-20
L03710,SUBJ124,V0742,Creatinine,0.88,0.6,1.3,2025-01-20
L03711,SUBJ124,V0743,ALT,49.24,7.0,56.0,2025-01-30
L03712,SUBJ124,V0743,AST,31.97,10.0,40.0,2025-01-30
L03713,SUBJ124,V0743,Hemoglobin,,12.0,16.0,2025-01-30
L03714,SUBJ124,V0743,WBC,10.65,4.0,11.0,2025-01-30
L03715,SUBJ124,V0743,Creatinine,0.82,0.6,1.3,2025-01-30
L03716,SUBJ124,V0744,ALT,33.53,7.0,56.0,2025-02-04
L03717,SUBJ124,V0744,AST,29.72,10.0,40.0,2025-02-04
L03718,SUBJ124,V0744,Hemoglobin,15.25,12.0,16.0,2025-02-04
L03719,SUBJ124,V0744,WBC,14.93,4.0,11.0,2025-02-04
L03720,SUBJ124,V0744,Creatinine,1.03,0.6,1.3,2025-02-04
L03721,SUBJ125,V0745,ALT,,7.0,56.0,2025-03-11
L03722,SUBJ125,V0745,AST,22.01,10.0,40.0,2025-03-11
L03723,SUBJ125,V0745,Hemoglobin,12.72,12.0,16.0,2025-03-11
L03724,SUBJ125,V0745,WBC,7.94,4.0,11.0,2025-03-11
L03725,SUBJ125,V0745,Creatinine,0.77,0.6,1.3,2025-03-11
L03726,SUBJ125,V0746,ALT,7.27,7.0,56.0,2025-03-20
L03727,SUBJ125,V0746,AST,28.57,10.0,40.0,2025-03-20
L03728,SUBJ125,V0746,Hemoglobin,12.3,12.0,16.0,2025-03-20
L03729,SUBJ125,V0746,WBC,10.16,4.0,11.0,2025-03-20
L03730,SUBJ125,V0746,Creatinine,0.97,0.6,1.3,2025-03-20
L03731,SUBJ125,V0747,ALT,,7.0,56.0,2025-03-29
L03732,SUBJ125,V0747,AST,20.0,10.0,40.0,2025-03-29
L03733,SUBJ125,V0747,Hemoglobin,14.57,12.0,16.0,2025-03-29
L03734,SUBJ125,V0747,WBC,4.41,4.0,11.0,2025-03-29
L03735,SUBJ125,V0747,Creatinine,1.0,0.6,1.3,2025-03-29
L03736,SUBJ125,V0748,ALT,43.74,7.0,56.0,2025-04-03
L03737,SUBJ125,V0748,AST,13.11,10.0,40.0,2025-04-03
L03738,SUBJ125,V0748,Hemoglobin,10.76,12.0,16.0,2025-04-03
L03739,SUBJ125,V0748,WBC,7.43,4.0,11.0,2025-04-03
L03740,SUBJ125,V0748,Creatinine,0.91,0.6,1.3,2025-04-03
L03741,SUBJ125,V0749,ALT,28.5,7.0,56.0,2025-04-10
L03742,SUBJ125,V0749,AST,35.03,10.0,40.0,2025-04-10
L03743,SUBJ125,V0749,Hemoglobin,,12.0,16.0,2025-04-10
L03744,SUBJ125,V0749,WBC,15.42,4.0,11.0,2025-04-10
L03745,SUBJ125,V0749,Creatinine,10.09,0.6,1.3,2025-04-10
L03746,SUBJ125,V0750,ALT,56.0,7.0,56.0,2025-04-16
L03747,SUBJ125,V0750,AST,38.69,10.0,40.0,2025-04-16
L03748,SUBJ125,V0750,Hemoglobin,15.58,12.0,16.0,2025-04-16
L03749,SUBJ125,V0750,WBC,10.64,4.0,11.0,2025-04-16
L03750,SUBJ125,V0750,Creatinine,2.96,0.6,1.3,2025-04-16
L03751,SUBJ126,V0751,ALT,12.98,7.0,56.0,2025-01-27
L03752,SUBJ126,V0751,AST,8.82,10.0,40.0,2025-01-27
L03753,SUBJ126,V0751,Hemoglobin,15.93,12.0,16.0,2025-01-27
L03754,SUBJ126,V0751,WBC,9.74,4.0,11.0,2025-01-27
L03755,SUBJ126,V0751,Creatinine,3.91,0.6,1.3,2025-01-27
L03756,SUBJ126,V0752,ALT,24.5,7.0,56.0,2025-02-05
L03757,SUBJ126,V0752,AST,28.32,10.0,40.0,2025-02-05
L03758,SUBJ126,V0752,Hemoglobin,15.16,12.0,16.0,2025-02-05
L03759,SUBJ126,V0752,WBC,5.35,4.0,11.0,2025-02-05
L03760,SUBJ126,V0752,Creatinine,1.01,0.6,1.3,2025-02-05
L03761,SUBJ126,V0753,ALT,17.92,7.0,56.0,2025-02-13
L03762,SUBJ126,V0753,AST,19.9,10.0,40.0,2025-02-13
L03763,SUBJ126,V0753,Hemoglobin,15.08,12.0,16.0,2025-02-13
L03764,SUBJ126,V0753,WBC,7.1,4.0,11.0,2025-02-13
L03765,SUBJ126,V0753,Creatinine,,0.6,1.3,2025-02-13
L03766,SUBJ126,V0754,ALT,32.24,7.0,56.0,2025-02-17
L03767,SUBJ126,V0754,AST,36.26,10.0,40.0,2025-02-17
L03768,SUBJ126,V0754,Hemoglobin,,12.0,16.0,2025-02-17
L03769,SUBJ126,V0754,WBC,4.77,4.0,11.0,2025-02-17
L03770,SUBJ126,V0754,Creatinine,0.76,0.6,1.3,2025-02-17
L03771,SUBJ126,V0755,ALT,31.85,7.0,56.0,2025-02-27
L03772,SUBJ126,V0755,AST,29.04,10.0,40.0,2025-02-27
L03773,SUBJ126,V0755,Hemoglobin,22.72,12.0,16.0,2025-02-27
L03774,SUBJ126,V0755,WBC,4.83,4.0,11.0,2025-02-27
L03775,SUBJ126,V0755,Creatinine,0.66,0.6,1.3,2025-02-27
L03776,SUBJ126,V0756,ALT,54.71,7.0,56.0,2025-03-04
L03777,SUBJ126,V0756,AST,33.92,10.0,40.0,2025-03-04
L03778,SUBJ126,V0756,Hemoglobin,12.32,12.0,16.0,2025-03-04
L03779,SUBJ126,V0756,WBC,17.29,4.0,11.0,2025-03-04
L03780,SUBJ126,V0756,Creatinine,0.86,0.6,1.3,2025-03-04
L03781,SUBJ127,V0757,ALT,58.27,7.0,56.0,2025-01-20
L03782,SUBJ127,V0757,AST,11.15,10.0,40.0,2025-01-20
L03783,SUBJ127,V0757,Hemoglobin,13.26,12.0,16.0,2025-01-20
L03784,SUBJ127,V0757,WBC,9.72,4.0,11.0,2025-01-20
L03785,SUBJ127,V0757,Creatinine,-1.85,0.6,1.3,2025-01-20
L03786,SUBJ127,V0758,ALT,42.38,7.0,56.0,2025-01-26
L03787,SUBJ127,V0758,AST,45.13,10.0,40.0,2025-01-26
L03788,SUBJ127,V0758,Hemoglobin,12.19,12.0,16.0,2025-01-26
L03789,SUBJ127,V0758,WBC,14.09,4.0,11.0,2025-01-26
L03790,SUBJ127,V0758,Creatinine,1.26,0.6,1.3,2025-01-26
L03791,SUBJ127,V0759,ALT,8.76,7.0,56.0,2025-02-03
L03792,SUBJ127,V0759,AST,20.23,10.0,40.0,2025-02-03
L03793,SUBJ127,V0759,Hemoglobin,15.92,12.0,16.0,2025-02-03
L03794,SUBJ127,V0759,WBC,7.04,4.0,11.0,2025-02-03
L03795,SUBJ127,V0759,Creatinine,0.87,0.6,1.3,2025-02-03
L03796,SUBJ127,V0760,ALT,47.79,7.0,56.0,2025-02-12
L03797,SUBJ127,V0760,AST,14.09,10.0,40.0,2025-02-12
L03798,SUBJ127,V0760,Hemoglobin,15.85,12.0,16.0,2025-02-12
L03799,SUBJ127,V0760,WBC,5.35,4.0,11.0,2025-02-12
L03800,SUBJ127,V0760,Creatinine,1.2,0.6,1.3,2025-02-12
L03801,SUBJ127,V0761,ALT,41.76,7.0,56.0,2025-02-16
L03802,SUBJ127,V0761,AST,20.6,10.0,40.0,2025-02-16
L03803,SUBJ127,V0761,Hemoglobin,15.96,12.0,16.0,2025-02-16
L03804,SUBJ127,V0761,WBC,6.44,4.0,11.0,2025-02-16
L03805,SUBJ127,V0761,Creatinine,1.24,0.6,1.3,2025-02-16
L03806,SUBJ127,V0762,ALT,33.15,7.0,56.0,2025-02-22
L03807,SUBJ127,V0762,AST,10.18,10.0,40.0,2025-02-22
L03808,SUBJ127,V0762,Hemoglobin,15.66,12.0,16.0,2025-02-22
L03809,SUBJ127,V0762,WBC,,4.0,11.0,2025-02-22
L03810,SUBJ127,V0762,Creatinine,0.65,0.6,1.3,2025-02-22
L03811,SUBJ128,V0763,ALT,29.28,7.0,56.0,2025-02-23
L03812,SUBJ128,V0763,AST,18.08,10.0,40.0,2025-02-23
L03813,SUBJ128,V0763,Hemoglobin,15.7,12.0,16.0,2025-02-23
L03814,SUBJ128,V0763,WBC,1.79,4.0,11.0,2025-02-23
L03815,SUBJ128,V0763,Creatinine,0.88,0.6,1.3,2025-02-23
L03816,SUBJ128,V0764,ALT,48.4,7.0,56.0,2025-02-28
L03817,SUBJ128,V0764,AST,36.27,10.0,40.0,2025-02-28
L03818,SUBJ128,V0764,Hemoglobin,13.89,12.0,16.0,2025-02-28
L03819,SUBJ128,V0764,WBC,10.16,4.0,11.0,2025-02-28
L03820,SUBJ128,V0764,Creatinine,0.89,0.6,1.3,2025-02-28
L03821,SUBJ128,V0765,ALT,44.42,7.0,56.0,2025-03-08
L03822,SUBJ128,V0765,AST,10.55,10.0,40.0,2025-03-08
L03823,SUBJ128,V0765,Hemoglobin,13.25,12.0,16.0,2025-03-08
L03824,SUBJ128,V0765,WBC,10.28,4.0,11.0,2025-03-08
L03825,SUBJ128,V0765,Creatinine,1.07,0.6,1.3,2025-03-08
L03826,SUBJ128,V0766,ALT,33.06,7.0,56.0,2025-03-16
L03827,SUBJ128,V0766,AST,46.95,10.0,40.0,2025-03-16
L03828,SUBJ128,V0766,Hemoglobin,9.03,12.0,16.0,2025-03-16
L03829,SUBJ128,V0766,WBC,6.57,4.0,11.0,2025-03-16
L03830,SUBJ128,V0766,Creatinine,1.18,0.6,1.3,2025-03-16
L03831,SUBJ128,V0767,ALT,47.09,7.0,56.0,2025-03-23
L03832,SUBJ128,V0767,AST,34.25,10.0,40.0,2025-03-23
L03833,SUBJ128,V0767,Hemoglobin,13.66,12.0,16.0,2025-03-23
L03834,SUBJ128,V0767,WBC,2.23,4.0,11.0,2025-03-23
L03835,SUBJ128,V0767,Creatinine,0.63,0.6,1.3,2025-03-23
L03836,SUBJ128,V0768,ALT,11.62,7.0,56.0,2025-03-28
L03837,SUBJ128,V0768,AST,30.6,10.0,40.0,2025-03-28
L03838,SUBJ128,V0768,Hemoglobin,13.32,12.0,16.0,2025-03-28
L03839,SUBJ128,V0768,WBC,4.56,4.0,11.0,2025-03-28
L03840,SUBJ128,V0768,Creatinine,5.4,0.6,1.3,2025-03-28
L03841,SUBJ129,V0769,ALT,27.59,7.0,56.0,2025-03-29
L03842,SUBJ129,V0769,AST,41.58,10.0,40.0,2025-03-29
L03843,SUBJ129,V0769,Hemoglobin,14.57,12.0,16.0,2025-03-29
L03844,SUBJ129,V0769,WBC,8.42,4.0,11.0,2025-03-29
L03845,SUBJ129,V0769,Creatinine,1.08,0.6,1.3,2025-03-29
L03846,SUBJ129,V0770,ALT,47.31,7.0,56.0,2025-04-06
L03847,SUBJ129,V0770,AST,33.13,10.0,40.0,2025-04-06
L03848,SUBJ129,V0770,Hemoglobin,13.71,12.0,16.0,2025-04-06
L03849,SUBJ129,V0770,WBC,4.97,4.0,11.0,2025-04-06
L03850,SUBJ129,V0770,Creatinine,0.93,0.6,1.3,2025-04-06
L03851,SUBJ129,V0771,ALT,30.8,7.0,56.0,2025-04-12
L03852,SUBJ129,V0771,AST,12.0,10.0,40.0,2025-04-12
L03853,SUBJ129,V0771,Hemoglobin,15.82,12.0,16.0,2025-04-12
L03854,SUBJ129,V0771,WBC,10.02,4.0,11.0,2025-04-12
L03855,SUBJ129,V0771,Creatinine,0.67,0.6,1.3,2025-04-12
L03856,SUBJ129,V0772,ALT,45.7,7.0,56.0,2025-04-16
L03857,SUBJ129,V0772,AST,14.97,10.0,40.0,2025-04-16
L03858,SUBJ129,V0772,Hemoglobin,,12.0,16.0,2025-04-16
L03859,SUBJ129,V0772,WBC,5.97,4.0,11.0,2025-04-16
L03860,SUBJ129,V0772,Creatinine,0.71,0.6,1.3,2025-04-16
L03861,SUBJ129,V0773,ALT,18.26,7.0,56.0,2025-04-24
L03862,SUBJ129,V0773,AST,12.35,10.0,40.0,2025-04-24
L03863,SUBJ129,V0773,Hemoglobin,15.94,12.0,16.0,2025-04-24
L03864,SUBJ129,V0773,WBC,6.95,4.0,11.0,2025-04-24
L03865,SUBJ129,V0773,Creatinine,0.63,0.6,1.3,2025-04-24
L03866,SUBJ129,V0774,ALT,5.75,7.0,56.0,2025-05-01
L03867,SUBJ129,V0774,AST,19.97,10.0,40.0,2025-05-01
L03868,SUBJ129,V0774,Hemoglobin,13.45,12.0,16.0,2025-05-01
L03869,SUBJ129,V0774,WBC,6.22,4.0,11.0,2025-05-01
L03870,SUBJ129,V0774,Creatinine,0.72,0.6,1.3,2025-05-01
L03871,SUBJ130,V0775,ALT,49.53,7.0,56.0,2025-02-26
L03872,SUBJ130,V0775,AST,31.34,10.0,40.0,2025-02-26
L03873,SUBJ130,V0775,Hemoglobin,18.12,12.0,16.0,2025-02-26
L03874,SUBJ130,V0775,WBC,8.49,4.0,11.0,2025-02-26
L03875,SUBJ130,V0775,Creatinine,10.74,0.6,1.3,2025-02-26
L03876,SUBJ130,V0776,ALT,39.31,7.0,56.0,2025-03-05
L03877,SUBJ130,V0776,AST,12.52,10.0,40.0,2025-03-05
L03878,SUBJ130,V0776,Hemoglobin,14.88,12.0,16.0,2025-03-05
L03879,SUBJ130,V0776,WBC,8.1,4.0,11.0,2025-03-05
L03880,SUBJ130,V0776,Creatinine,0.97,0.6,1.3,2025-03-05
L03881,SUBJ130,V0777,ALT,35.47,7.0,56.0,2025-03-10
L03882,SUBJ130,V0777,AST,20.0,10.0,40.0,2025-03-10
L03883,SUBJ130,V0777,Hemoglobin,13.19,12.0,16.0,2025-03-10
L03884,SUBJ130,V0777,WBC,5.44,4.0,11.0,2025-03-10
L03885,SUBJ130,V0777,Creatinine,1.1,0.6,1.3,2025-03-10
L03886,SUBJ130,V0778,ALT,38.92,7.0,56.0,2025-03-20
L03887,SUBJ130,V0778,AST,21.14,10.0,40.0,2025-03-20
L03888,SUBJ130,V0778,Hemoglobin,15.36,12.0,16.0,2025-03-20
L03889,SUBJ130,V0778,WBC,4.83,4.0,11.0,2025-03-20
L03890,SUBJ130,V0778,Creatinine,0.77,0.6,1.3,2025-03-20
L03891,SUBJ130,V0779,ALT,13.78,7.0,56.0,2025-03-25
L03892,SUBJ130,V0779,AST,28.17,10.0,40.0,2025-03-25
L03893,SUBJ130,V0779,Hemoglobin,13.52,12.0,16.0,2025-03-25
L03894,SUBJ130,V0779,WBC,10.61,4.0,11.0,2025-03-25
L03895,SUBJ130,V0779,Creatinine,0.64,0.6,1.3,2025-03-25
L03896,SUBJ130,V0780,ALT,28.68,7.0,56.0,2025-04-02
L03897,SUBJ130,V0780,AST,10.9,10.0,40.0,2025-04-02
L03898,SUBJ130,V0780,Hemoglobin,13.51,12.0,16.0,2025-04-02
L03899,SUBJ130,V0780,WBC,,4.0,11.0,2025-04-02
L03900,SUBJ130,V0780,Creatinine,0.9,0.6,1.3,2025-04-02
L03901,SUBJ131,V0781,ALT,35.0,7.0,56.0,2025-04-02
L03902,SUBJ131,V0781,AST,44.53,10.0,40.0,2025-04-02
L03903,SUBJ131,V0781,Hemoglobin,15.19,12.0,16.0,2025-04-02
L03904,SUBJ131,V0781,WBC,9.86,4.0,11.0,2025-04-02
L03905,SUBJ131,V0781,Creatinine,0.79,0.6,1.3,2025-04-02
L03906,SUBJ131,V0782,ALT,,7.0,56.0,2025-04-08
L03907,SUBJ131,V0782,AST,39.79,10.0,40.0,2025-04-08
L03908,SUBJ131,V0782,Hemoglobin,15.84,12.0,16.0,2025-04-08
L03909,SUBJ131,V0782,WBC,8.11,4.0,11.0,2025-04-08
L03910,SUBJ131,V0782,Creatinine,,0.6,1.3,2025-04-08
L03911,SUBJ131,V0783,ALT,59.3,7.0,56.0,2025-04-14
L03912,SUBJ131,V0783,AST,7.36,10.0,40.0,2025-04-14
L03913,SUBJ131,V0783,Hemoglobin,15.64,12.0,16.0,2025-04-14
L03914,SUBJ131,V0783,WBC,4.13,4.0,11.0,2025-04-14
L03915,SUBJ131,V0783,Creatinine,0.86,0.6,1.3,2025-04-14
L03916,SUBJ131,V0784,ALT,41.93,7.0,56.0,2025-04-22
L03917,SUBJ131,V0784,AST,32.14,10.0,40.0,2025-04-22
L03918,SUBJ131,V0784,Hemoglobin,13.13,12.0,16.0,2025-04-22
L03919,SUBJ131,V0784,WBC,9.18,4.0,11.0,2025-04-22
L03920,SUBJ131,V0784,Creatinine,1.07,0.6,1.3,2025-04-22
L03921,SUBJ131,V0785,ALT,26.38,7.0,56.0,2025-05-01
L03922,SUBJ131,V0785,AST,19.66,10.0,40.0,2025-05-01
L03923,SUBJ131,V0785,Hemoglobin,14.42,12.0,16.0,2025-05-01
L03924,SUBJ131,V0785,WBC,5.38,4.0,11.0,2025-05-01
L03925,SUBJ131,V0785,Creatinine,0.71,0.6,1.3,2025-05-01
L03926,SUBJ131,V0786,ALT,44.3,7.0,56.0,2025-05-05
L03927,SUBJ131,V0786,AST,32.91,10.0,40.0,2025-05-05
L03928,SUBJ131,V0786,Hemoglobin,14.81,12.0,16.0,2025-05-05
L03929,SUBJ131,V0786,WBC,6.19,4.0,11.0,2025-05-05
L03930,SUBJ131,V0786,Creatinine,4.62,0.6,1.3,2025-05-05
L03931,SUBJ132,V0787,ALT,18.06,7.0,56.0,2025-03-11
L03932,SUBJ132,V0787,AST,,10.0,40.0,2025-03-11
L03933,SUBJ132,V0787,Hemoglobin,15.44,12.0,16.0,2025-03-11
L03934,SUBJ132,V0787,WBC,5.41,4.0,11.0,2025-03-11
L03935,SUBJ132,V0787,Creatinine,0.89,0.6,1.3,2025-03-11
L03936,SUBJ132,V0788,ALT,22.24,7.0,56.0,2025-03-19
L03937,SUBJ132,V0788,AST,39.81,10.0,40.0,2025-03-19
L03938,SUBJ132,V0788,Hemoglobin,13.93,12.0,16.0,2025-03-19
L03939,SUBJ132,V0788,WBC,7.64,4.0,11.0,2025-03-19
L03940,SUBJ132,V0788,Creatinine,0.67,0.6,1.3,2025-03-19
L03941,SUBJ132,V0789,ALT,46.98,7.0,56.0,2025-03-23
L03942,SUBJ132,V0789,AST,19.61,10.0,40.0,2025-03-23
L03943,SUBJ132,V0789,Hemoglobin,14.61,12.0,16.0,2025-03-23
L03944,SUBJ132,V0789,WBC,4.86,4.0,11.0,2025-03-23
L03945,SUBJ132,V0789,Creatinine,1.29,0.6,1.3,2025-03-23
L03946,SUBJ132,V0790,ALT,25.87,7.0,56.0,2025-04-01
L03947,SUBJ132,V0790,AST,38.27,10.0,40.0,2025-04-01
L03948,SUBJ132,V0790,Hemoglobin,15.03,12.0,16.0,2025-04-01
L03949,SUBJ132,V0790,WBC,4.47,4.0,11.0,2025-04-01
L03950,SUBJ132,V0790,Creatinine,0.62,0.6,1.3,2025-04-01
L03951,SUBJ132,V0791,ALT,34.82,7.0,56.0,2025-04-05
L03952,SUBJ132,V0791,AST,13.93,10.0,40.0,2025-04-05
L03953,SUBJ132,V0791,Hemoglobin,15.8,12.0,16.0,2025-04-05
L03954,SUBJ132,V0791,WBC,12.26,4.0,11.0,2025-04-05
L03955,SUBJ132,V0791,Creatinine,1.09,0.6,1.3,2025-04-05
L03956,SUBJ132,V0792,ALT,49.74,7.0,56.0,2025-04-16
L03957,SUBJ132,V0792,AST,12.48,10.0,40.0,2025-04-16
L03958,SUBJ132,V0792,Hemoglobin,12.93,12.0,16.0,2025-04-16
L03959,SUBJ132,V0792,WBC,10.29,4.0,11.0,2025-04-16
L03960,SUBJ132,V0792,Creatinine,0.96,0.6,1.3,2025-04-16
L03961,SUBJ133,V0793,ALT,48.96,7.0,56.0,2025-02-18
L03962,SUBJ133,V0793,AST,27.64,10.0,40.0,2025-02-18
L03963,SUBJ133,V0793,Hemoglobin,13.47,12.0,16.0,2025-02-18
L03964,SUBJ133,V0793,WBC,8.14,4.0,11.0,2025-02-18
L03965,SUBJ133,V0793,Creatinine,0.74,0.6,1.3,2025-02-18
L03966,SUBJ133,V0794,ALT,63.95,7.0,56.0,2025-02-27
L03967,SUBJ133,V0794,AST,46.16,10.0,40.0,2025-02-27
L03968,SUBJ133,V0794,Hemoglobin,15.18,12.0,16.0,2025-02-27
L03969,SUBJ133,V0794,WBC,7.88,4.0,11.0,2025-02-27
L03970,SUBJ133,V0794,Creatinine,0.73,0.6,1.3,2025-02-27
L03971,SUBJ133,V0795,ALT,26.57,7.0,56.0,2025-03-05
L03972,SUBJ133,V0795,AST,39.49,10.0,40.0,2025-03-05
L03973,SUBJ133,V0795,Hemoglobin,12.34,12.0,16.0,2025-03-05
L03974,SUBJ133,V0795,WBC,6.28,4.0,11.0,2025-03-05
L03975,SUBJ133,V0795,Creatinine,0.94,0.6,1.3,2025-03-05
L03976,SUBJ133,V0796,ALT,18.39,7.0,56.0,2025-03-10
L03977,SUBJ133,V0796,AST,20.96,10.0,40.0,2025-03-10
L03978,SUBJ133,V0796,Hemoglobin,14.19,12.0,16.0,2025-03-10
L03979,SUBJ133,V0796,WBC,7.01,4.0,11.0,2025-03-10
L03980,SUBJ133,V0796,Creatinine,0.76,0.6,1.3,2025-03-10
L03981,SUBJ133,V0797,ALT,4.96,7.0,56.0,2025-03-20
L03982,SUBJ133,V0797,AST,8.88,10.0,40.0,2025-03-20
L03983,SUBJ133,V0797,Hemoglobin,14.47,12.0,16.0,2025-03-20
L03984,SUBJ133,V0797,WBC,8.99,4.0,11.0,2025-03-20
L03985,SUBJ133,V0797,Creatinine,0.88,0.6,1.3,2025-03-20
L03986,SUBJ133,V0798,ALT,37.46,7.0,56.0,2025-03-24
L03987,SUBJ133,V0798,AST,34.38,10.0,40.0,2025-03-24
L03988,SUBJ133,V0798,Hemoglobin,14.56,12.0,16.0,2025-03-24
L03989,SUBJ133,V0798,WBC,6.82,4.0,11.0,2025-03-24
L03990,SUBJ133,V0798,Creatinine,1.06,0.6,1.3,2025-03-24
L03991,SUBJ134,V0799,ALT,13.43,7.0,56.0,2025-03-23
L03992,SUBJ134,V0799,AST,25.52,10.0,40.0,2025-03-23
L03993,SUBJ134,V0799,Hemoglobin,13.39,12.0,16.0,2025-03-23
L03994,SUBJ134,V0799,WBC,4.22,4.0,11.0,2025-03-23
L03995,SUBJ134,V0799,Creatinine,0.65,0.6,1.3,2025-03-23
L03996,SUBJ134,V0800,ALT,46.54,7.0,56.0,2025-03-29
L03997,SUBJ134,V0800,AST,17.94,10.0,40.0,2025-03-29
L03998,SUBJ134,V0800,Hemoglobin,13.42,12.0,16.0,2025-03-29
L03999,SUBJ134,V0800,WBC,8.27,4.0,11.0,2025-03-29
L04000,SUBJ134,V0800,Creatinine,1.3,0.6,1.3,2025-03-29
L04001,SUBJ134,V0801,ALT,32.3,7.0,56.0,2025-04-02
L04002,SUBJ134,V0801,AST,30.18,10.0,40.0,2025-04-02
L04003,SUBJ134,V0801,Hemoglobin,14.3,12.0,16.0,2025-04-02
L04004,SUBJ134,V0801,WBC,9.03,4.0,11.0,2025-04-02
L04005,SUBJ134,V0801,Creatinine,1.04,0.6,1.3,2025-04-02
L04006,SUBJ134,V0802,ALT,37.62,7.0,56.0,2025-04-10
L04007,SUBJ134,V0802,AST,35.11,10.0,40.0,2025-04-10
L04008,SUBJ134,V0802,Hemoglobin,13.98,12.0,16.0,2025-04-10
L04009,SUBJ134,V0802,WBC,6.64,4.0,11.0,2025-04-10
L04010,SUBJ134,V0802,Creatinine,0.81,0.6,1.3,2025-04-10
L04011,SUBJ134,V0803,ALT,45.1,7.0,56.0,2025-04-17
L04012,SUBJ134,V0803,AST,22.33,10.0,40.0,2025-04-17
L04013,SUBJ134,V0803,Hemoglobin,15.71,12.0,16.0,2025-04-17
L04014,SUBJ134,V0803,WBC,9.91,4.0,11.0,2025-04-17
L04015,SUBJ134,V0803,Creatinine,0.69,0.6,1.3,2025-04-17
L04016,SUBJ134,V0804,ALT,23.92,7.0,56.0,2025-04-25
L04017,SUBJ134,V0804,AST,46.59,10.0,40.0,2025-04-25
L04018,SUBJ134,V0804,Hemoglobin,13.07,12.0,16.0,2025-04-25
L04019,SUBJ134,V0804,WBC,6.61,4.0,11.0,2025-04-25
L04020,SUBJ134,V0804,Creatinine,0.68,0.6,1.3,2025-04-25
L04021,SUBJ135,V0805,ALT,,7.0,56.0,2025-02-16
L04022,SUBJ135,V0805,AST,38.7,10.0,40.0,2025-02-16
L04023,SUBJ135,V0805,Hemoglobin,14.69,12.0,16.0,2025-02-16
L04024,SUBJ135,V0805,WBC,9.62,4.0,11.0,2025-02-16
L04025,SUBJ135,V0805,Creatinine,0.99,0.6,1.3,2025-02-16
L04026,SUBJ135,V0806,ALT,59.01,7.0,56.0,2025-02-20
L04027,SUBJ135,V0806,AST,31.93,10.0,40.0,2025-02-20
L04028,SUBJ135,V0806,Hemoglobin,15.93,12.0,16.0,2025-02-20
L04029,SUBJ135,V0806,WBC,5.6,4.0,11.0,2025-02-20
L04030,SUBJ135,V0806,Creatinine,1.18,0.6,1.3,2025-02-20
L04031,SUBJ135,V0807,ALT,28.38,7.0,56.0,2025-02-27
L04032,SUBJ135,V0807,AST,25.82,10.0,40.0,2025-02-27
L04033,SUBJ135,V0807,Hemoglobin,13.5,12.0,16.0,2025-02-27
L04034,SUBJ135,V0807,WBC,9.54,4.0,11.0,2025-02-27
L04035,SUBJ135,V0807,Creatinine,0.71,0.6,1.3,2025-02-27
L04036,SUBJ135,V0808,ALT,8.59,7.0,56.0,2025-03-10
L04037,SUBJ135,V0808,AST,36.85,10.0,40.0,2025-03-10
L04038,SUBJ135,V0808,Hemoglobin,12.0,12.0,16.0,2025-03-10
L04039,SUBJ135,V0808,WBC,4.21,4.0,11.0,2025-03-10
L04040,SUBJ135,V0808,Creatinine,,0.6,1.3,2025-03-10
L04041,SUBJ135,V0809,ALT,,7.0,56.0,2025-03-15
L04042,SUBJ135,V0809,AST,37.82,10.0,40.0,2025-03-15
L04043,SUBJ135,V0809,Hemoglobin,12.21,12.0,16.0,2025-03-15
L04044,SUBJ135,V0809,WBC,10.68,4.0,11.0,2025-03-15
L04045,SUBJ135,V0809,Creatinine,1.13,0.6,1.3,2025-03-15
L04046,SUBJ135,V0810,ALT,11.78,7.0,56.0,2025-03-22
L04047,SUBJ135,V0810,AST,,10.0,40.0,2025-03-22
L04048,SUBJ135,V0810,Hemoglobin,13.54,12.0,16.0,2025-03-22
L04049,SUBJ135,V0810,WBC,,4.0,11.0,2025-03-22
L04050,SUBJ135,V0810,Creatinine,1.3,0.6,1.3,2025-03-22
L04051,SUBJ136,V0811,ALT,18.04,7.0,56.0,2025-01-19
L04052,SUBJ136,V0811,AST,17.02,10.0,40.0,2025-01-19
L04053,SUBJ136,V0811,Hemoglobin,15.79,12.0,16.0,2025-01-19
L04054,SUBJ136,V0811,WBC,9.21,4.0,11.0,2025-01-19
L04055,SUBJ136,V0811,Creatinine,-0.73,0.6,1.3,2025-01-19
L04056,SUBJ136,V0812,ALT,50.95,7.0,56.0,2025-01-28
L04057,SUBJ136,V0812,AST,35.67,10.0,40.0,2025-01-28
L04058,SUBJ136,V0812,Hemoglobin,,12.0,16.0,2025-01-28
L04059,SUBJ136,V0812,WBC,4.6,4.0,11.0,2025-01-28
L04060,SUBJ136,V0812,Creatinine,,0.6,1.3,2025-01-28
L04061,SUBJ136,V0813,ALT,32.05,7.0,56.0,2025-02-02
L04062,SUBJ136,V0813,AST,35.57,10.0,40.0,2025-02-02
L04063,SUBJ136,V0813,Hemoglobin,17.28,12.0,16.0,2025-02-02
L04064,SUBJ136,V0813,WBC,6.81,4.0,11.0,2025-02-02
L04065,SUBJ136,V0813,Creatinine,1.09,0.6,1.3,2025-02-02
L04066,SUBJ136,V0814,ALT,19.51,7.0,56.0,2025-02-10
L04067,SUBJ136,V0814,AST,16.77,10.0,40.0,2025-02-10
L04068,SUBJ136,V0814,Hemoglobin,12.55,12.0,16.0,2025-02-10
L04069,SUBJ136,V0814,WBC,6.87,4.0,11.0,2025-02-10
L04070,SUBJ136,V0814,Creatinine,1.2,0.6,1.3,2025-02-10
L04071,SUBJ136,V0815,ALT,32.82,7.0,56.0,2025-02-17
L04072,SUBJ136,V0815,AST,29.48,10.0,40.0,2025-02-17
L04073,SUBJ136,V0815,Hemoglobin,12.07,12.0,16.0,2025-02-17
L04074,SUBJ136,V0815,WBC,9.52,4.0,11.0,2025-02-17
L04075,SUBJ136,V0815,Creatinine,0.75,0.6,1.3,2025-02-17
L04076,SUBJ136,V0816,ALT,7.2,7.0,56.0,2025-02-25
L04077,SUBJ136,V0816,AST,33.11,10.0,40.0,2025-02-25
L04078,SUBJ136,V0816,Hemoglobin,15.66,12.0,16.0,2025-02-25
L04079,SUBJ136,V0816,WBC,17.22,4.0,11.0,2025-02-25
L04080,SUBJ136,V0816,Creatinine,,0.6,1.3,2025-02-25
L04081,SUBJ137,V0817,ALT,46.31,7.0,56.0,2025-01-12
L04082,SUBJ137,V0817,AST,30.05,10.0,40.0,2025-01-12
L04083,SUBJ137,V0817,Hemoglobin,15.63,12.0,16.0,2025-01-12
L04084,SUBJ137,V0817,WBC,9.42,4.0,11.0,2025-01-12
L04085,SUBJ137,V0817,Creatinine,0.9,0.6,1.3,2025-01-12
L04086,SUBJ137,V0818,ALT,15.57,7.0,56.0,2025-01-21
L04087,SUBJ137,V0818,AST,17.94,10.0,40.0,2025-01-21
L04088,SUBJ137,V0818,Hemoglobin,12.49,12.0,16.0,2025-01-21
L04089,SUBJ137,V0818,WBC,4.47,4.0,11.0,2025-01-21
L04090,SUBJ137,V0818,Creatinine,3.59,0.6,1.3,2025-01-21
L04091,SUBJ137,V0819,ALT,34.17,7.0,56.0,2025-01-29
L04092,SUBJ137,V0819,AST,33.69,10.0,40.0,2025-01-29
L04093,SUBJ137,V0819,Hemoglobin,15.99,12.0,16.0,2025-01-29
L04094,SUBJ137,V0819,WBC,6.55,4.0,11.0,2025-01-29
L04095,SUBJ137,V0819,Creatinine,1.06,0.6,1.3,2025-01-29
L04096,SUBJ137,V0820,ALT,8.32,7.0,56.0,2025-02-04
L04097,SUBJ137,V0820,AST,31.57,10.0,40.0,2025-02-04
L04098,SUBJ137,V0820,Hemoglobin,15.7,12.0,16.0,2025-02-04
L04099,SUBJ137,V0820,WBC,5.61,4.0,11.0,2025-02-04
L04100,SUBJ137,V0820,Creatinine,0.95,0.6,1.3,2025-02-04
L04101,SUBJ137,V0821,ALT,15.57,7.0,56.0,2025-02-10
L04102,SUBJ137,V0821,AST,7.51,10.0,40.0,2025-02-10
L04103,SUBJ137,V0821,Hemoglobin,15.25,12.0,16.0,2025-02-10
L04104,SUBJ137,V0821,WBC,16.92,4.0,11.0,2025-02-10
L04105,SUBJ137,V0821,Creatinine,1.22,0.6,1.3,2025-02-10
L04106,SUBJ137,V0822,ALT,23.23,7.0,56.0,2025-02-16
L04107,SUBJ137,V0822,AST,33.18,10.0,40.0,2025-02-16
L04108,SUBJ137,V0822,Hemoglobin,13.15,12.0,16.0,2025-02-16
L04109,SUBJ137,V0822,WBC,,4.0,11.0,2025-02-16
L04110,SUBJ137,V0822,Creatinine,1.29,0.6,1.3,2025-02-16
L04111,SUBJ138,V0823,ALT,32.84,7.0,56.0,2025-03-02
L04112,SUBJ138,V0823,AST,25.07,10.0,40.0,2025-03-02
L04113,SUBJ138,V0823,Hemoglobin,15.6,12.0,16.0,2025-03-02
L04114,SUBJ138,V0823,WBC,17.8,4.0,11.0,2025-03-02
L04115,SUBJ138,V0823,Creatinine,-0.76,0.6,1.3,2025-03-02
L04116,SUBJ138,V0824,ALT,32.54,7.0,56.0,2025-03-08
L04117,SUBJ138,V0824,AST,19.78,10.0,40.0,2025-03-08
L04118,SUBJ138,V0824,Hemoglobin,12.25,12.0,16.0,2025-03-08
L04119,SUBJ138,V0824,WBC,7.65,4.0,11.0,2025-03-08
L04120,SUBJ138,V0824,Creatinine,1.0,0.6,1.3,2025-03-08
L04121,SUBJ138,V0825,ALT,35.26,7.0,56.0,2025-03-15
L04122,SUBJ138,V0825,AST,15.76,10.0,40.0,2025-03-15
L04123,SUBJ138,V0825,Hemoglobin,15.54,12.0,16.0,2025-03-15
L04124,SUBJ138,V0825,WBC,8.89,4.0,11.0,2025-03-15
L04125,SUBJ138,V0825,Creatinine,0.81,0.6,1.3,2025-03-15
L04126,SUBJ138,V0826,ALT,49.09,7.0,56.0,2025-03-21
L04127,SUBJ138,V0826,AST,28.08,10.0,40.0,2025-03-21
L04128,SUBJ138,V0826,Hemoglobin,14.42,12.0,16.0,2025-03-21
L04129,SUBJ138,V0826,WBC,9.13,4.0,11.0,2025-03-21
L04130,SUBJ138,V0826,Creatinine,0.97,0.6,1.3,2025-03-21
L04131,SUBJ138,V0827,ALT,5.89,7.0,56.0,2025-03-28
L04132,SUBJ138,V0827,AST,33.15,10.0,40.0,2025-03-28
L04133,SUBJ138,V0827,Hemoglobin,10.62,12.0,16.0,2025-03-28
L04134,SUBJ138,V0827,WBC,7.67,4.0,11.0,2025-03-28
L04135,SUBJ138,V0827,Creatinine,1.14,0.6,1.3,2025-03-28
L04136,SUBJ138,V0828,ALT,8.71,7.0,56.0,2025-04-04
L04137,SUBJ138,V0828,AST,38.35,10.0,40.0,2025-04-04
L04138,SUBJ138,V0828,Hemoglobin,14.71,12.0,16.0,2025-04-04
L04139,SUBJ138,V0828,WBC,8.62,4.0,11.0,2025-04-04
L04140,SUBJ138,V0828,Creatinine,3.04,0.6,1.3,2025-04-04
L04141,SUBJ139,V0829,ALT,17.61,7.0,56.0,2025-01-11
L04142,SUBJ139,V0829,AST,34.03,10.0,40.0,2025-01-11
L04143,SUBJ139,V0829,Hemoglobin,18.04,12.0,16.0,2025-01-11
L04144,SUBJ139,V0829,WBC,8.74,4.0,11.0,2025-01-11
L04145,SUBJ139,V0829,Creatinine,1.12,0.6,1.3,2025-01-11
L04146,SUBJ139,V0830,ALT,14.02,7.0,56.0,2025-01-20
L04147,SUBJ139,V0830,AST,30.67,10.0,40.0,2025-01-20
L04148,SUBJ139,V0830,Hemoglobin,,12.0,16.0,2025-01-20
L04149,SUBJ139,V0830,WBC,15.05,4.0,11.0,2025-01-20
L04150,SUBJ139,V0830,Creatinine,0.81,0.6,1.3,2025-01-20
L04151,SUBJ139,V0831,ALT,,7.0,56.0,2025-01-28
L04152,SUBJ139,V0831,AST,38.63,10.0,40.0,2025-01-28
L04153,SUBJ139,V0831,Hemoglobin,15.09,12.0,16.0,2025-01-28
L04154,SUBJ139,V0831,WBC,10.44,4.0,11.0,2025-01-28
L04155,SUBJ139,V0831,Creatinine,1.17,0.6,1.3,2025-01-28
L04156,SUBJ139,V0832,ALT,50.45,7.0,56.0,2025-01-31
L04157,SUBJ139,V0832,AST,26.97,10.0,40.0,2025-01-31
L04158,SUBJ139,V0832,Hemoglobin,14.39,12.0,16.0,2025-01-31
L04159,SUBJ139,V0832,WBC,10.97,4.0,11.0,2025-01-31
L04160,SUBJ139,V0832,Creatinine,0.97,0.6,1.3,2025-01-31
L04161,SUBJ139,V0833,ALT,41.76,7.0,56.0,2025-02-08
L04162,SUBJ139,V0833,AST,10.07,10.0,40.0,2025-02-08
L04163,SUBJ139,V0833,Hemoglobin,12.93,12.0,16.0,2025-02-08
L04164,SUBJ139,V0833,WBC,14.38,4.0,11.0,2025-02-08
L04165,SUBJ139,V0833,Creatinine,1.26,0.6,1.3,2025-02-08
L04166,SUBJ139,V0834,ALT,55.55,7.0,56.0,2025-02-14
L04167,SUBJ139,V0834,AST,24.25,10.0,40.0,2025-02-14
L04168,SUBJ139,V0834,Hemoglobin,10.34,12.0,16.0,2025-02-14
L04169,SUBJ139,V0834,WBC,,4.0,11.0,2025-02-14
L04170,SUBJ139,V0834,Creatinine,1.23,0.6,1.3,2025-02-14
L04171,SUBJ140,V0835,ALT,10.67,7.0,56.0,2025-02-11
L04172,SUBJ140,V0835,AST,22.44,10.0,40.0,2025-02-11
L04173,SUBJ140,V0835,Hemoglobin,15.55,12.0,16.0,2025-02-11
L04174,SUBJ140,V0835,WBC,5.93,4.0,11.0,2025-02-11
L04175,SUBJ140,V0835,Creatinine,0.65,0.6,1.3,2025-02-11
L04176,SUBJ140,V0836,ALT,21.05,7.0,56.0,2025-02-17
L04177,SUBJ140,V0836,AST,15.84,10.0,40.0,2025-02-17
L04178,SUBJ140,V0836,Hemoglobin,13.99,12.0,16.0,2025-02-17
L04179,SUBJ140,V0836,WBC,6.95,4.0,11.0,2025-02-17
L04180,SUBJ140,V0836,Creatinine,0.8,0.6,1.3,2025-02-17
L04181,SUBJ140,V0837,ALT,38.69,7.0,56.0,2025-02-22
L04182,SUBJ140,V0837,AST,22.42,10.0,40.0,2025-02-22
L04183,SUBJ140,V0837,Hemoglobin,9.1,12.0,16.0,2025-02-22
L04184,SUBJ140,V0837,WBC,5.74,4.0,11.0,2025-02-22
L04185,SUBJ140,V0837,Creatinine,5.42,0.6,1.3,2025-02-22
L04186,SUBJ140,V0838,ALT,18.27,7.0,56.0,2025-03-02
L04187,SUBJ140,V0838,AST,39.45,10.0,40.0,2025-03-02
L04188,SUBJ140,V0838,Hemoglobin,25.8,12.0,16.0,2025-03-02
L04189,SUBJ140,V0838,WBC,,4.0,11.0,2025-03-02
L04190,SUBJ140,V0838,Creatinine,0.78,0.6,1.3,2025-03-02
L04191,SUBJ140,V0839,ALT,9.26,7.0,56.0,2025-03-11
L04192,SUBJ140,V0839,AST,19.35,10.0,40.0,2025-03-11
L04193,SUBJ140,V0839,Hemoglobin,14.35,12.0,16.0,2025-03-11
L04194,SUBJ140,V0839,WBC,4.75,4.0,11.0,2025-03-11
L04195,SUBJ140,V0839,Creatinine,0.97,0.6,1.3,2025-03-11
L04196,SUBJ140,V0840,ALT,31.43,7.0,56.0,2025-03-17
L04197,SUBJ140,V0840,AST,27.27,10.0,40.0,2025-03-17
L04198,SUBJ140,V0840,Hemoglobin,13.35,12.0,16.0,2025-03-17
L04199,SUBJ140,V0840,WBC,10.0,4.0,11.0,2025-03-17
L04200,SUBJ140,V0840,Creatinine,0.77,0.6,1.3,2025-03-17
L04201,SUBJ141,V0841,ALT,10.96,7.0,56.0,2025-03-25
L04202,SUBJ141,V0841,AST,38.82,10.0,40.0,2025-03-25
L04203,SUBJ141,V0841,Hemoglobin,24.7,12.0,16.0,2025-03-25
L04204,SUBJ141,V0841,WBC,4.87,4.0,11.0,2025-03-25
L04205,SUBJ141,V0841,Creatinine,1.26,0.6,1.3,2025-03-25
L04206,SUBJ141,V0842,ALT,18.21,7.0,56.0,2025-03-31
L04207,SUBJ141,V0842,AST,15.72,10.0,40.0,2025-03-31
L04208,SUBJ141,V0842,Hemoglobin,13.26,12.0,16.0,2025-03-31
L04209,SUBJ141,V0842,WBC,8.6,4.0,11.0,2025-03-31
L04210,SUBJ141,V0842,Creatinine,1.07,0.6,1.3,2025-03-31
L04211,SUBJ141,V0843,ALT,65.81,7.0,56.0,2025-04-09
L04212,SUBJ141,V0843,AST,25.05,10.0,40.0,2025-04-09
L04213,SUBJ141,V0843,Hemoglobin,14.02,12.0,16.0,2025-04-09
L04214,SUBJ141,V0843,WBC,5.06,4.0,11.0,2025-04-09
L04215,SUBJ141,V0843,Creatinine,0.7,0.6,1.3,2025-04-09
L04216,SUBJ141,V0844,ALT,23.64,7.0,56.0,2025-04-15
L04217,SUBJ141,V0844,AST,38.23,10.0,40.0,2025-04-15
L04218,SUBJ141,V0844,Hemoglobin,15.36,12.0,16.0,2025-04-15
L04219,SUBJ141,V0844,WBC,1.02,4.0,11.0,2025-04-15
L04220,SUBJ141,V0844,Creatinine,0.77,0.6,1.3,2025-04-15
L04221,SUBJ141,V0845,ALT,39.59,7.0,56.0,2025-04-25
L04222,SUBJ141,V0845,AST,32.11,10.0,40.0,2025-04-25
L04223,SUBJ141,V0845,Hemoglobin,14.94,12.0,16.0,2025-04-25
L04224,SUBJ141,V0845,WBC,9.16,4.0,11.0,2025-04-25
L04225,SUBJ141,V0845,Creatinine,0.67,0.6,1.3,2025-04-25
L04226,SUBJ141,V0846,ALT,13.26,7.0,56.0,2025-05-01
L04227,SUBJ141,V0846,AST,8.99,10.0,40.0,2025-05-01
L04228,SUBJ141,V0846,Hemoglobin,14.17,12.0,16.0,2025-05-01
L04229,SUBJ141,V0846,WBC,8.95,4.0,11.0,2025-05-01
L04230,SUBJ141,V0846,Creatinine,0.84,0.6,1.3,2025-05-01
L04231,SUBJ142,V0847,ALT,24.57,7.0,56.0,2025-01-10
L04232,SUBJ142,V0847,AST,18.01,10.0,40.0,2025-01-10
L04233,SUBJ142,V0847,Hemoglobin,14.2,12.0,16.0,2025-01-10
L04234,SUBJ142,V0847,WBC,6.87,4.0,11.0,2025-01-10
L04235,SUBJ142,V0847,Creatinine,0.9,0.6,1.3,2025-01-10
L04236,SUBJ142,V0848,ALT,51.03,7.0,56.0,2025-01-21
L04237,SUBJ142,V0848,AST,18.25,10.0,40.0,2025-01-21
L04238,SUBJ142,V0848,Hemoglobin,,12.0,16.0,2025-01-21
L04239,SUBJ142,V0848,WBC,9.02,4.0,11.0,2025-01-21
L04240,SUBJ142,V0848,Creatinine,9.74,0.6,1.3,2025-01-21
L04241,SUBJ142,V0849,ALT,44.82,7.0,56.0,2025-01-24
L04242,SUBJ142,V0849,AST,46.35,10.0,40.0,2025-01-24
L04243,SUBJ142,V0849,Hemoglobin,12.59,12.0,16.0,2025-01-24
L04244,SUBJ142,V0849,WBC,10.03,4.0,11.0,2025-01-24
L04245,SUBJ142,V0849,Creatinine,0.83,0.6,1.3,2025-01-24
L04246,SUBJ142,V0850,ALT,,7.0,56.0,2025-02-03
L04247,SUBJ142,V0850,AST,16.15,10.0,40.0,2025-02-03
L04248,SUBJ142,V0850,Hemoglobin,12.23,12.0,16.0,2025-02-03
L04249,SUBJ142,V0850,WBC,7.63,4.0,11.0,2025-02-03
L04250,SUBJ142,V0850,Creatinine,0.86,0.6,1.3,2025-02-03
L04251,SUBJ142,V0851,ALT,20.74,7.0,56.0,2025-02-07
L04252,SUBJ142,V0851,AST,8.29,10.0,40.0,2025-02-07
L04253,SUBJ142,V0851,Hemoglobin,15.11,12.0,16.0,2025-02-07
L04254,SUBJ142,V0851,WBC,1.62,4.0,11.0,2025-02-07
L04255,SUBJ142,V0851,Creatinine,1.25,0.6,1.3,2025-02-07
L04256,SUBJ142,V0852,ALT,34.04,7.0,56.0,2025-02-18
L04257,SUBJ142,V0852,AST,16.89,10.0,40.0,2025-02-18
L04258,SUBJ142,V0852,Hemoglobin,12.49,12.0,16.0,2025-02-18
L04259,SUBJ142,V0852,WBC,7.26,4.0,11.0,2025-02-18
L04260,SUBJ142,V0852,Creatinine,0.86,0.6,1.3,2025-02-18
L04261,SUBJ143,V0853,ALT,46.02,7.0,56.0,2025-02-16
L04262,SUBJ143,V0853,AST,18.53,10.0,40.0,2025-02-16
L04263,SUBJ143,V0853,Hemoglobin,15.68,12.0,16.0,2025-02-16
L04264,SUBJ143,V0853,WBC,9.88,4.0,11.0,2025-02-16
L04265,SUBJ143,V0853,Creatinine,,0.6,1.3,2025-02-16
L04266,SUBJ143,V0854,ALT,13.3,7.0,56.0,2025-02-22
L04267,SUBJ143,V0854,AST,14.91,10.0,40.0,2025-02-22
L04268,SUBJ143,V0854,Hemoglobin,13.84,12.0,16.0,2025-02-22
L04269,SUBJ143,V0854,WBC,6.3,4.0,11.0,2025-02-22
L04270,SUBJ143,V0854,Creatinine,1.07,0.6,1.3,2025-02-22
L04271,SUBJ143,V0855,ALT,11.17,7.0,56.0,2025-03-02
L04272,SUBJ143,V0855,AST,29.37,10.0,40.0,2025-03-02
L04273,SUBJ143,V0855,Hemoglobin,12.56,12.0,16.0,2025-03-02
L04274,SUBJ143,V0855,WBC,5.93,4.0,11.0,2025-03-02
L04275,SUBJ143,V0855,Creatinine,1.16,0.6,1.3,2025-03-02
L04276,SUBJ143,V0856,ALT,12.44,7.0,56.0,2025-03-08
L04277,SUBJ143,V0856,AST,16.79,10.0,40.0,2025-03-08
L04278,SUBJ143,V0856,Hemoglobin,12.43,12.0,16.0,2025-03-08
L04279,SUBJ143,V0856,WBC,9.83,4.0,11.0,2025-03-08
L04280,SUBJ143,V0856,Creatinine,0.66,0.6,1.3,2025-03-08
L04281,SUBJ143,V0857,ALT,27.81,7.0,56.0,2025-03-16
L04282,SUBJ143,V0857,AST,13.6,10.0,40.0,2025-03-16
L04283,SUBJ143,V0857,Hemoglobin,12.66,12.0,16.0,2025-03-16
L04284,SUBJ143,V0857,WBC,,4.0,11.0,2025-03-16
L04285,SUBJ143,V0857,Creatinine,1.19,0.6,1.3,2025-03-16
L04286,SUBJ143,V0858,ALT,32.26,7.0,56.0,2025-03-25
L04287,SUBJ143,V0858,AST,32.05,10.0,40.0,2025-03-25
L04288,SUBJ143,V0858,Hemoglobin,14.36,12.0,16.0,2025-03-25
L04289,SUBJ143,V0858,WBC,7.5,4.0,11.0,2025-03-25
L04290,SUBJ143,V0858,Creatinine,0.72,0.6,1.3,2025-03-25
L04291,SUBJ144,V0859,ALT,14.25,7.0,56.0,2025-02-28
L04292,SUBJ144,V0859,AST,31.7,10.0,40.0,2025-02-28
L04293,SUBJ144,V0859,Hemoglobin,15.19,12.0,16.0,2025-02-28
L04294,SUBJ144,V0859,WBC,9.13,4.0,11.0,2025-02-28
L04295,SUBJ144,V0859,Creatinine,0.66,0.6,1.3,2025-02-28
L04296,SUBJ144,V0860,ALT,5.57,7.0,56.0,2025-03-08
L04297,SUBJ144,V0860,AST,28.44,10.0,40.0,2025-03-08
L04298,SUBJ144,V0860,Hemoglobin,15.51,12.0,16.0,2025-03-08
L04299,SUBJ144,V0860,WBC,4.93,4.0,11.0,2025-03-08
L04300,SUBJ144,V0860,Creatinine,,0.6,1.3,2025-03-08
L04301,SUBJ144,V0861,ALT,46.52,7.0,56.0,2025-03-14
L04302,SUBJ144,V0861,AST,24.96,10.0,40.0,2025-03-14
L04303,SUBJ144,V0861,Hemoglobin,12.07,12.0,16.0,2025-03-14
L04304,SUBJ144,V0861,WBC,9.17,4.0,11.0,2025-03-14
L04305,SUBJ144,V0861,Creatinine,1.0,0.6,1.3,2025-03-14
L04306,SUBJ144,V0862,ALT,4.55,7.0,56.0,2025-03-22
L04307,SUBJ144,V0862,AST,29.67,10.0,40.0,2025-03-22
L04308,SUBJ144,V0862,Hemoglobin,19.1,12.0,16.0,2025-03-22
L04309,SUBJ144,V0862,WBC,6.46,4.0,11.0,2025-03-22
L04310,SUBJ144,V0862,Creatinine,1.09,0.6,1.3,2025-03-22
L04311,SUBJ144,V0863,ALT,14.63,7.0,56.0,2025-03-29
L04312,SUBJ144,V0863,AST,16.26,10.0,40.0,2025-03-29
L04313,SUBJ144,V0863,Hemoglobin,15.19,12.0,16.0,2025-03-29
L04314,SUBJ144,V0863,WBC,18.37,4.0,11.0,2025-03-29
L04315,SUBJ144,V0863,Creatinine,0.97,0.6,1.3,2025-03-29
L04316,SUBJ144,V0864,ALT,20.39,7.0,56.0,2025-04-05
L04317,SUBJ144,V0864,AST,25.76,10.0,40.0,2025-04-05
L04318,SUBJ144,V0864,Hemoglobin,15.41,12.0,16.0,2025-04-05
L04319,SUBJ144,V0864,WBC,8.22,4.0,11.0,2025-04-05
L04320,SUBJ144,V0864,Creatinine,0.7,0.6,1.3,2025-04-05
L04321,SUBJ145,V0865,ALT,,7.0,56.0,2025-02-04
L04322,SUBJ145,V0865,AST,16.07,10.0,40.0,2025-02-04
L04323,SUBJ145,V0865,Hemoglobin,10.95,12.0,16.0,2025-02-04
L04324,SUBJ145,V0865,WBC,9.02,4.0,11.0,2025-02-04
L04325,SUBJ145,V0865,Creatinine,0.63,0.6,1.3,2025-02-04
L04326,SUBJ145,V0866,ALT,49.51,7.0,56.0,2025-02-13
L04327,SUBJ145,V0866,AST,18.69,10.0,40.0,2025-02-13
L04328,SUBJ145,V0866,Hemoglobin,14.26,12.0,16.0,2025-02-13
L04329,SUBJ145,V0866,WBC,4.77,4.0,11.0,2025-02-13
L04330,SUBJ145,V0866,Creatinine,0.98,0.6,1.3,2025-02-13
L04331,SUBJ145,V0867,ALT,7.63,7.0,56.0,2025-02-21
L04332,SUBJ145,V0867,AST,20.4,10.0,40.0,2025-02-21
L04333,SUBJ145,V0867,Hemoglobin,13.08,12.0,16.0,2025-02-21
L04334,SUBJ145,V0867,WBC,1.83,4.0,11.0,2025-02-21
L04335,SUBJ145,V0867,Creatinine,,0.6,1.3,2025-02-21
L04336,SUBJ145,V0868,ALT,52.2,7.0,56.0,2025-02-25
L04337,SUBJ145,V0868,AST,39.8,10.0,40.0,2025-02-25
L04338,SUBJ145,V0868,Hemoglobin,15.44,12.0,16.0,2025-02-25
L04339,SUBJ145,V0868,WBC,7.89,4.0,11.0,2025-02-25
L04340,SUBJ145,V0868,Creatinine,0.61,0.6,1.3,2025-02-25
L04341,SUBJ145,V0869,ALT,47.99,7.0,56.0,2025-03-06
L04342,SUBJ145,V0869,AST,17.24,10.0,40.0,2025-03-06
L04343,SUBJ145,V0869,Hemoglobin,19.21,12.0,16.0,2025-03-06
L04344,SUBJ145,V0869,WBC,9.33,4.0,11.0,2025-03-06
L04345,SUBJ145,V0869,Creatinine,1.11,0.6,1.3,2025-03-06
L04346,SUBJ145,V0870,ALT,24.09,7.0,56.0,2025-03-10
L04347,SUBJ145,V0870,AST,29.42,10.0,40.0,2025-03-10
L04348,SUBJ145,V0870,Hemoglobin,13.73,12.0,16.0,2025-03-10
L04349,SUBJ145,V0870,WBC,6.34,4.0,11.0,2025-03-10
L04350,SUBJ145,V0870,Creatinine,0.84,0.6,1.3,2025-03-10
L04351,SUBJ146,V0871,ALT,5.27,7.0,56.0,2025-03-24
L04352,SUBJ146,V0871,AST,16.24,10.0,40.0,2025-03-24
L04353,SUBJ146,V0871,Hemoglobin,,12.0,16.0,2025-03-24
L04354,SUBJ146,V0871,WBC,6.98,4.0,11.0,2025-03-24
L04355,SUBJ146,V0871,Creatinine,0.88,0.6,1.3,2025-03-24
L04356,SUBJ146,V0872,ALT,9.93,7.0,56.0,2025-04-03
L04357,SUBJ146,V0872,AST,33.5,10.0,40.0,2025-04-03
L04358,SUBJ146,V0872,Hemoglobin,13.92,12.0,16.0,2025-04-03
L04359,SUBJ146,V0872,WBC,5.9,4.0,11.0,2025-04-03
L04360,SUBJ146,V0872,Creatinine,0.78,0.6,1.3,2025-04-03
L04361,SUBJ146,V0873,ALT,9.91,7.0,56.0,2025-04-11
L04362,SUBJ146,V0873,AST,11.9,10.0,40.0,2025-04-11
L04363,SUBJ146,V0873,Hemoglobin,12.76,12.0,16.0,2025-04-11
L04364,SUBJ146,V0873,WBC,6.01,4.0,11.0,2025-04-11
L04365,SUBJ146,V0873,Creatinine,1.2,0.6,1.3,2025-04-11
L04366,SUBJ146,V0874,ALT,52.38,7.0,56.0,2025-04-16
L04367,SUBJ146,V0874,AST,14.03,10.0,40.0,2025-04-16
L04368,SUBJ146,V0874,Hemoglobin,14.15,12.0,16.0,2025-04-16
L04369,SUBJ146,V0874,WBC,10.97,4.0,11.0,2025-04-16
L04370,SUBJ146,V0874,Creatinine,0.81,0.6,1.3,2025-04-16
L04371,SUBJ146,V0875,ALT,21.87,7.0,56.0,2025-04-21
L04372,SUBJ146,V0875,AST,10.49,10.0,40.0,2025-04-21
L04373,SUBJ146,V0875,Hemoglobin,13.45,12.0,16.0,2025-04-21
L04374,SUBJ146,V0875,WBC,5.36,4.0,11.0,2025-04-21
L04375,SUBJ146,V0875,Creatinine,0.68,0.6,1.3,2025-04-21
L04376,SUBJ146,V0876,ALT,10.76,7.0,56.0,2025-04-29
L04377,SUBJ146,V0876,AST,28.38,10.0,40.0,2025-04-29
L04378,SUBJ146,V0876,Hemoglobin,12.69,12.0,16.0,2025-04-29
L04379,SUBJ146,V0876,WBC,10.23,4.0,11.0,2025-04-29
L04380,SUBJ146,V0876,Creatinine,0.67,0.6,1.3,2025-04-29
L04381,SUBJ147,V0877,ALT,64.3,7.0,56.0,2025-01-30
L04382,SUBJ147,V0877,AST,32.5,10.0,40.0,2025-01-30
L04383,SUBJ147,V0877,Hemoglobin,13.35,12.0,16.0,2025-01-30
L04384,SUBJ147,V0877,WBC,20.78,4.0,11.0,2025-01-30
L04385,SUBJ147,V0877,Creatinine,0.62,0.6,1.3,2025-01-30
L04386,SUBJ147,V0878,ALT,39.71,7.0,56.0,2025-02-07
L04387,SUBJ147,V0878,AST,12.02,10.0,40.0,2025-02-07
L04388,SUBJ147,V0878,Hemoglobin,13.23,12.0,16.0,2025-02-07
L04389,SUBJ147,V0878,WBC,9.14,4.0,11.0,2025-02-07
L04390,SUBJ147,V0878,Creatinine,1.1,0.6,1.3,2025-02-07
L04391,SUBJ147,V0879,ALT,13.13,7.0,56.0,2025-02-13
L04392,SUBJ147,V0879,AST,38.05,10.0,40.0,2025-02-13
L04393,SUBJ147,V0879,Hemoglobin,12.87,12.0,16.0,2025-02-13
L04394,SUBJ147,V0879,WBC,17.35,4.0,11.0,2025-02-13
L04395,SUBJ147,V0879,Creatinine,1.22,0.6,1.3,2025-02-13
L04396,SUBJ147,V0880,ALT,49.53,7.0,56.0,2025-02-19
L04397,SUBJ147,V0880,AST,12.25,10.0,40.0,2025-02-19
L04398,SUBJ147,V0880,Hemoglobin,13.03,12.0,16.0,2025-02-19
L04399,SUBJ147,V0880,WBC,8.94,4.0,11.0,2025-02-19
L04400,SUBJ147,V0880,Creatinine,1.02,0.6,1.3,2025-02-19
L04401,SUBJ147,V0881,ALT,45.75,7.0,56.0,2025-03-01
L04402,SUBJ147,V0881,AST,39.57,10.0,40.0,2025-03-01
L04403,SUBJ147,V0881,Hemoglobin,14.85,12.0,16.0,2025-03-01
L04404,SUBJ147,V0881,WBC,9.57,4.0,11.0,2025-03-01
L04405,SUBJ147,V0881,Creatinine,1.13,0.6,1.3,2025-03-01
L04406,SUBJ147,V0882,ALT,33.31,7.0,56.0,2025-03-05
L04407,SUBJ147,V0882,AST,16.83,10.0,40.0,2025-03-05
L04408,SUBJ147,V0882,Hemoglobin,15.52,12.0,16.0,2025-03-05
L04409,SUBJ147,V0882,WBC,4.49,4.0,11.0,2025-03-05
L04410,SUBJ147,V0882,Creatinine,0.64,0.6,1.3,2025-03-05
L04411,SUBJ148,V0883,ALT,39.85,7.0,56.0,2025-02-17
L04412,SUBJ148,V0883,AST,17.4,10.0,40.0,2025-02-17
L04413,SUBJ148,V0883,Hemoglobin,13.67,12.0,16.0,2025-02-17
L04414,SUBJ148,V0883,WBC,9.77,4.0,11.0,2025-02-17
L04415,SUBJ148,V0883,Creatinine,0.64,0.6,1.3,2025-02-17
L04416,SUBJ148,V0884,ALT,12.38,7.0,56.0,2025-02-25
L04417,SUBJ148,V0884,AST,39.46,10.0,40.0,2025-02-25
L04418,SUBJ148,V0884,Hemoglobin,14.47,12.0,16.0,2025-02-25
L04419,SUBJ148,V0884,WBC,1.61,4.0,11.0,2025-02-25
L04420,SUBJ148,V0884,Creatinine,1.11,0.6,1.3,2025-02-25
L04421,SUBJ148,V0885,ALT,16.91,7.0,56.0,2025-03-07
L04422,SUBJ148,V0885,AST,37.21,10.0,40.0,2025-03-07
L04423,SUBJ148,V0885,Hemoglobin,15.04,12.0,16.0,2025-03-07
L04424,SUBJ148,V0885,WBC,6.36,4.0,11.0,2025-03-07
L04425,SUBJ148,V0885,Creatinine,1.18,0.6,1.3,2025-03-07
L04426,SUBJ148,V0886,ALT,47.24,7.0,56.0,2025-03-11
L04427,SUBJ148,V0886,AST,14.84,10.0,40.0,2025-03-11
L04428,SUBJ148,V0886,Hemoglobin,14.97,12.0,16.0,2025-03-11
L04429,SUBJ148,V0886,WBC,10.26,4.0,11.0,2025-03-11
L04430,SUBJ148,V0886,Creatinine,0.86,0.6,1.3,2025-03-11
L04431,SUBJ148,V0887,ALT,,7.0,56.0,2025-03-20
L04432,SUBJ148,V0887,AST,23.66,10.0,40.0,2025-03-20
L04433,SUBJ148,V0887,Hemoglobin,13.87,12.0,16.0,2025-03-20
L04434,SUBJ148,V0887,WBC,7.98,4.0,11.0,2025-03-20
L04435,SUBJ148,V0887,Creatinine,0.77,0.6,1.3,2025-03-20
L04436,SUBJ148,V0888,ALT,38.86,7.0,56.0,2025-03-28
L04437,SUBJ148,V0888,AST,16.88,10.0,40.0,2025-03-28
L04438,SUBJ148,V0888,Hemoglobin,24.86,12.0,16.0,2025-03-28
L04439,SUBJ148,V0888,WBC,5.27,4.0,11.0,2025-03-28
L04440,SUBJ148,V0888,Creatinine,9.37,0.6,1.3,2025-03-28
L04441,SUBJ149,V0889,ALT,15.97,7.0,56.0,2025-02-02
L04442,SUBJ149,V0889,AST,32.64,10.0,40.0,2025-02-02
L04443,SUBJ149,V0889,Hemoglobin,13.33,12.0,16.0,2025-02-02
L04444,SUBJ149,V0889,WBC,4.22,4.0,11.0,2025-02-02
L04445,SUBJ149,V0889,Creatinine,0.76,0.6,1.3,2025-02-02
L04446,SUBJ149,V0890,ALT,8.38,7.0,56.0,2025-02-08
L04447,SUBJ149,V0890,AST,27.63,10.0,40.0,2025-02-08
L04448,SUBJ149,V0890,Hemoglobin,,12.0,16.0,2025-02-08
L04449,SUBJ149,V0890,WBC,6.29,4.0,11.0,2025-02-08
L04450,SUBJ149,V0890,Creatinine,0.75,0.6,1.3,2025-02-08
L04451,SUBJ149,V0891,ALT,24.01,7.0,56.0,2025-02-17
L04452,SUBJ149,V0891,AST,28.01,10.0,40.0,2025-02-17
L04453,SUBJ149,V0891,Hemoglobin,14.81,12.0,16.0,2025-02-17
L04454,SUBJ149,V0891,WBC,8.79,4.0,11.0,2025-02-17
L04455,SUBJ149,V0891,Creatinine,,0.6,1.3,2025-02-17
L04456,SUBJ149,V0892,ALT,48.98,7.0,56.0,2025-02-20
L04457,SUBJ149,V0892,AST,19.66,10.0,40.0,2025-02-20
L04458,SUBJ149,V0892,Hemoglobin,14.61,12.0,16.0,2025-02-20
L04459,SUBJ149,V0892,WBC,8.07,4.0,11.0,2025-02-20
L04460,SUBJ149,V0892,Creatinine,11.11,0.6,1.3,2025-02-20
L04461,SUBJ149,V0893,ALT,37.42,7.0,56.0,2025-03-03
L04462,SUBJ149,V0893,AST,20.31,10.0,40.0,2025-03-03
L04463,SUBJ149,V0893,Hemoglobin,15.16,12.0,16.0,2025-03-03
L04464,SUBJ149,V0893,WBC,7.27,4.0,11.0,2025-03-03
L04465,SUBJ149,V0893,Creatinine,1.22,0.6,1.3,2025-03-03
L04466,SUBJ149,V0894,ALT,51.48,7.0,56.0,2025-03-09
L04467,SUBJ149,V0894,AST,30.15,10.0,40.0,2025-03-09
L04468,SUBJ149,V0894,Hemoglobin,12.4,12.0,16.0,2025-03-09
L04469,SUBJ149,V0894,WBC,8.6,4.0,11.0,2025-03-09
L04470,SUBJ149,V0894,Creatinine,,0.6,1.3,2025-03-09
L04471,SUBJ150,V0895,ALT,22.45,7.0,56.0,2025-02-11
L04472,SUBJ150,V0895,AST,36.8,10.0,40.0,2025-02-11
L04473,SUBJ150,V0895,Hemoglobin,9.7,12.0,16.0,2025-02-11
L04474,SUBJ150,V0895,WBC,10.81,4.0,11.0,2025-02-11
L04475,SUBJ150,V0895,Creatinine,0.78,0.6,1.3,2025-02-11
L04476,SUBJ150,V0896,ALT,35.48,7.0,56.0,2025-02-15
L04477,SUBJ150,V0896,AST,34.27,10.0,40.0,2025-02-15
L04478,SUBJ150,V0896,Hemoglobin,13.05,12.0,16.0,2025-02-15
L04479,SUBJ150,V0896,WBC,19.51,4.0,11.0,2025-02-15
L04480,SUBJ150,V0896,Creatinine,0.77,0.6,1.3,2025-02-15
L04481,SUBJ150,V0897,ALT,37.29,7.0,56.0,2025-02-22
L04482,SUBJ150,V0897,AST,36.3,10.0,40.0,2025-02-22
L04483,SUBJ150,V0897,Hemoglobin,14.31,12.0,16.0,2025-02-22
L04484,SUBJ150,V0897,WBC,6.34,4.0,11.0,2025-02-22
L04485,SUBJ150,V0897,Creatinine,0.94,0.6,1.3,2025-02-22
L04486,SUBJ150,V0898,ALT,54.51,7.0,56.0,2025-03-01
L04487,SUBJ150,V0898,AST,18.58,10.0,40.0,2025-03-01
L04488,SUBJ150,V0898,Hemoglobin,,12.0,16.0,2025-03-01
L04489,SUBJ150,V0898,WBC,9.61,4.0,11.0,2025-03-01
L04490,SUBJ150,V0898,Creatinine,1.13,0.6,1.3,2025-03-01
L04491,SUBJ150,V0899,ALT,64.21,7.0,56.0,2025-03-07
L04492,SUBJ150,V0899,AST,19.6,10.0,40.0,2025-03-07
L04493,SUBJ150,V0899,Hemoglobin,21.17,12.0,16.0,2025-03-07
L04494,SUBJ150,V0899,WBC,10.89,4.0,11.0,2025-03-07
L04495,SUBJ150,V0899,Creatinine,0.67,0.6,1.3,2025-03-07
L04496,SUBJ150,V0900,ALT,40.92,7.0,56.0,2025-03-14
L04497,SUBJ150,V0900,AST,17.04,10.0,40.0,2025-03-14
L04498,SUBJ150,V0900,Hemoglobin,15.9,12.0,16.0,2025-03-14
L04499,SUBJ150,V0900,WBC,5.34,4.0,11.0,2025-03-14
L04500,SUBJ150,V0900,Creatinine,0.68,0.6,1.3,2025-03-14
L04501,SUBJ151,V0901,ALT,16.09,7.0,56.0,2025-02-23
L04502,SUBJ151,V0901,AST,34.7,10.0,40.0,2025-02-23
L04503,SUBJ151,V0901,Hemoglobin,14.8,12.0,16.0,2025-02-23
L04504,SUBJ151,V0901,WBC,5.36,4.0,11.0,2025-02-23
L04505,SUBJ151,V0901,Creatinine,0.94,0.6,1.3,2025-02-23
L04506,SUBJ151,V0902,ALT,37.66,7.0,56.0,2025-03-01
L04507,SUBJ151,V0902,AST,12.17,10.0,40.0,2025-03-01
L04508,SUBJ151,V0902,Hemoglobin,12.46,12.0,16.0,2025-03-01
L04509,SUBJ151,V0902,WBC,7.63,4.0,11.0,2025-03-01
L04510,SUBJ151,V0902,Creatinine,1.25,0.6,1.3,2025-03-01
L04511,SUBJ151,V0903,ALT,58.42,7.0,56.0,2025-03-06
L04512,SUBJ151,V0903,AST,45.73,10.0,40.0,2025-03-06
L04513,SUBJ151,V0903,Hemoglobin,12.8,12.0,16.0,2025-03-06
L04514,SUBJ151,V0903,WBC,9.0,4.0,11.0,2025-03-06
L04515,SUBJ151,V0903,Creatinine,1.27,0.6,1.3,2025-03-06
L04516,SUBJ151,V0904,ALT,60.15,7.0,56.0,2025-03-16
L04517,SUBJ151,V0904,AST,38.57,10.0,40.0,2025-03-16
L04518,SUBJ151,V0904,Hemoglobin,15.38,12.0,16.0,2025-03-16
L04519,SUBJ151,V0904,WBC,6.7,4.0,11.0,2025-03-16
L04520,SUBJ151,V0904,Creatinine,1.0,0.6,1.3,2025-03-16
L04521,SUBJ151,V0905,ALT,8.69,7.0,56.0,2025-03-24
L04522,SUBJ151,V0905,AST,7.78,10.0,40.0,2025-03-24
L04523,SUBJ151,V0905,Hemoglobin,25.8,12.0,16.0,2025-03-24
L04524,SUBJ151,V0905,WBC,4.4,4.0,11.0,2025-03-24
L04525,SUBJ151,V0905,Creatinine,0.68,0.6,1.3,2025-03-24
L04526,SUBJ151,V0906,ALT,9.04,7.0,56.0,2025-03-27
L04527,SUBJ151,V0906,AST,23.3,10.0,40.0,2025-03-27
L04528,SUBJ151,V0906,Hemoglobin,12.54,12.0,16.0,2025-03-27
L04529,SUBJ151,V0906,WBC,7.34,4.0,11.0,2025-03-27
L04530,SUBJ151,V0906,Creatinine,0.71,0.6,1.3,2025-03-27
L04531,SUBJ152,V0907,ALT,32.81,7.0,56.0,2025-01-11
L04532,SUBJ152,V0907,AST,12.15,10.0,40.0,2025-01-11
L04533,SUBJ152,V0907,Hemoglobin,15.76,12.0,16.0,2025-01-11
L04534,SUBJ152,V0907,WBC,10.97,4.0,11.0,2025-01-11
L04535,SUBJ152,V0907,Creatinine,1.13,0.6,1.3,2025-01-11
L04536,SUBJ152,V0908,ALT,37.76,7.0,56.0,2025-01-17
L04537,SUBJ152,V0908,AST,32.52,10.0,40.0,2025-01-17
L04538,SUBJ152,V0908,Hemoglobin,12.44,12.0,16.0,2025-01-17
L04539,SUBJ152,V0908,WBC,6.18,4.0,11.0,2025-01-17
L04540,SUBJ152,V0908,Creatinine,1.12,0.6,1.3,2025-01-17
L04541,SUBJ152,V0909,ALT,45.78,7.0,56.0,2025-01-27
L04542,SUBJ152,V0909,AST,31.82,10.0,40.0,2025-01-27
L04543,SUBJ152,V0909,Hemoglobin,9.63,12.0,16.0,2025-01-27
L04544,SUBJ152,V0909,WBC,,4.0,11.0,2025-01-27
L04545,SUBJ152,V0909,Creatinine,0.85,0.6,1.3,2025-01-27
L04546,SUBJ152,V0910,ALT,20.94,7.0,56.0,2025-02-03
L04547,SUBJ152,V0910,AST,10.68,10.0,40.0,2025-02-03
L04548,SUBJ152,V0910,Hemoglobin,14.0,12.0,16.0,2025-02-03
L04549,SUBJ152,V0910,WBC,6.52,4.0,11.0,2025-02-03
L04550,SUBJ152,V0910,Creatinine,1.13,0.6,1.3,2025-02-03
L04551,SUBJ152,V0911,ALT,,7.0,56.0,2025-02-07
L04552,SUBJ152,V0911,AST,14.3,10.0,40.0,2025-02-07
L04553,SUBJ152,V0911,Hemoglobin,12.53,12.0,16.0,2025-02-07
L04554,SUBJ152,V0911,WBC,4.8,4.0,11.0,2025-02-07
L04555,SUBJ152,V0911,Creatinine,-2.16,0.6,1.3,2025-02-07
L04556,SUBJ152,V0912,ALT,9.92,7.0,56.0,2025-02-14
L04557,SUBJ152,V0912,AST,36.52,10.0,40.0,2025-02-14
L04558,SUBJ152,V0912,Hemoglobin,15.63,12.0,16.0,2025-02-14
L04559,SUBJ152,V0912,WBC,8.83,4.0,11.0,2025-02-14
L04560,SUBJ152,V0912,Creatinine,1.04,0.6,1.3,2025-02-14
L04561,SUBJ153,V0913,ALT,21.71,7.0,56.0,2025-01-27
L04562,SUBJ153,V0913,AST,37.73,10.0,40.0,2025-01-27
L04563,SUBJ153,V0913,Hemoglobin,14.0,12.0,16.0,2025-01-27
L04564,SUBJ153,V0913,WBC,6.75,4.0,11.0,2025-01-27
L04565,SUBJ153,V0913,Creatinine,1.0,0.6,1.3,2025-01-27
L04566,SUBJ153,V0914,ALT,34.51,7.0,56.0,2025-02-05
L04567,SUBJ153,V0914,AST,21.58,10.0,40.0,2025-02-05
L04568,SUBJ153,V0914,Hemoglobin,14.34,12.0,16.0,2025-02-05
L04569,SUBJ153,V0914,WBC,5.75,4.0,11.0,2025-02-05
L04570,SUBJ153,V0914,Creatinine,0.94,0.6,1.3,2025-02-05
L04571,SUBJ153,V0915,ALT,33.08,7.0,56.0,2025-02-11
L04572,SUBJ153,V0915,AST,23.76,10.0,40.0,2025-02-11
L04573,SUBJ153,V0915,Hemoglobin,13.05,12.0,16.0,2025-02-11
L04574,SUBJ153,V0915,WBC,4.4,4.0,11.0,2025-02-11
L04575,SUBJ153,V0915,Creatinine,0.86,0.6,1.3,2025-02-11
L04576,SUBJ153,V0916,ALT,17.84,7.0,56.0,2025-02-20
L04577,SUBJ153,V0916,AST,23.47,10.0,40.0,2025-02-20
L04578,SUBJ153,V0916,Hemoglobin,15.88,12.0,16.0,2025-02-20
L04579,SUBJ153,V0916,WBC,,4.0,11.0,2025-02-20
L04580,SUBJ153,V0916,Creatinine,1.07,0.6,1.3,2025-02-20
L04581,SUBJ153,V0917,ALT,19.61,7.0,56.0,2025-02-27
L04582,SUBJ153,V0917,AST,21.24,10.0,40.0,2025-02-27
L04583,SUBJ153,V0917,Hemoglobin,15.48,12.0,16.0,2025-02-27
L04584,SUBJ153,V0917,WBC,,4.0,11.0,2025-02-27
L04585,SUBJ153,V0917,Creatinine,2.4,0.6,1.3,2025-02-27
L04586,SUBJ153,V0918,ALT,49.81,7.0,56.0,2025-03-04
L04587,SUBJ153,V0918,AST,15.72,10.0,40.0,2025-03-04
L04588,SUBJ153,V0918,Hemoglobin,14.97,12.0,16.0,2025-03-04
L04589,SUBJ153,V0918,WBC,1.4,4.0,11.0,2025-03-04
L04590,SUBJ153,V0918,Creatinine,1.11,0.6,1.3,2025-03-04
L04591,SUBJ154,V0919,ALT,,7.0,56.0,2025-02-12
L04592,SUBJ154,V0919,AST,21.42,10.0,40.0,2025-02-12
L04593,SUBJ154,V0919,Hemoglobin,10.82,12.0,16.0,2025-02-12
L04594,SUBJ154,V0919,WBC,5.14,4.0,11.0,2025-02-12
L04595,SUBJ154,V0919,Creatinine,1.23,0.6,1.3,2025-02-12
L04596,SUBJ154,V0920,ALT,54.66,7.0,56.0,2025-02-18
L04597,SUBJ154,V0920,AST,37.31,10.0,40.0,2025-02-18
L04598,SUBJ154,V0920,Hemoglobin,14.68,12.0,16.0,2025-02-18
L04599,SUBJ154,V0920,WBC,6.63,4.0,11.0,2025-02-18
L04600,SUBJ154,V0920,Creatinine,1.22,0.6,1.3,2025-02-18
L04601,SUBJ154,V0921,ALT,33.61,7.0,56.0,2025-02-24
L04602,SUBJ154,V0921,AST,27.15,10.0,40.0,2025-02-24
L04603,SUBJ154,V0921,Hemoglobin,13.79,12.0,16.0,2025-02-24
L04604,SUBJ154,V0921,WBC,9.08,4.0,11.0,2025-02-24
L04605,SUBJ154,V0921,Creatinine,0.87,0.6,1.3,2025-02-24
L04606,SUBJ154,V0922,ALT,32.34,7.0,56.0,2025-03-01
L04607,SUBJ154,V0922,AST,35.51,10.0,40.0,2025-03-01
L04608,SUBJ154,V0922,Hemoglobin,,12.0,16.0,2025-03-01
L04609,SUBJ154,V0922,WBC,6.64,4.0,11.0,2025-03-01
L04610,SUBJ154,V0922,Creatinine,7.05,0.6,1.3,2025-03-01
L04611,SUBJ154,V0923,ALT,36.3,7.0,56.0,2025-03-08
L04612,SUBJ154,V0923,AST,28.38,10.0,40.0,2025-03-08
L04613,SUBJ154,V0923,Hemoglobin,14.03,12.0,16.0,2025-03-08
L04614,SUBJ154,V0923,WBC,8.59,4.0,11.0,2025-03-08
L04615,SUBJ154,V0923,Creatinine,1.27,0.6,1.3,2025-03-08
L04616,SUBJ154,V0924,ALT,12.57,7.0,56.0,2025-03-17
L04617,SUBJ154,V0924,AST,35.47,10.0,40.0,2025-03-17
L04618,SUBJ154,V0924,Hemoglobin,15.21,12.0,16.0,2025-03-17
L04619,SUBJ154,V0924,WBC,5.96,4.0,11.0,2025-03-17
L04620,SUBJ154,V0924,Creatinine,,0.6,1.3,2025-03-17
L04621,SUBJ155,V0925,ALT,42.12,7.0,56.0,2025-03-23
L04622,SUBJ155,V0925,AST,38.19,10.0,40.0,2025-03-23
L04623,SUBJ155,V0925,Hemoglobin,13.71,12.0,16.0,2025-03-23
L04624,SUBJ155,V0925,WBC,7.24,4.0,11.0,2025-03-23
L04625,SUBJ155,V0925,Creatinine,1.19,0.6,1.3,2025-03-23
L04626,SUBJ155,V0926,ALT,18.18,7.0,56.0,2025-03-28
L04627,SUBJ155,V0926,AST,28.55,10.0,40.0,2025-03-28
L04628,SUBJ155,V0926,Hemoglobin,15.56,12.0,16.0,2025-03-28
L04629,SUBJ155,V0926,WBC,9.36,4.0,11.0,2025-03-28
L04630,SUBJ155,V0926,Creatinine,1.12,0.6,1.3,2025-03-28
L04631,SUBJ155,V0927,ALT,42.19,7.0,56.0,2025-04-04
L04632,SUBJ155,V0927,AST,14.55,10.0,40.0,2025-04-04
L04633,SUBJ155,V0927,Hemoglobin,14.82,12.0,16.0,2025-04-04
L04634,SUBJ155,V0927,WBC,4.04,4.0,11.0,2025-04-04
L04635,SUBJ155,V0927,Creatinine,0.8,0.6,1.3,2025-04-04
L04636,SUBJ155,V0928,ALT,13.9,7.0,56.0,2025-04-12
L04637,SUBJ155,V0928,AST,35.04,10.0,40.0,2025-04-12
L04638,SUBJ155,V0928,Hemoglobin,14.61,12.0,16.0,2025-04-12
L04639,SUBJ155,V0928,WBC,10.41,4.0,11.0,2025-04-12
L04640,SUBJ155,V0928,Creatinine,0.92,0.6,1.3,2025-04-12
L04641,SUBJ155,V0929,ALT,53.63,7.0,56.0,2025-04-17
L04642,SUBJ155,V0929,AST,11.7,10.0,40.0,2025-04-17
L04643,SUBJ155,V0929,Hemoglobin,15.52,12.0,16.0,2025-04-17
L04644,SUBJ155,V0929,WBC,9.97,4.0,11.0,2025-04-17
L04645,SUBJ155,V0929,Creatinine,0.63,0.6,1.3,2025-04-17
L04646,SUBJ155,V0930,ALT,17.2,7.0,56.0,2025-04-26
L04647,SUBJ155,V0930,AST,37.03,10.0,40.0,2025-04-26
L04648,SUBJ155,V0930,Hemoglobin,12.53,12.0,16.0,2025-04-26
L04649,SUBJ155,V0930,WBC,7.13,4.0,11.0,2025-04-26
L04650,SUBJ155,V0930,Creatinine,0.89,0.6,1.3,2025-04-26
L04651,SUBJ156,V0931,ALT,19.48,7.0,56.0,2025-01-28
L04652,SUBJ156,V0931,AST,11.52,10.0,40.0,2025-01-28
L04653,SUBJ156,V0931,Hemoglobin,13.19,12.0,16.0,2025-01-28
L04654,SUBJ156,V0931,WBC,5.33,4.0,11.0,2025-01-28
L04655,SUBJ156,V0931,Creatinine,0.81,0.6,1.3,2025-01-28
L04656,SUBJ156,V0932,ALT,47.66,7.0,56.0,2025-02-04
L04657,SUBJ156,V0932,AST,37.67,10.0,40.0,2025-02-04
L04658,SUBJ156,V0932,Hemoglobin,24.58,12.0,16.0,2025-02-04
L04659,SUBJ156,V0932,WBC,4.51,4.0,11.0,2025-02-04
L04660,SUBJ156,V0932,Creatinine,1.08,0.6,1.3,2025-02-04
L04661,SUBJ156,V0933,ALT,21.68,7.0,56.0,2025-02-13
L04662,SUBJ156,V0933,AST,7.49,10.0,40.0,2025-02-13
L04663,SUBJ156,V0933,Hemoglobin,12.18,12.0,16.0,2025-02-13
L04664,SUBJ156,V0933,WBC,8.08,4.0,11.0,2025-02-13
L04665,SUBJ156,V0933,Creatinine,1.21,0.6,1.3,2025-02-13
L04666,SUBJ156,V0934,ALT,10.96,7.0,56.0,2025-02-21
L04667,SUBJ156,V0934,AST,19.77,10.0,40.0,2025-02-21
L04668,SUBJ156,V0934,Hemoglobin,12.44,12.0,16.0,2025-02-21
L04669,SUBJ156,V0934,WBC,7.89,4.0,11.0,2025-02-21
L04670,SUBJ156,V0934,Creatinine,3.74,0.6,1.3,2025-02-21
L04671,SUBJ156,V0935,ALT,,7.0,56.0,2025-02-25
L04672,SUBJ156,V0935,AST,36.06,10.0,40.0,2025-02-25
L04673,SUBJ156,V0935,Hemoglobin,23.81,12.0,16.0,2025-02-25
L04674,SUBJ156,V0935,WBC,2.1,4.0,11.0,2025-02-25
L04675,SUBJ156,V0935,Creatinine,0.94,0.6,1.3,2025-02-25
L04676,SUBJ156,V0936,ALT,47.87,7.0,56.0,2025-03-07
L04677,SUBJ156,V0936,AST,11.29,10.0,40.0,2025-03-07
L04678,SUBJ156,V0936,Hemoglobin,14.21,12.0,16.0,2025-03-07
L04679,SUBJ156,V0936,WBC,4.33,4.0,11.0,2025-03-07
L04680,SUBJ156,V0936,Creatinine,1.08,0.6,1.3,2025-03-07
L04681,SUBJ157,V0937,ALT,38.04,7.0,56.0,2025-01-03
L04682,SUBJ157,V0937,AST,10.34,10.0,40.0,2025-01-03
L04683,SUBJ157,V0937,Hemoglobin,14.0,12.0,16.0,2025-01-03
L04684,SUBJ157,V0937,WBC,5.86,4.0,11.0,2025-01-03
L04685,SUBJ157,V0937,Creatinine,1.27,0.6,1.3,2025-01-03
L04686,SUBJ157,V0938,ALT,10.17,7.0,56.0,2025-01-11
L04687,SUBJ157,V0938,AST,15.97,10.0,40.0,2025-01-11
L04688,SUBJ157,V0938,Hemoglobin,12.98,12.0,16.0,2025-01-11
L04689,SUBJ157,V0938,WBC,6.51,4.0,11.0,2025-01-11
L04690,SUBJ157,V0938,Creatinine,1.19,0.6,1.3,2025-01-11
L04691,SUBJ157,V0939,ALT,55.84,7.0,56.0,2025-01-16
L04692,SUBJ157,V0939,AST,45.68,10.0,40.0,2025-01-16
L04693,SUBJ157,V0939,Hemoglobin,13.37,12.0,16.0,2025-01-16
L04694,SUBJ157,V0939,WBC,6.32,4.0,11.0,2025-01-16
L04695,SUBJ157,V0939,Creatinine,0.72,0.6,1.3,2025-01-16
L04696,SUBJ157,V0940,ALT,,7.0,56.0,2025-01-23
L04697,SUBJ157,V0940,AST,7.86,10.0,40.0,2025-01-23
L04698,SUBJ157,V0940,Hemoglobin,13.15,12.0,16.0,2025-01-23
L04699,SUBJ157,V0940,WBC,7.29,4.0,11.0,2025-01-23
L04700,SUBJ157,V0940,Creatinine,0.8,0.6,1.3,2025-01-23
L04701,SUBJ157,V0941,ALT,17.46,7.0,56.0,2025-01-29
L04702,SUBJ157,V0941,AST,20.6,10.0,40.0,2025-01-29
L04703,SUBJ157,V0941,Hemoglobin,15.35,12.0,16.0,2025-01-29
L04704,SUBJ157,V0941,WBC,4.98,4.0,11.0,2025-01-29
L04705,SUBJ157,V0941,Creatinine,1.08,0.6,1.3,2025-01-29
L04706,SUBJ157,V0942,ALT,25.16,7.0,56.0,2025-02-07
L04707,SUBJ157,V0942,AST,10.76,10.0,40.0,2025-02-07
L04708,SUBJ157,V0942,Hemoglobin,14.9,12.0,16.0,2025-02-07
L04709,SUBJ157,V0942,WBC,7.38,4.0,11.0,2025-02-07
L04710,SUBJ157,V0942,Creatinine,1.03,0.6,1.3,2025-02-07
L04711,SUBJ158,V0943,ALT,23.31,7.0,56.0,2025-02-04
L04712,SUBJ158,V0943,AST,19.42,10.0,40.0,2025-02-04
L04713,SUBJ158,V0943,Hemoglobin,12.81,12.0,16.0,2025-02-04
L04714,SUBJ158,V0943,WBC,7.74,4.0,11.0,2025-02-04
L04715,SUBJ158,V0943,Creatinine,1.15,0.6,1.3,2025-02-04
L04716,SUBJ158,V0944,ALT,51.85,7.0,56.0,2025-02-10
L04717,SUBJ158,V0944,AST,27.99,10.0,40.0,2025-02-10
L04718,SUBJ158,V0944,Hemoglobin,12.07,12.0,16.0,2025-02-10
L04719,SUBJ158,V0944,WBC,4.23,4.0,11.0,2025-02-10
L04720,SUBJ158,V0944,Creatinine,0.88,0.6,1.3,2025-02-10
L04721,SUBJ158,V0945,ALT,53.51,7.0,56.0,2025-02-15
L04722,SUBJ158,V0945,AST,38.38,10.0,40.0,2025-02-15
L04723,SUBJ158,V0945,Hemoglobin,15.49,12.0,16.0,2025-02-15
L04724,SUBJ158,V0945,WBC,7.03,4.0,11.0,2025-02-15
L04725,SUBJ158,V0945,Creatinine,1.12,0.6,1.3,2025-02-15
L04726,SUBJ158,V0946,ALT,7.93,7.0,56.0,2025-02-21
L04727,SUBJ158,V0946,AST,35.71,10.0,40.0,2025-02-21
L04728,SUBJ158,V0946,Hemoglobin,13.34,12.0,16.0,2025-02-21
L04729,SUBJ158,V0946,WBC,8.51,4.0,11.0,2025-02-21
L04730,SUBJ158,V0946,Creatinine,0.67,0.6,1.3,2025-02-21
L04731,SUBJ158,V0947,ALT,34.22,7.0,56.0,2025-03-03
L04732,SUBJ158,V0947,AST,,10.0,40.0,2025-03-03
L04733,SUBJ158,V0947,Hemoglobin,12.19,12.0,16.0,2025-03-03
L04734,SUBJ158,V0947,WBC,6.77,4.0,11.0,2025-03-03
L04735,SUBJ158,V0947,Creatinine,0.84,0.6,1.3,2025-03-03
L04736,SUBJ158,V0948,ALT,57.42,7.0,56.0,2025-03-09
L04737,SUBJ158,V0948,AST,12.16,10.0,40.0,2025-03-09
L04738,SUBJ158,V0948,Hemoglobin,13.0,12.0,16.0,2025-03-09
L04739,SUBJ158,V0948,WBC,,4.0,11.0,2025-03-09
L04740,SUBJ158,V0948,Creatinine,0.89,0.6,1.3,2025-03-09
L04741,SUBJ159,V0949,ALT,53.44,7.0,56.0,2025-03-04
L04742,SUBJ159,V0949,AST,18.62,10.0,40.0,2025-03-04
L04743,SUBJ159,V0949,Hemoglobin,13.83,12.0,16.0,2025-03-04
L04744,SUBJ159,V0949,WBC,4.05,4.0,11.0,2025-03-04
L04745,SUBJ159,V0949,Creatinine,-1.98,0.6,1.3,2025-03-04
L04746,SUBJ159,V0950,ALT,58.7,7.0,56.0,2025-03-15
L04747,SUBJ159,V0950,AST,25.43,10.0,40.0,2025-03-15
L04748,SUBJ159,V0950,Hemoglobin,15.49,12.0,16.0,2025-03-15
L04749,SUBJ159,V0950,WBC,10.77,4.0,11.0,2025-03-15
L04750,SUBJ159,V0950,Creatinine,0.6,0.6,1.3,2025-03-15
L04751,SUBJ159,V0951,ALT,52.49,7.0,56.0,2025-03-21
L04752,SUBJ159,V0951,AST,30.64,10.0,40.0,2025-03-21
L04753,SUBJ159,V0951,Hemoglobin,13.99,12.0,16.0,2025-03-21
L04754,SUBJ159,V0951,WBC,5.87,4.0,11.0,2025-03-21
L04755,SUBJ159,V0951,Creatinine,-0.58,0.6,1.3,2025-03-21
L04756,SUBJ159,V0952,ALT,37.54,7.0,56.0,2025-03-28
L04757,SUBJ159,V0952,AST,34.49,10.0,40.0,2025-03-28
L04758,SUBJ159,V0952,Hemoglobin,15.51,12.0,16.0,2025-03-28
L04759,SUBJ159,V0952,WBC,8.77,4.0,11.0,2025-03-28
L04760,SUBJ159,V0952,Creatinine,0.94,0.6,1.3,2025-03-28
L04761,SUBJ159,V0953,ALT,49.68,7.0,56.0,2025-04-01
L04762,SUBJ159,V0953,AST,11.29,10.0,40.0,2025-04-01
L04763,SUBJ159,V0953,Hemoglobin,12.61,12.0,16.0,2025-04-01
L04764,SUBJ159,V0953,WBC,7.84,4.0,11.0,2025-04-01
L04765,SUBJ159,V0953,Creatinine,,0.6,1.3,2025-04-01
L04766,SUBJ159,V0954,ALT,43.43,7.0,56.0,2025-04-12
L04767,SUBJ159,V0954,AST,45.25,10.0,40.0,2025-04-12
L04768,SUBJ159,V0954,Hemoglobin,15.44,12.0,16.0,2025-04-12
L04769,SUBJ159,V0954,WBC,10.83,4.0,11.0,2025-04-12
L04770,SUBJ159,V0954,Creatinine,0.65,0.6,1.3,2025-04-12
L04771,SUBJ160,V0955,ALT,37.94,7.0,56.0,2025-02-23
L04772,SUBJ160,V0955,AST,20.78,10.0,40.0,2025-02-23
L04773,SUBJ160,V0955,Hemoglobin,13.25,12.0,16.0,2025-02-23
L04774,SUBJ160,V0955,WBC,5.65,4.0,11.0,2025-02-23
L04775,SUBJ160,V0955,Creatinine,1.01,0.6,1.3,2025-02-23
L04776,SUBJ160,V0956,ALT,53.62,7.0,56.0,2025-03-01
L04777,SUBJ160,V0956,AST,26.2,10.0,40.0,2025-03-01
L04778,SUBJ160,V0956,Hemoglobin,15.27,12.0,16.0,2025-03-01
L04779,SUBJ160,V0956,WBC,10.54,4.0,11.0,2025-03-01
L04780,SUBJ160,V0956,Creatinine,0.61,0.6,1.3,2025-03-01
L04781,SUBJ160,V0957,ALT,35.51,7.0,56.0,2025-03-06
L04782,SUBJ160,V0957,AST,21.33,10.0,40.0,2025-03-06
L04783,SUBJ160,V0957,Hemoglobin,14.38,12.0,16.0,2025-03-06
L04784,SUBJ160,V0957,WBC,19.88,4.0,11.0,2025-03-06
L04785,SUBJ160,V0957,Creatinine,0.82,0.6,1.3,2025-03-06
L04786,SUBJ160,V0958,ALT,,7.0,56.0,2025-03-14
L04787,SUBJ160,V0958,AST,17.19,10.0,40.0,2025-03-14
L04788,SUBJ160,V0958,Hemoglobin,12.15,12.0,16.0,2025-03-14
L04789,SUBJ160,V0958,WBC,8.77,4.0,11.0,2025-03-14
L04790,SUBJ160,V0958,Creatinine,0.9,0.6,1.3,2025-03-14
L04791,SUBJ160,V0959,ALT,8.01,7.0,56.0,2025-03-23
L04792,SUBJ160,V0959,AST,12.89,10.0,40.0,2025-03-23
L04793,SUBJ160,V0959,Hemoglobin,23.75,12.0,16.0,2025-03-23
L04794,SUBJ160,V0959,WBC,5.23,4.0,11.0,2025-03-23
L04795,SUBJ160,V0959,Creatinine,1.0,0.6,1.3,2025-03-23
L04796,SUBJ160,V0960,ALT,,7.0,56.0,2025-03-27
L04797,SUBJ160,V0960,AST,28.31,10.0,40.0,2025-03-27
L04798,SUBJ160,V0960,Hemoglobin,14.87,12.0,16.0,2025-03-27
L04799,SUBJ160,V0960,WBC,12.44,4.0,11.0,2025-03-27
L04800,SUBJ160,V0960,Creatinine,1.25,0.6,1.3,2025-03-27
L04801,SUBJ161,V0961,ALT,25.64,7.0,56.0,2025-03-04
L04802,SUBJ161,V0961,AST,34.88,10.0,40.0,2025-03-04
L04803,SUBJ161,V0961,Hemoglobin,12.93,12.0,16.0,2025-03-04
L04804,SUBJ161,V0961,WBC,5.59,4.0,11.0,2025-03-04
L04805,SUBJ161,V0961,Creatinine,0.94,0.6,1.3,2025-03-04
L04806,SUBJ161,V0962,ALT,4.88,7.0,56.0,2025-03-10
L04807,SUBJ161,V0962,AST,17.5,10.0,40.0,2025-03-10
L04808,SUBJ161,V0962,Hemoglobin,15.32,12.0,16.0,2025-03-10
L04809,SUBJ161,V0962,WBC,4.05,4.0,11.0,2025-03-10
L04810,SUBJ161,V0962,Creatinine,0.86,0.6,1.3,2025-03-10
L04811,SUBJ161,V0963,ALT,39.31,7.0,56.0,2025-03-18
L04812,SUBJ161,V0963,AST,42.65,10.0,40.0,2025-03-18
L04813,SUBJ161,V0963,Hemoglobin,14.3,12.0,16.0,2025-03-18
L04814,SUBJ161,V0963,WBC,4.38,4.0,11.0,2025-03-18
L04815,SUBJ161,V0963,Creatinine,0.83,0.6,1.3,2025-03-18
L04816,SUBJ161,V0964,ALT,43.96,7.0,56.0,2025-03-24
L04817,SUBJ161,V0964,AST,34.04,10.0,40.0,2025-03-24
L04818,SUBJ161,V0964,Hemoglobin,,12.0,16.0,2025-03-24
L04819,SUBJ161,V0964,WBC,7.21,4.0,11.0,2025-03-24
L04820,SUBJ161,V0964,Creatinine,-1.64,0.6,1.3,2025-03-24
L04821,SUBJ161,V0965,ALT,12.22,7.0,56.0,2025-03-31
L04822,SUBJ161,V0965,AST,18.02,10.0,40.0,2025-03-31
L04823,SUBJ161,V0965,Hemoglobin,12.02,12.0,16.0,2025-03-31
L04824,SUBJ161,V0965,WBC,4.63,4.0,11.0,2025-03-31
L04825,SUBJ161,V0965,Creatinine,1.18,0.6,1.3,2025-03-31
L04826,SUBJ161,V0966,ALT,5.67,7.0,56.0,2025-04-08
L04827,SUBJ161,V0966,AST,10.03,10.0,40.0,2025-04-08
L04828,SUBJ161,V0966,Hemoglobin,14.44,12.0,16.0,2025-04-08
L04829,SUBJ161,V0966,WBC,6.8,4.0,11.0,2025-04-08
L04830,SUBJ161,V0966,Creatinine,1.12,0.6,1.3,2025-04-08
L04831,SUBJ162,V0967,ALT,49.96,7.0,56.0,2025-03-09
L04832,SUBJ162,V0967,AST,,10.0,40.0,2025-03-09
L04833,SUBJ162,V0967,Hemoglobin,14.63,12.0,16.0,2025-03-09
L04834,SUBJ162,V0967,WBC,10.45,4.0,11.0,2025-03-09
L04835,SUBJ162,V0967,Creatinine,0.71,0.6,1.3,2025-03-09
L04836,SUBJ162,V0968,ALT,31.09,7.0,56.0,2025-03-16
L04837,SUBJ162,V0968,AST,44.53,10.0,40.0,2025-03-16
L04838,SUBJ162,V0968,Hemoglobin,9.58,12.0,16.0,2025-03-16
L04839,SUBJ162,V0968,WBC,10.59,4.0,11.0,2025-03-16
L04840,SUBJ162,V0968,Creatinine,0.72,0.6,1.3,2025-03-16
L04841,SUBJ162,V0969,ALT,60.13,7.0,56.0,2025-03-24
L04842,SUBJ162,V0969,AST,29.92,10.0,40.0,2025-03-24
L04843,SUBJ162,V0969,Hemoglobin,14.98,12.0,16.0,2025-03-24
L04844,SUBJ162,V0969,WBC,8.81,4.0,11.0,2025-03-24
L04845,SUBJ162,V0969,Creatinine,0.81,0.6,1.3,2025-03-24
L04846,SUBJ162,V0970,ALT,24.62,7.0,56.0,2025-04-01
L04847,SUBJ162,V0970,AST,29.2,10.0,40.0,2025-04-01
L04848,SUBJ162,V0970,Hemoglobin,12.16,12.0,16.0,2025-04-01
L04849,SUBJ162,V0970,WBC,6.93,4.0,11.0,2025-04-01
L04850,SUBJ162,V0970,Creatinine,0.67,0.6,1.3,2025-04-01
L04851,SUBJ162,V0971,ALT,27.07,7.0,56.0,2025-04-06
L04852,SUBJ162,V0971,AST,15.1,10.0,40.0,2025-04-06
L04853,SUBJ162,V0971,Hemoglobin,12.23,12.0,16.0,2025-04-06
L04854,SUBJ162,V0971,WBC,9.97,4.0,11.0,2025-04-06
L04855,SUBJ162,V0971,Creatinine,1.16,0.6,1.3,2025-04-06
L04856,SUBJ162,V0972,ALT,52.27,7.0,56.0,2025-04-15
L04857,SUBJ162,V0972,AST,32.95,10.0,40.0,2025-04-15
L04858,SUBJ162,V0972,Hemoglobin,14.15,12.0,16.0,2025-04-15
L04859,SUBJ162,V0972,WBC,8.94,4.0,11.0,2025-04-15
L04860,SUBJ162,V0972,Creatinine,0.8,0.6,1.3,2025-04-15
L04861,SUBJ163,V0973,ALT,61.07,7.0,56.0,2025-03-02
L04862,SUBJ163,V0973,AST,20.29,10.0,40.0,2025-03-02
L04863,SUBJ163,V0973,Hemoglobin,12.41,12.0,16.0,2025-03-02
L04864,SUBJ163,V0973,WBC,8.44,4.0,11.0,2025-03-02
L04865,SUBJ163,V0973,Creatinine,0.63,0.6,1.3,2025-03-02
L04866,SUBJ163,V0974,ALT,5.28,7.0,56.0,2025-03-05
L04867,SUBJ163,V0974,AST,21.97,10.0,40.0,2025-03-05
L04868,SUBJ163,V0974,Hemoglobin,12.48,12.0,16.0,2025-03-05
L04869,SUBJ163,V0974,WBC,19.37,4.0,11.0,2025-03-05
L04870,SUBJ163,V0974,Creatinine,0.93,0.6,1.3,2025-03-05
L04871,SUBJ163,V0975,ALT,29.15,7.0,56.0,2025-03-14
L04872,SUBJ163,V0975,AST,27.83,10.0,40.0,2025-03-14
L04873,SUBJ163,V0975,Hemoglobin,14.34,12.0,16.0,2025-03-14
L04874,SUBJ163,V0975,WBC,19.33,4.0,11.0,2025-03-14
L04875,SUBJ163,V0975,Creatinine,1.23,0.6,1.3,2025-03-14
L04876,SUBJ163,V0976,ALT,5.02,7.0,56.0,2025-03-19
L04877,SUBJ163,V0976,AST,37.06,10.0,40.0,2025-03-19
L04878,SUBJ163,V0976,Hemoglobin,12.98,12.0,16.0,2025-03-19
L04879,SUBJ163,V0976,WBC,4.98,4.0,11.0,2025-03-19
L04880,SUBJ163,V0976,Creatinine,0.78,0.6,1.3,2025-03-19
L04881,SUBJ163,V0977,ALT,23.22,7.0,56.0,2025-03-28
L04882,SUBJ163,V0977,AST,8.19,10.0,40.0,2025-03-28
L04883,SUBJ163,V0977,Hemoglobin,9.58,12.0,16.0,2025-03-28
L04884,SUBJ163,V0977,WBC,2.99,4.0,11.0,2025-03-28
L04885,SUBJ163,V0977,Creatinine,-2.16,0.6,1.3,2025-03-28
L04886,SUBJ163,V0978,ALT,39.13,7.0,56.0,2025-04-06
L04887,SUBJ163,V0978,AST,23.48,10.0,40.0,2025-04-06
L04888,SUBJ163,V0978,Hemoglobin,13.12,12.0,16.0,2025-04-06
L04889,SUBJ163,V0978,WBC,7.02,4.0,11.0,2025-04-06
L04890,SUBJ163,V0978,Creatinine,0.88,0.6,1.3,2025-04-06
L04891,SUBJ164,V0979,ALT,28.16,7.0,56.0,2025-01-15
L04892,SUBJ164,V0979,AST,35.62,10.0,40.0,2025-01-15
L04893,SUBJ164,V0979,Hemoglobin,14.83,12.0,16.0,2025-01-15
L04894,SUBJ164,V0979,WBC,6.29,4.0,11.0,2025-01-15
L04895,SUBJ164,V0979,Creatinine,0.61,0.6,1.3,2025-01-15
L04896,SUBJ164,V0980,ALT,39.37,7.0,56.0,2025-01-23
L04897,SUBJ164,V0980,AST,25.86,10.0,40.0,2025-01-23
L04898,SUBJ164,V0980,Hemoglobin,14.92,12.0,16.0,2025-01-23
L04899,SUBJ164,V0980,WBC,5.51,4.0,11.0,2025-01-23
L04900,SUBJ164,V0980,Creatinine,,0.6,1.3,2025-01-23
L04901,SUBJ164,V0981,ALT,49.71,7.0,56.0,2025-01-31
L04902,SUBJ164,V0981,AST,20.22,10.0,40.0,2025-01-31
L04903,SUBJ164,V0981,Hemoglobin,15.4,12.0,16.0,2025-01-31
L04904,SUBJ164,V0981,WBC,4.26,4.0,11.0,2025-01-31
L04905,SUBJ164,V0981,Creatinine,0.75,0.6,1.3,2025-01-31
L04906,SUBJ164,V0982,ALT,40.87,7.0,56.0,2025-02-06
L04907,SUBJ164,V0982,AST,8.49,10.0,40.0,2025-02-06
L04908,SUBJ164,V0982,Hemoglobin,14.01,12.0,16.0,2025-02-06
L04909,SUBJ164,V0982,WBC,10.46,4.0,11.0,2025-02-06
L04910,SUBJ164,V0982,Creatinine,1.05,0.6,1.3,2025-02-06
L04911,SUBJ164,V0983,ALT,16.3,7.0,56.0,2025-02-14
L04912,SUBJ164,V0983,AST,20.37,10.0,40.0,2025-02-14
L04913,SUBJ164,V0983,Hemoglobin,15.12,12.0,16.0,2025-02-14
L04914,SUBJ164,V0983,WBC,7.68,4.0,11.0,2025-02-14
L04915,SUBJ164,V0983,Creatinine,7.05,0.6,1.3,2025-02-14
L04916,SUBJ164,V0984,ALT,38.24,7.0,56.0,2025-02-20
L04917,SUBJ164,V0984,AST,22.92,10.0,40.0,2025-02-20
L04918,SUBJ164,V0984,Hemoglobin,13.4,12.0,16.0,2025-02-20
L04919,SUBJ164,V0984,WBC,9.79,4.0,11.0,2025-02-20
L04920,SUBJ164,V0984,Creatinine,1.23,0.6,1.3,2025-02-20
L04921,SUBJ165,V0985,ALT,41.59,7.0,56.0,2025-02-14
L04922,SUBJ165,V0985,AST,43.34,10.0,40.0,2025-02-14
L04923,SUBJ165,V0985,Hemoglobin,12.25,12.0,16.0,2025-02-14
L04924,SUBJ165,V0985,WBC,5.93,4.0,11.0,2025-02-14
L04925,SUBJ165,V0985,Creatinine,1.05,0.6,1.3,2025-02-14
L04926,SUBJ165,V0986,ALT,12.81,7.0,56.0,2025-02-21
L04927,SUBJ165,V0986,AST,10.6,10.0,40.0,2025-02-21
L04928,SUBJ165,V0986,Hemoglobin,13.26,12.0,16.0,2025-02-21
L04929,SUBJ165,V0986,WBC,5.33,4.0,11.0,2025-02-21
L04930,SUBJ165,V0986,Creatinine,,0.6,1.3,2025-02-21
L04931,SUBJ165,V0987,ALT,43.34,7.0,56.0,2025-03-03
L04932,SUBJ165,V0987,AST,34.19,10.0,40.0,2025-03-03
L04933,SUBJ165,V0987,Hemoglobin,13.84,12.0,16.0,2025-03-03
L04934,SUBJ165,V0987,WBC,9.45,4.0,11.0,2025-03-03
L04935,SUBJ165,V0987,Creatinine,0.95,0.6,1.3,2025-03-03
L04936,SUBJ165,V0988,ALT,11.43,7.0,56.0,2025-03-08
L04937,SUBJ165,V0988,AST,19.71,10.0,40.0,2025-03-08
L04938,SUBJ165,V0988,Hemoglobin,15.18,12.0,16.0,2025-03-08
L04939,SUBJ165,V0988,WBC,9.36,4.0,11.0,2025-03-08
L04940,SUBJ165,V0988,Creatinine,0.95,0.6,1.3,2025-03-08
L04941,SUBJ165,V0989,ALT,,7.0,56.0,2025-03-16
L04942,SUBJ165,V0989,AST,34.7,10.0,40.0,2025-03-16
L04943,SUBJ165,V0989,Hemoglobin,12.39,12.0,16.0,2025-03-16
L04944,SUBJ165,V0989,WBC,10.71,4.0,11.0,2025-03-16
L04945,SUBJ165,V0989,Creatinine,0.8,0.6,1.3,2025-03-16
L04946,SUBJ165,V0990,ALT,44.87,7.0,56.0,2025-03-23
L04947,SUBJ165,V0990,AST,37.8,10.0,40.0,2025-03-23
L04948,SUBJ165,V0990,Hemoglobin,9.45,12.0,16.0,2025-03-23
L04949,SUBJ165,V0990,WBC,8.88,4.0,11.0,2025-03-23
L04950,SUBJ165,V0990,Creatinine,0.77,0.6,1.3,2025-03-23
L04951,SUBJ166,V0991,ALT,37.13,7.0,56.0,2025-02-22
L04952,SUBJ166,V0991,AST,24.21,10.0,40.0,2025-02-22
L04953,SUBJ166,V0991,Hemoglobin,12.36,12.0,16.0,2025-02-22
L04954,SUBJ166,V0991,WBC,1.56,4.0,11.0,2025-02-22
L04955,SUBJ166,V0991,Creatinine,-0.65,0.6,1.3,2025-02-22
L04956,SUBJ166,V0992,ALT,26.02,7.0,56.0,2025-02-27
L04957,SUBJ166,V0992,AST,28.87,10.0,40.0,2025-02-27
L04958,SUBJ166,V0992,Hemoglobin,,12.0,16.0,2025-02-27
L04959,SUBJ166,V0992,WBC,8.28,4.0,11.0,2025-02-27
L04960,SUBJ166,V0992,Creatinine,0.93,0.6,1.3,2025-02-27
L04961,SUBJ166,V0993,ALT,29.11,7.0,56.0,2025-03-08
L04962,SUBJ166,V0993,AST,25.08,10.0,40.0,2025-03-08
L04963,SUBJ166,V0993,Hemoglobin,12.3,12.0,16.0,2025-03-08
L04964,SUBJ166,V0993,WBC,4.03,4.0,11.0,2025-03-08
L04965,SUBJ166,V0993,Creatinine,0.87,0.6,1.3,2025-03-08
L04966,SUBJ166,V0994,ALT,40.67,7.0,56.0,2025-03-17
L04967,SUBJ166,V0994,AST,34.06,10.0,40.0,2025-03-17
L04968,SUBJ166,V0994,Hemoglobin,13.15,12.0,16.0,2025-03-17
L04969,SUBJ166,V0994,WBC,6.17,4.0,11.0,2025-03-17
L04970,SUBJ166,V0994,Creatinine,1.02,0.6,1.3,2025-03-17
L04971,SUBJ166,V0995,ALT,7.69,7.0,56.0,2025-03-20
L04972,SUBJ166,V0995,AST,31.93,10.0,40.0,2025-03-20
L04973,SUBJ166,V0995,Hemoglobin,13.51,12.0,16.0,2025-03-20
L04974,SUBJ166,V0995,WBC,9.21,4.0,11.0,2025-03-20
L04975,SUBJ166,V0995,Creatinine,1.3,0.6,1.3,2025-03-20
L04976,SUBJ166,V0996,ALT,45.64,7.0,56.0,2025-03-29
L04977,SUBJ166,V0996,AST,26.85,10.0,40.0,2025-03-29
L04978,SUBJ166,V0996,Hemoglobin,,12.0,16.0,2025-03-29
L04979,SUBJ166,V0996,WBC,10.49,4.0,11.0,2025-03-29
L04980,SUBJ166,V0996,Creatinine,0.62,0.6,1.3,2025-03-29
L04981,SUBJ167,V0997,ALT,,7.0,56.0,2025-01-17
L04982,SUBJ167,V0997,AST,21.0,10.0,40.0,2025-01-17
L04983,SUBJ167,V0997,Hemoglobin,15.91,12.0,16.0,2025-01-17
L04984,SUBJ167,V0997,WBC,7.63,4.0,11.0,2025-01-17
L04985,SUBJ167,V0997,Creatinine,0.96,0.6,1.3,2025-01-17
L04986,SUBJ167,V0998,ALT,13.15,7.0,56.0,2025-01-23
L04987,SUBJ167,V0998,AST,19.25,10.0,40.0,2025-01-23
L04988,SUBJ167,V0998,Hemoglobin,14.56,12.0,16.0,2025-01-23
L04989,SUBJ167,V0998,WBC,6.5,4.0,11.0,2025-01-23
L04990,SUBJ167,V0998,Creatinine,1.26,0.6,1.3,2025-01-23
L04991,SUBJ167,V0999,ALT,58.33,7.0,56.0,2025-01-30
L04992,SUBJ167,V0999,AST,41.85,10.0,40.0,2025-01-30
L04993,SUBJ167,V0999,Hemoglobin,13.71,12.0,16.0,2025-01-30
L04994,SUBJ167,V0999,WBC,7.79,4.0,11.0,2025-01-30
L04995,SUBJ167,V0999,Creatinine,0.95,0.6,1.3,2025-01-30
L04996,SUBJ167,V1000,ALT,40.55,7.0,56.0,2025-02-10
L04997,SUBJ167,V1000,AST,12.39,10.0,40.0,2025-02-10
L04998,SUBJ167,V1000,Hemoglobin,15.47,12.0,16.0,2025-02-10
L04999,SUBJ167,V1000,WBC,10.53,4.0,11.0,2025-02-10
L05000,SUBJ167,V1000,Creatinine,0.93,0.6,1.3,2025-02-10
L05001,SUBJ167,V1001,ALT,10.51,7.0,56.0,2025-02-16
L05002,SUBJ167,V1001,AST,28.95,10.0,40.0,2025-02-16
L05003,SUBJ167,V1001,Hemoglobin,12.83,12.0,16.0,2025-02-16
L05004,SUBJ167,V1001,WBC,6.87,4.0,11.0,2025-02-16
L05005,SUBJ167,V1001,Creatinine,0.73,0.6,1.3,2025-02-16
L05006,SUBJ167,V1002,ALT,57.63,7.0,56.0,2025-02-22
L05007,SUBJ167,V1002,AST,21.86,10.0,40.0,2025-02-22
L05008,SUBJ167,V1002,Hemoglobin,14.7,12.0,16.0,2025-02-22
L05009,SUBJ167,V1002,WBC,8.65,4.0,11.0,2025-02-22
L05010,SUBJ167,V1002,Creatinine,1.18,0.6,1.3,2025-02-22
L05011,SUBJ168,V1003,ALT,15.15,7.0,56.0,2025-03-02
L05012,SUBJ168,V1003,AST,11.89,10.0,40.0,2025-03-02
L05013,SUBJ168,V1003,Hemoglobin,12.2,12.0,16.0,2025-03-02
L05014,SUBJ168,V1003,WBC,15.81,4.0,11.0,2025-03-02
L05015,SUBJ168,V1003,Creatinine,0.91,0.6,1.3,2025-03-02
L05016,SUBJ168,V1004,ALT,12.88,7.0,56.0,2025-03-07
L05017,SUBJ168,V1004,AST,43.75,10.0,40.0,2025-03-07
L05018,SUBJ168,V1004,Hemoglobin,14.68,12.0,16.0,2025-03-07
L05019,SUBJ168,V1004,WBC,2.18,4.0,11.0,2025-03-07
L05020,SUBJ168,V1004,Creatinine,1.2,0.6,1.3,2025-03-07
L05021,SUBJ168,V1005,ALT,29.26,7.0,56.0,2025-03-15
L05022,SUBJ168,V1005,AST,24.21,10.0,40.0,2025-03-15
L05023,SUBJ168,V1005,Hemoglobin,9.16,12.0,16.0,2025-03-15
L05024,SUBJ168,V1005,WBC,5.35,4.0,11.0,2025-03-15
L05025,SUBJ168,V1005,Creatinine,1.03,0.6,1.3,2025-03-15
L05026,SUBJ168,V1006,ALT,14.56,7.0,56.0,2025-03-24
L05027,SUBJ168,V1006,AST,22.83,10.0,40.0,2025-03-24
L05028,SUBJ168,V1006,Hemoglobin,14.56,12.0,16.0,2025-03-24
L05029,SUBJ168,V1006,WBC,5.59,4.0,11.0,2025-03-24
L05030,SUBJ168,V1006,Creatinine,1.03,0.6,1.3,2025-03-24
L05031,SUBJ168,V1007,ALT,43.62,7.0,56.0,2025-03-30
L05032,SUBJ168,V1007,AST,32.36,10.0,40.0,2025-03-30
L05033,SUBJ168,V1007,Hemoglobin,19.54,12.0,16.0,2025-03-30
L05034,SUBJ168,V1007,WBC,5.61,4.0,11.0,2025-03-30
L05035,SUBJ168,V1007,Creatinine,0.99,0.6,1.3,2025-03-30
L05036,SUBJ168,V1008,ALT,22.24,7.0,56.0,2025-04-04
L05037,SUBJ168,V1008,AST,26.96,10.0,40.0,2025-04-04
L05038,SUBJ168,V1008,Hemoglobin,,12.0,16.0,2025-04-04
L05039,SUBJ168,V1008,WBC,9.13,4.0,11.0,2025-04-04
L05040,SUBJ168,V1008,Creatinine,0.95,0.6,1.3,2025-04-04
L05041,SUBJ169,V1009,ALT,11.1,7.0,56.0,2025-03-30
L05042,SUBJ169,V1009,AST,13.35,10.0,40.0,2025-03-30
L05043,SUBJ169,V1009,Hemoglobin,10.08,12.0,16.0,2025-03-30
L05044,SUBJ169,V1009,WBC,9.76,4.0,11.0,2025-03-30
L05045,SUBJ169,V1009,Creatinine,0.65,0.6,1.3,2025-03-30
L05046,SUBJ169,V1010,ALT,41.12,7.0,56.0,2025-04-09
L05047,SUBJ169,V1010,AST,10.68,10.0,40.0,2025-04-09
L05048,SUBJ169,V1010,Hemoglobin,,12.0,16.0,2025-04-09
L05049,SUBJ169,V1010,WBC,,4.0,11.0,2025-04-09
L05050,SUBJ169,V1010,Creatinine,0.77,0.6,1.3,2025-04-09
L05051,SUBJ169,V1011,ALT,35.42,7.0,56.0,2025-04-17
L05052,SUBJ169,V1011,AST,36.36,10.0,40.0,2025-04-17
L05053,SUBJ169,V1011,Hemoglobin,12.68,12.0,16.0,2025-04-17
L05054,SUBJ169,V1011,WBC,10.73,4.0,11.0,2025-04-17
L05055,SUBJ169,V1011,Creatinine,8.71,0.6,1.3,2025-04-17
L05056,SUBJ169,V1012,ALT,,7.0,56.0,2025-04-22
L05057,SUBJ169,V1012,AST,11.76,10.0,40.0,2025-04-22
L05058,SUBJ169,V1012,Hemoglobin,15.91,12.0,16.0,2025-04-22
L05059,SUBJ169,V1012,WBC,7.03,4.0,11.0,2025-04-22
L05060,SUBJ169,V1012,Creatinine,1.07,0.6,1.3,2025-04-22
L05061,SUBJ169,V1013,ALT,51.86,7.0,56.0,2025-04-28
L05062,SUBJ169,V1013,AST,35.83,10.0,40.0,2025-04-28
L05063,SUBJ169,V1013,Hemoglobin,12.44,12.0,16.0,2025-04-28
L05064,SUBJ169,V1013,WBC,10.19,4.0,11.0,2025-04-28
L05065,SUBJ169,V1013,Creatinine,1.24,0.6,1.3,2025-04-28
L05066,SUBJ169,V1014,ALT,37.33,7.0,56.0,2025-05-04
L05067,SUBJ169,V1014,AST,33.33,10.0,40.0,2025-05-04
L05068,SUBJ169,V1014,Hemoglobin,,12.0,16.0,2025-05-04
L05069,SUBJ169,V1014,WBC,6.32,4.0,11.0,2025-05-04
L05070,SUBJ169,V1014,Creatinine,1.22,0.6,1.3,2025-05-04
L05071,SUBJ170,V1015,ALT,36.6,7.0,56.0,2025-01-24
L05072,SUBJ170,V1015,AST,38.81,10.0,40.0,2025-01-24
L05073,SUBJ170,V1015,Hemoglobin,12.5,12.0,16.0,2025-01-24
L05074,SUBJ170,V1015,WBC,10.22,4.0,11.0,2025-01-24
L05075,SUBJ170,V1015,Creatinine,0.72,0.6,1.3,2025-01-24
L05076,SUBJ170,V1016,ALT,44.57,7.0,56.0,2025-01-30
L05077,SUBJ170,V1016,AST,30.18,10.0,40.0,2025-01-30
L05078,SUBJ170,V1016,Hemoglobin,12.88,12.0,16.0,2025-01-30
L05079,SUBJ170,V1016,WBC,7.03,4.0,11.0,2025-01-30
L05080,SUBJ170,V1016,Creatinine,0.6,0.6,1.3,2025-01-30
L05081,SUBJ170,V1017,ALT,34.89,7.0,56.0,2025-02-06
L05082,SUBJ170,V1017,AST,13.95,10.0,40.0,2025-02-06
L05083,SUBJ170,V1017,Hemoglobin,14.59,12.0,16.0,2025-02-06
L05084,SUBJ170,V1017,WBC,7.7,4.0,11.0,2025-02-06
L05085,SUBJ170,V1017,Creatinine,1.27,0.6,1.3,2025-02-06
L05086,SUBJ170,V1018,ALT,13.42,7.0,56.0,2025-02-13
L05087,SUBJ170,V1018,AST,14.98,10.0,40.0,2025-02-13
L05088,SUBJ170,V1018,Hemoglobin,15.41,12.0,16.0,2025-02-13
L05089,SUBJ170,V1018,WBC,10.57,4.0,11.0,2025-02-13
L05090,SUBJ170,V1018,Creatinine,1.26,0.6,1.3,2025-02-13
L05091,SUBJ170,V1019,ALT,5.24,7.0,56.0,2025-02-22
L05092,SUBJ170,V1019,AST,8.61,10.0,40.0,2025-02-22
L05093,SUBJ170,V1019,Hemoglobin,12.42,12.0,16.0,2025-02-22
L05094,SUBJ170,V1019,WBC,4.22,4.0,11.0,2025-02-22
L05095,SUBJ170,V1019,Creatinine,1.07,0.6,1.3,2025-02-22
L05096,SUBJ170,V1020,ALT,5.02,7.0,56.0,2025-02-26
L05097,SUBJ170,V1020,AST,10.03,10.0,40.0,2025-02-26
L05098,SUBJ170,V1020,Hemoglobin,14.17,12.0,16.0,2025-02-26
L05099,SUBJ170,V1020,WBC,,4.0,11.0,2025-02-26
L05100,SUBJ170,V1020,Creatinine,0.94,0.6,1.3,2025-02-26
L05101,SUBJ171,V1021,ALT,5.29,7.0,56.0,2025-03-18
L05102,SUBJ171,V1021,AST,23.37,10.0,40.0,2025-03-18
L05103,SUBJ171,V1021,Hemoglobin,15.99,12.0,16.0,2025-03-18
L05104,SUBJ171,V1021,WBC,4.77,4.0,11.0,2025-03-18
L05105,SUBJ171,V1021,Creatinine,1.09,0.6,1.3,2025-03-18
L05106,SUBJ171,V1022,ALT,33.91,7.0,56.0,2025-03-28
L05107,SUBJ171,V1022,AST,26.83,10.0,40.0,2025-03-28
L05108,SUBJ171,V1022,Hemoglobin,16.0,12.0,16.0,2025-03-28
L05109,SUBJ171,V1022,WBC,4.26,4.0,11.0,2025-03-28
L05110,SUBJ171,V1022,Creatinine,3.38,0.6,1.3,2025-03-28
L05111,SUBJ171,V1023,ALT,19.74,7.0,56.0,2025-04-05
L05112,SUBJ171,V1023,AST,35.42,10.0,40.0,2025-04-05
L05113,SUBJ171,V1023,Hemoglobin,,12.0,16.0,2025-04-05
L05114,SUBJ171,V1023,WBC,4.14,4.0,11.0,2025-04-05
L05115,SUBJ171,V1023,Creatinine,0.75,0.6,1.3,2025-04-05
L05116,SUBJ171,V1024,ALT,46.26,7.0,56.0,2025-04-09
L05117,SUBJ171,V1024,AST,38.2,10.0,40.0,2025-04-09
L05118,SUBJ171,V1024,Hemoglobin,9.98,12.0,16.0,2025-04-09
L05119,SUBJ171,V1024,WBC,,4.0,11.0,2025-04-09
L05120,SUBJ171,V1024,Creatinine,0.95,0.6,1.3,2025-04-09
L05121,SUBJ171,V1025,ALT,16.15,7.0,56.0,2025-04-17
L05122,SUBJ171,V1025,AST,27.87,10.0,40.0,2025-04-17
L05123,SUBJ171,V1025,Hemoglobin,14.5,12.0,16.0,2025-04-17
L05124,SUBJ171,V1025,WBC,4.47,4.0,11.0,2025-04-17
L05125,SUBJ171,V1025,Creatinine,1.17,0.6,1.3,2025-04-17
L05126,SUBJ171,V1026,ALT,49.86,7.0,56.0,2025-04-23
L05127,SUBJ171,V1026,AST,8.27,10.0,40.0,2025-04-23
L05128,SUBJ171,V1026,Hemoglobin,10.07,12.0,16.0,2025-04-23
L05129,SUBJ171,V1026,WBC,6.99,4.0,11.0,2025-04-23
L05130,SUBJ171,V1026,Creatinine,0.64,0.6,1.3,2025-04-23
L05131,SUBJ172,V1027,ALT,53.96,7.0,56.0,2025-02-05
L05132,SUBJ172,V1027,AST,,10.0,40.0,2025-02-05
L05133,SUBJ172,V1027,Hemoglobin,15.99,12.0,16.0,2025-02-05
L05134,SUBJ172,V1027,WBC,5.54,4.0,11.0,2025-02-05
L05135,SUBJ172,V1027,Creatinine,0.78,0.6,1.3,2025-02-05
L05136,SUBJ172,V1028,ALT,36.18,7.0,56.0,2025-02-13
L05137,SUBJ172,V1028,AST,32.96,10.0,40.0,2025-02-13
L05138,SUBJ172,V1028,Hemoglobin,19.79,12.0,16.0,2025-02-13
L05139,SUBJ172,V1028,WBC,6.14,4.0,11.0,2025-02-13
L05140,SUBJ172,V1028,Creatinine,0.85,0.6,1.3,2025-02-13
L05141,SUBJ172,V1029,ALT,9.89,7.0,56.0,2025-02-18
L05142,SUBJ172,V1029,AST,21.79,10.0,40.0,2025-02-18
L05143,SUBJ172,V1029,Hemoglobin,13.84,12.0,16.0,2025-02-18
L05144,SUBJ172,V1029,WBC,7.65,4.0,11.0,2025-02-18
L05145,SUBJ172,V1029,Creatinine,0.83,0.6,1.3,2025-02-18
L05146,SUBJ172,V1030,ALT,5.72,7.0,56.0,2025-02-26
L05147,SUBJ172,V1030,AST,27.77,10.0,40.0,2025-02-26
L05148,SUBJ172,V1030,Hemoglobin,13.58,12.0,16.0,2025-02-26
L05149,SUBJ172,V1030,WBC,6.89,4.0,11.0,2025-02-26
L05150,SUBJ172,V1030,Creatinine,0.98,0.6,1.3,2025-02-26
L05151,SUBJ172,V1031,ALT,48.34,7.0,56.0,2025-03-07
L05152,SUBJ172,V1031,AST,38.68,10.0,40.0,2025-03-07
L05153,SUBJ172,V1031,Hemoglobin,15.24,12.0,16.0,2025-03-07
L05154,SUBJ172,V1031,WBC,9.69,4.0,11.0,2025-03-07
L05155,SUBJ172,V1031,Creatinine,,0.6,1.3,2025-03-07
L05156,SUBJ172,V1032,ALT,13.94,7.0,56.0,2025-03-11
L05157,SUBJ172,V1032,AST,39.54,10.0,40.0,2025-03-11
L05158,SUBJ172,V1032,Hemoglobin,10.59,12.0,16.0,2025-03-11
L05159,SUBJ172,V1032,WBC,,4.0,11.0,2025-03-11
L05160,SUBJ172,V1032,Creatinine,0.62,0.6,1.3,2025-03-11
L05161,SUBJ173,V1033,ALT,5.93,7.0,56.0,2025-02-26
L05162,SUBJ173,V1033,AST,17.38,10.0,40.0,2025-02-26
L05163,SUBJ173,V1033,Hemoglobin,14.74,12.0,16.0,2025-02-26
L05164,SUBJ173,V1033,WBC,8.47,4.0,11.0,2025-02-26
L05165,SUBJ173,V1033,Creatinine,0.62,0.6,1.3,2025-02-26
L05166,SUBJ173,V1034,ALT,28.01,7.0,56.0,2025-03-07
L05167,SUBJ173,V1034,AST,38.07,10.0,40.0,2025-03-07
L05168,SUBJ173,V1034,Hemoglobin,13.06,12.0,16.0,2025-03-07
L05169,SUBJ173,V1034,WBC,6.61,4.0,11.0,2025-03-07
L05170,SUBJ173,V1034,Creatinine,0.93,0.6,1.3,2025-03-07
L05171,SUBJ173,V1035,ALT,28.55,7.0,56.0,2025-03-15
L05172,SUBJ173,V1035,AST,35.7,10.0,40.0,2025-03-15
L05173,SUBJ173,V1035,Hemoglobin,14.17,12.0,16.0,2025-03-15
L05174,SUBJ173,V1035,WBC,10.91,4.0,11.0,2025-03-15
L05175,SUBJ173,V1035,Creatinine,0.87,0.6,1.3,2025-03-15
L05176,SUBJ173,V1036,ALT,34.04,7.0,56.0,2025-03-21
L05177,SUBJ173,V1036,AST,29.01,10.0,40.0,2025-03-21
L05178,SUBJ173,V1036,Hemoglobin,13.12,12.0,16.0,2025-03-21
L05179,SUBJ173,V1036,WBC,15.13,4.0,11.0,2025-03-21
L05180,SUBJ173,V1036,Creatinine,0.9,0.6,1.3,2025-03-21
L05181,SUBJ173,V1037,ALT,40.96,7.0,56.0,2025-03-28
L05182,SUBJ173,V1037,AST,25.87,10.0,40.0,2025-03-28
L05183,SUBJ173,V1037,Hemoglobin,20.77,12.0,16.0,2025-03-28
L05184,SUBJ173,V1037,WBC,7.74,4.0,11.0,2025-03-28
L05185,SUBJ173,V1037,Creatinine,0.64,0.6,1.3,2025-03-28
L05186,SUBJ173,V1038,ALT,28.1,7.0,56.0,2025-04-04
L05187,SUBJ173,V1038,AST,,10.0,40.0,2025-04-04
L05188,SUBJ173,V1038,Hemoglobin,13.85,12.0,16.0,2025-04-04
L05189,SUBJ173,V1038,WBC,8.62,4.0,11.0,2025-04-04
L05190,SUBJ173,V1038,Creatinine,1.21,0.6,1.3,2025-04-04
L05191,SUBJ174,V1039,ALT,38.19,7.0,56.0,2025-03-19
L05192,SUBJ174,V1039,AST,20.02,10.0,40.0,2025-03-19
L05193,SUBJ174,V1039,Hemoglobin,14.88,12.0,16.0,2025-03-19
L05194,SUBJ174,V1039,WBC,7.35,4.0,11.0,2025-03-19
L05195,SUBJ174,V1039,Creatinine,,0.6,1.3,2025-03-19
L05196,SUBJ174,V1040,ALT,39.64,7.0,56.0,2025-03-25
L05197,SUBJ174,V1040,AST,,10.0,40.0,2025-03-25
L05198,SUBJ174,V1040,Hemoglobin,12.32,12.0,16.0,2025-03-25
L05199,SUBJ174,V1040,WBC,10.02,4.0,11.0,2025-03-25
L05200,SUBJ174,V1040,Creatinine,1.09,0.6,1.3,2025-03-25
L05201,SUBJ174,V1041,ALT,,7.0,56.0,2025-04-05
L05202,SUBJ174,V1041,AST,41.15,10.0,40.0,2025-04-05
L05203,SUBJ174,V1041,Hemoglobin,,12.0,16.0,2025-04-05
L05204,SUBJ174,V1041,WBC,10.0,4.0,11.0,2025-04-05
L05205,SUBJ174,V1041,Creatinine,-0.62,0.6,1.3,2025-04-05
L05206,SUBJ174,V1042,ALT,34.31,7.0,56.0,2025-04-12
L05207,SUBJ174,V1042,AST,39.83,10.0,40.0,2025-04-12
L05208,SUBJ174,V1042,Hemoglobin,15.57,12.0,16.0,2025-04-12
L05209,SUBJ174,V1042,WBC,7.49,4.0,11.0,2025-04-12
L05210,SUBJ174,V1042,Creatinine,1.11,0.6,1.3,2025-04-12
L05211,SUBJ174,V1043,ALT,63.5,7.0,56.0,2025-04-16
L05212,SUBJ174,V1043,AST,,10.0,40.0,2025-04-16
L05213,SUBJ174,V1043,Hemoglobin,15.01,12.0,16.0,2025-04-16
L05214,SUBJ174,V1043,WBC,10.94,4.0,11.0,2025-04-16
L05215,SUBJ174,V1043,Creatinine,0.86,0.6,1.3,2025-04-16
L05216,SUBJ174,V1044,ALT,,7.0,56.0,2025-04-22
L05217,SUBJ174,V1044,AST,13.86,10.0,40.0,2025-04-22
L05218,SUBJ174,V1044,Hemoglobin,13.09,12.0,16.0,2025-04-22
L05219,SUBJ174,V1044,WBC,8.38,4.0,11.0,2025-04-22
L05220,SUBJ174,V1044,Creatinine,,0.6,1.3,2025-04-22
L05221,SUBJ175,V1045,ALT,37.06,7.0,56.0,2025-03-08
L05222,SUBJ175,V1045,AST,37.16,10.0,40.0,2025-03-08
L05223,SUBJ175,V1045,Hemoglobin,,12.0,16.0,2025-03-08
L05224,SUBJ175,V1045,WBC,9.79,4.0,11.0,2025-03-08
L05225,SUBJ175,V1045,Creatinine,0.9,0.6,1.3,2025-03-08
L05226,SUBJ175,V1046,ALT,43.03,7.0,56.0,2025-03-12
L05227,SUBJ175,V1046,AST,18.84,10.0,40.0,2025-03-12
L05228,SUBJ175,V1046,Hemoglobin,13.96,12.0,16.0,2025-03-12
L05229,SUBJ175,V1046,WBC,1.48,4.0,11.0,2025-03-12
L05230,SUBJ175,V1046,Creatinine,1.15,0.6,1.3,2025-03-12
L05231,SUBJ175,V1047,ALT,20.15,7.0,56.0,2025-03-20
L05232,SUBJ175,V1047,AST,30.7,10.0,40.0,2025-03-20
L05233,SUBJ175,V1047,Hemoglobin,14.84,12.0,16.0,2025-03-20
L05234,SUBJ175,V1047,WBC,7.04,4.0,11.0,2025-03-20
L05235,SUBJ175,V1047,Creatinine,1.2,0.6,1.3,2025-03-20
L05236,SUBJ175,V1048,ALT,43.25,7.0,56.0,2025-03-25
L05237,SUBJ175,V1048,AST,10.59,10.0,40.0,2025-03-25
L05238,SUBJ175,V1048,Hemoglobin,16.0,12.0,16.0,2025-03-25
L05239,SUBJ175,V1048,WBC,8.01,4.0,11.0,2025-03-25
L05240,SUBJ175,V1048,Creatinine,0.86,0.6,1.3,2025-03-25
L05241,SUBJ175,V1049,ALT,48.91,7.0,56.0,2025-04-02
L05242,SUBJ175,V1049,AST,7.49,10.0,40.0,2025-04-02
L05243,SUBJ175,V1049,Hemoglobin,12.59,12.0,16.0,2025-04-02
L05244,SUBJ175,V1049,WBC,8.8,4.0,11.0,2025-04-02
L05245,SUBJ175,V1049,Creatinine,1.12,0.6,1.3,2025-04-02
L05246,SUBJ175,V1050,ALT,49.98,7.0,56.0,2025-04-12
L05247,SUBJ175,V1050,AST,38.62,10.0,40.0,2025-04-12
L05248,SUBJ175,V1050,Hemoglobin,14.55,12.0,16.0,2025-04-12
L05249,SUBJ175,V1050,WBC,5.57,4.0,11.0,2025-04-12
L05250,SUBJ175,V1050,Creatinine,0.79,0.6,1.3,2025-04-12
L05251,SUBJ176,V1051,ALT,4.47,7.0,56.0,2025-03-10
L05252,SUBJ176,V1051,AST,19.52,10.0,40.0,2025-03-10
L05253,SUBJ176,V1051,Hemoglobin,14.84,12.0,16.0,2025-03-10
L05254,SUBJ176,V1051,WBC,5.1,4.0,11.0,2025-03-10
L05255,SUBJ176,V1051,Creatinine,10.03,0.6,1.3,2025-03-10
L05256,SUBJ176,V1052,ALT,25.28,7.0,56.0,2025-03-18
L05257,SUBJ176,V1052,AST,39.63,10.0,40.0,2025-03-18
L05258,SUBJ176,V1052,Hemoglobin,17.13,12.0,16.0,2025-03-18
L05259,SUBJ176,V1052,WBC,5.29,4.0,11.0,2025-03-18
L05260,SUBJ176,V1052,Creatinine,1.03,0.6,1.3,2025-03-18
L05261,SUBJ176,V1053,ALT,8.25,7.0,56.0,2025-03-23
L05262,SUBJ176,V1053,AST,12.09,10.0,40.0,2025-03-23
L05263,SUBJ176,V1053,Hemoglobin,13.36,12.0,16.0,2025-03-23
L05264,SUBJ176,V1053,WBC,6.78,4.0,11.0,2025-03-23
L05265,SUBJ176,V1053,Creatinine,0.92,0.6,1.3,2025-03-23
L05266,SUBJ176,V1054,ALT,29.8,7.0,56.0,2025-03-30
L05267,SUBJ176,V1054,AST,10.07,10.0,40.0,2025-03-30
L05268,SUBJ176,V1054,Hemoglobin,13.63,12.0,16.0,2025-03-30
L05269,SUBJ176,V1054,WBC,9.97,4.0,11.0,2025-03-30
L05270,SUBJ176,V1054,Creatinine,0.69,0.6,1.3,2025-03-30
L05271,SUBJ176,V1055,ALT,26.64,7.0,56.0,2025-04-06
L05272,SUBJ176,V1055,AST,22.56,10.0,40.0,2025-04-06
L05273,SUBJ176,V1055,Hemoglobin,12.96,12.0,16.0,2025-04-06
L05274,SUBJ176,V1055,WBC,6.32,4.0,11.0,2025-04-06
L05275,SUBJ176,V1055,Creatinine,0.84,0.6,1.3,2025-04-06
L05276,SUBJ176,V1056,ALT,57.94,7.0,56.0,2025-04-12
L05277,SUBJ176,V1056,AST,7.46,10.0,40.0,2025-04-12
L05278,SUBJ176,V1056,Hemoglobin,15.98,12.0,16.0,2025-04-12
L05279,SUBJ176,V1056,WBC,9.5,4.0,11.0,2025-04-12
L05280,SUBJ176,V1056,Creatinine,1.03,0.6,1.3,2025-04-12
L05281,SUBJ177,V1057,ALT,5.7,7.0,56.0,2025-02-23
L05282,SUBJ177,V1057,AST,28.44,10.0,40.0,2025-02-23
L05283,SUBJ177,V1057,Hemoglobin,12.72,12.0,16.0,2025-02-23
L05284,SUBJ177,V1057,WBC,10.66,4.0,11.0,2025-02-23
L05285,SUBJ177,V1057,Creatinine,-0.99,0.6,1.3,2025-02-23
L05286,SUBJ177,V1058,ALT,32.09,7.0,56.0,2025-02-28
L05287,SUBJ177,V1058,AST,17.24,10.0,40.0,2025-02-28
L05288,SUBJ177,V1058,Hemoglobin,20.78,12.0,16.0,2025-02-28
L05289,SUBJ177,V1058,WBC,5.43,4.0,11.0,2025-02-28
L05290,SUBJ177,V1058,Creatinine,0.73,0.6,1.3,2025-02-28
L05291,SUBJ177,V1059,ALT,62.78,7.0,56.0,2025-03-06
L05292,SUBJ177,V1059,AST,25.14,10.0,40.0,2025-03-06
L05293,SUBJ177,V1059,Hemoglobin,13.75,12.0,16.0,2025-03-06
L05294,SUBJ177,V1059,WBC,6.22,4.0,11.0,2025-03-06
L05295,SUBJ177,V1059,Creatinine,-1.22,0.6,1.3,2025-03-06
L05296,SUBJ177,V1060,ALT,25.2,7.0,56.0,2025-03-14
L05297,SUBJ177,V1060,AST,35.41,10.0,40.0,2025-03-14
L05298,SUBJ177,V1060,Hemoglobin,15.44,12.0,16.0,2025-03-14
L05299,SUBJ177,V1060,WBC,9.71,4.0,11.0,2025-03-14
L05300,SUBJ177,V1060,Creatinine,1.29,0.6,1.3,2025-03-14
L05301,SUBJ177,V1061,ALT,20.16,7.0,56.0,2025-03-21
L05302,SUBJ177,V1061,AST,,10.0,40.0,2025-03-21
L05303,SUBJ177,V1061,Hemoglobin,12.93,12.0,16.0,2025-03-21
L05304,SUBJ177,V1061,WBC,,4.0,11.0,2025-03-21
L05305,SUBJ177,V1061,Creatinine,1.1,0.6,1.3,2025-03-21
L05306,SUBJ177,V1062,ALT,53.21,7.0,56.0,2025-03-27
L05307,SUBJ177,V1062,AST,22.44,10.0,40.0,2025-03-27
L05308,SUBJ177,V1062,Hemoglobin,13.1,12.0,16.0,2025-03-27
L05309,SUBJ177,V1062,WBC,5.45,4.0,11.0,2025-03-27
L05310,SUBJ177,V1062,Creatinine,1.22,0.6,1.3,2025-03-27
L05311,SUBJ178,V1063,ALT,44.25,7.0,56.0,2025-03-26
L05312,SUBJ178,V1063,AST,12.57,10.0,40.0,2025-03-26
L05313,SUBJ178,V1063,Hemoglobin,15.83,12.0,16.0,2025-03-26
L05314,SUBJ178,V1063,WBC,7.74,4.0,11.0,2025-03-26
L05315,SUBJ178,V1063,Creatinine,-0.68,0.6,1.3,2025-03-26
L05316,SUBJ178,V1064,ALT,4.25,7.0,56.0,2025-04-01
L05317,SUBJ178,V1064,AST,32.45,10.0,40.0,2025-04-01
L05318,SUBJ178,V1064,Hemoglobin,14.94,12.0,16.0,2025-04-01
L05319,SUBJ178,V1064,WBC,8.33,4.0,11.0,2025-04-01
L05320,SUBJ178,V1064,Creatinine,0.81,0.6,1.3,2025-04-01
L05321,SUBJ178,V1065,ALT,34.64,7.0,56.0,2025-04-05
L05322,SUBJ178,V1065,AST,30.53,10.0,40.0,2025-04-05
L05323,SUBJ178,V1065,Hemoglobin,12.32,12.0,16.0,2025-04-05
L05324,SUBJ178,V1065,WBC,5.12,4.0,11.0,2025-04-05
L05325,SUBJ178,V1065,Creatinine,0.95,0.6,1.3,2025-04-05
L05326,SUBJ178,V1066,ALT,7.06,7.0,56.0,2025-04-16
L05327,SUBJ178,V1066,AST,17.1,10.0,40.0,2025-04-16
L05328,SUBJ178,V1066,Hemoglobin,12.4,12.0,16.0,2025-04-16
L05329,SUBJ178,V1066,WBC,10.3,4.0,11.0,2025-04-16
L05330,SUBJ178,V1066,Creatinine,0.9,0.6,1.3,2025-04-16
L05331,SUBJ178,V1067,ALT,13.57,7.0,56.0,2025-04-23
L05332,SUBJ178,V1067,AST,27.87,10.0,40.0,2025-04-23
L05333,SUBJ178,V1067,Hemoglobin,12.2,12.0,16.0,2025-04-23
L05334,SUBJ178,V1067,WBC,8.24,4.0,11.0,2025-04-23
L05335,SUBJ178,V1067,Creatinine,1.23,0.6,1.3,2025-04-23
L05336,SUBJ178,V1068,ALT,36.08,7.0,56.0,2025-04-30
L05337,SUBJ178,V1068,AST,,10.0,40.0,2025-04-30
L05338,SUBJ178,V1068,Hemoglobin,12.19,12.0,16.0,2025-04-30
L05339,SUBJ178,V1068,WBC,5.35,4.0,11.0,2025-04-30
L05340,SUBJ178,V1068,Creatinine,0.71,0.6,1.3,2025-04-30
L05341,SUBJ179,V1069,ALT,55.83,7.0,56.0,2025-03-21
L05342,SUBJ179,V1069,AST,35.58,10.0,40.0,2025-03-21
L05343,SUBJ179,V1069,Hemoglobin,15.82,12.0,16.0,2025-03-21
L05344,SUBJ179,V1069,WBC,4.42,4.0,11.0,2025-03-21
L05345,SUBJ179,V1069,Creatinine,0.99,0.6,1.3,2025-03-21
L05346,SUBJ179,V1070,ALT,62.82,7.0,56.0,2025-03-28
L05347,SUBJ179,V1070,AST,39.52,10.0,40.0,2025-03-28
L05348,SUBJ179,V1070,Hemoglobin,14.86,12.0,16.0,2025-03-28
L05349,SUBJ179,V1070,WBC,6.16,4.0,11.0,2025-03-28
L05350,SUBJ179,V1070,Creatinine,0.97,0.6,1.3,2025-03-28
L05351,SUBJ179,V1071,ALT,36.63,7.0,56.0,2025-04-04
L05352,SUBJ179,V1071,AST,21.48,10.0,40.0,2025-04-04
L05353,SUBJ179,V1071,Hemoglobin,12.52,12.0,16.0,2025-04-04
L05354,SUBJ179,V1071,WBC,4.06,4.0,11.0,2025-04-04
L05355,SUBJ179,V1071,Creatinine,,0.6,1.3,2025-04-04
L05356,SUBJ179,V1072,ALT,19.96,7.0,56.0,2025-04-10
L05357,SUBJ179,V1072,AST,18.78,10.0,40.0,2025-04-10
L05358,SUBJ179,V1072,Hemoglobin,12.75,12.0,16.0,2025-04-10
L05359,SUBJ179,V1072,WBC,5.83,4.0,11.0,2025-04-10
L05360,SUBJ179,V1072,Creatinine,0.94,0.6,1.3,2025-04-10
L05361,SUBJ179,V1073,ALT,27.29,7.0,56.0,2025-04-19
L05362,SUBJ179,V1073,AST,26.96,10.0,40.0,2025-04-19
L05363,SUBJ179,V1073,Hemoglobin,12.12,12.0,16.0,2025-04-19
L05364,SUBJ179,V1073,WBC,8.52,4.0,11.0,2025-04-19
L05365,SUBJ179,V1073,Creatinine,0.94,0.6,1.3,2025-04-19
L05366,SUBJ179,V1074,ALT,22.88,7.0,56.0,2025-04-24
L05367,SUBJ179,V1074,AST,32.55,10.0,40.0,2025-04-24
L05368,SUBJ179,V1074,Hemoglobin,15.37,12.0,16.0,2025-04-24
L05369,SUBJ179,V1074,WBC,9.72,4.0,11.0,2025-04-24
L05370,SUBJ179,V1074,Creatinine,0.65,0.6,1.3,2025-04-24
L05371,SUBJ180,V1075,ALT,48.8,7.0,56.0,2025-02-11
L05372,SUBJ180,V1075,AST,30.2,10.0,40.0,2025-02-11
L05373,SUBJ180,V1075,Hemoglobin,12.61,12.0,16.0,2025-02-11
L05374,SUBJ180,V1075,WBC,8.09,4.0,11.0,2025-02-11
L05375,SUBJ180,V1075,Creatinine,1.14,0.6,1.3,2025-02-11
L05376,SUBJ180,V1076,ALT,20.54,7.0,56.0,2025-02-21
L05377,SUBJ180,V1076,AST,,10.0,40.0,2025-02-21
L05378,SUBJ180,V1076,Hemoglobin,14.22,12.0,16.0,2025-02-21
L05379,SUBJ180,V1076,WBC,5.55,4.0,11.0,2025-02-21
L05380,SUBJ180,V1076,Creatinine,1.11,0.6,1.3,2025-02-21
L05381,SUBJ180,V1077,ALT,60.62,7.0,56.0,2025-02-27
L05382,SUBJ180,V1077,AST,11.94,10.0,40.0,2025-02-27
L05383,SUBJ180,V1077,Hemoglobin,12.13,12.0,16.0,2025-02-27
L05384,SUBJ180,V1077,WBC,7.58,4.0,11.0,2025-02-27
L05385,SUBJ180,V1077,Creatinine,1.28,0.6,1.3,2025-02-27
L05386,SUBJ180,V1078,ALT,20.8,7.0,56.0,2025-03-03
L05387,SUBJ180,V1078,AST,10.09,10.0,40.0,2025-03-03
L05388,SUBJ180,V1078,Hemoglobin,13.29,12.0,16.0,2025-03-03
L05389,SUBJ180,V1078,WBC,4.1,4.0,11.0,2025-03-03
L05390,SUBJ180,V1078,Creatinine,0.71,0.6,1.3,2025-03-03
L05391,SUBJ180,V1079,ALT,29.76,7.0,56.0,2025-03-10
L05392,SUBJ180,V1079,AST,39.22,10.0,40.0,2025-03-10
L05393,SUBJ180,V1079,Hemoglobin,14.68,12.0,16.0,2025-03-10
L05394,SUBJ180,V1079,WBC,,4.0,11.0,2025-03-10
L05395,SUBJ180,V1079,Creatinine,8.77,0.6,1.3,2025-03-10
L05396,SUBJ180,V1080,ALT,16.35,7.0,56.0,2025-03-21
L05397,SUBJ180,V1080,AST,36.24,10.0,40.0,2025-03-21
L05398,SUBJ180,V1080,Hemoglobin,14.58,12.0,16.0,2025-03-21
L05399,SUBJ180,V1080,WBC,6.78,4.0,11.0,2025-03-21
L05400,SUBJ180,V1080,Creatinine,1.0,0.6,1.3,2025-03-21
L05401,SUBJ181,V1081,ALT,41.76,7.0,56.0,2025-02-11
L05402,SUBJ181,V1081,AST,14.58,10.0,40.0,2025-02-11
L05403,SUBJ181,V1081,Hemoglobin,15.77,12.0,16.0,2025-02-11
L05404,SUBJ181,V1081,WBC,6.89,4.0,11.0,2025-02-11
L05405,SUBJ181,V1081,Creatinine,0.86,0.6,1.3,2025-02-11
L05406,SUBJ181,V1082,ALT,31.96,7.0,56.0,2025-02-16
L05407,SUBJ181,V1082,AST,33.1,10.0,40.0,2025-02-16
L05408,SUBJ181,V1082,Hemoglobin,13.78,12.0,16.0,2025-02-16
L05409,SUBJ181,V1082,WBC,7.19,4.0,11.0,2025-02-16
L05410,SUBJ181,V1082,Creatinine,0.71,0.6,1.3,2025-02-16
L05411,SUBJ181,V1083,ALT,27.91,7.0,56.0,2025-02-22
L05412,SUBJ181,V1083,AST,19.34,10.0,40.0,2025-02-22
L05413,SUBJ181,V1083,Hemoglobin,10.79,12.0,16.0,2025-02-22
L05414,SUBJ181,V1083,WBC,9.21,4.0,11.0,2025-02-22
L05415,SUBJ181,V1083,Creatinine,1.05,0.6,1.3,2025-02-22
L05416,SUBJ181,V1084,ALT,53.93,7.0,56.0,2025-03-01
L05417,SUBJ181,V1084,AST,21.07,10.0,40.0,2025-03-01
L05418,SUBJ181,V1084,Hemoglobin,15.09,12.0,16.0,2025-03-01
L05419,SUBJ181,V1084,WBC,4.2,4.0,11.0,2025-03-01
L05420,SUBJ181,V1084,Creatinine,1.19,0.6,1.3,2025-03-01
L05421,SUBJ181,V1085,ALT,48.65,7.0,56.0,2025-03-07
L05422,SUBJ181,V1085,AST,18.41,10.0,40.0,2025-03-07
L05423,SUBJ181,V1085,Hemoglobin,12.29,12.0,16.0,2025-03-07
L05424,SUBJ181,V1085,WBC,1.31,4.0,11.0,2025-03-07
L05425,SUBJ181,V1085,Creatinine,1.05,0.6,1.3,2025-03-07
L05426,SUBJ181,V1086,ALT,5.17,7.0,56.0,2025-03-15
L05427,SUBJ181,V1086,AST,34.96,10.0,40.0,2025-03-15
L05428,SUBJ181,V1086,Hemoglobin,14.55,12.0,16.0,2025-03-15
L05429,SUBJ181,V1086,WBC,7.77,4.0,11.0,2025-03-15
L05430,SUBJ181,V1086,Creatinine,,0.6,1.3,2025-03-15
L05431,SUBJ182,V1087,ALT,9.98,7.0,56.0,2025-04-02
L05432,SUBJ182,V1087,AST,12.62,10.0,40.0,2025-04-02
L05433,SUBJ182,V1087,Hemoglobin,12.51,12.0,16.0,2025-04-02
L05434,SUBJ182,V1087,WBC,5.36,4.0,11.0,2025-04-02
L05435,SUBJ182,V1087,Creatinine,1.0,0.6,1.3,2025-04-02
L05436,SUBJ182,V1088,ALT,55.01,7.0,56.0,2025-04-07
L05437,SUBJ182,V1088,AST,21.44,10.0,40.0,2025-04-07
L05438,SUBJ182,V1088,Hemoglobin,14.42,12.0,16.0,2025-04-07
L05439,SUBJ182,V1088,WBC,4.61,4.0,11.0,2025-04-07
L05440,SUBJ182,V1088,Creatinine,1.18,0.6,1.3,2025-04-07
L05441,SUBJ182,V1089,ALT,20.54,7.0,56.0,2025-04-13
L05442,SUBJ182,V1089,AST,37.7,10.0,40.0,2025-04-13
L05443,SUBJ182,V1089,Hemoglobin,13.73,12.0,16.0,2025-04-13
L05444,SUBJ182,V1089,WBC,20.1,4.0,11.0,2025-04-13
L05445,SUBJ182,V1089,Creatinine,1.22,0.6,1.3,2025-04-13
L05446,SUBJ182,V1090,ALT,21.84,7.0,56.0,2025-04-24
L05447,SUBJ182,V1090,AST,36.98,10.0,40.0,2025-04-24
L05448,SUBJ182,V1090,Hemoglobin,17.75,12.0,16.0,2025-04-24
L05449,SUBJ182,V1090,WBC,1.12,4.0,11.0,2025-04-24
L05450,SUBJ182,V1090,Creatinine,,0.6,1.3,2025-04-24
L05451,SUBJ182,V1091,ALT,34.87,7.0,56.0,2025-04-30
L05452,SUBJ182,V1091,AST,46.93,10.0,40.0,2025-04-30
L05453,SUBJ182,V1091,Hemoglobin,14.16,12.0,16.0,2025-04-30
L05454,SUBJ182,V1091,WBC,9.44,4.0,11.0,2025-04-30
L05455,SUBJ182,V1091,Creatinine,10.35,0.6,1.3,2025-04-30
L05456,SUBJ182,V1092,ALT,36.22,7.0,56.0,2025-05-07
L05457,SUBJ182,V1092,AST,45.62,10.0,40.0,2025-05-07
L05458,SUBJ182,V1092,Hemoglobin,14.37,12.0,16.0,2025-05-07
L05459,SUBJ182,V1092,WBC,14.71,4.0,11.0,2025-05-07
L05460,SUBJ182,V1092,Creatinine,0.99,0.6,1.3,2025-05-07
L05461,SUBJ183,V1093,ALT,30.31,7.0,56.0,2025-01-14
L05462,SUBJ183,V1093,AST,8.63,10.0,40.0,2025-01-14
L05463,SUBJ183,V1093,Hemoglobin,15.83,12.0,16.0,2025-01-14
L05464,SUBJ183,V1093,WBC,7.89,4.0,11.0,2025-01-14
L05465,SUBJ183,V1093,Creatinine,1.22,0.6,1.3,2025-01-14
L05466,SUBJ183,V1094,ALT,34.14,7.0,56.0,2025-01-23
L05467,SUBJ183,V1094,AST,33.23,10.0,40.0,2025-01-23
L05468,SUBJ183,V1094,Hemoglobin,12.85,12.0,16.0,2025-01-23
L05469,SUBJ183,V1094,WBC,9.45,4.0,11.0,2025-01-23
L05470,SUBJ183,V1094,Creatinine,0.81,0.6,1.3,2025-01-23
L05471,SUBJ183,V1095,ALT,44.65,7.0,56.0,2025-01-28
L05472,SUBJ183,V1095,AST,30.15,10.0,40.0,2025-01-28
L05473,SUBJ183,V1095,Hemoglobin,24.56,12.0,16.0,2025-01-28
L05474,SUBJ183,V1095,WBC,4.85,4.0,11.0,2025-01-28
L05475,SUBJ183,V1095,Creatinine,6.6,0.6,1.3,2025-01-28
L05476,SUBJ183,V1096,ALT,31.4,7.0,56.0,2025-02-07
L05477,SUBJ183,V1096,AST,22.4,10.0,40.0,2025-02-07
L05478,SUBJ183,V1096,Hemoglobin,18.3,12.0,16.0,2025-02-07
L05479,SUBJ183,V1096,WBC,,4.0,11.0,2025-02-07
L05480,SUBJ183,V1096,Creatinine,1.06,0.6,1.3,2025-02-07
L05481,SUBJ183,V1097,ALT,64.52,7.0,56.0,2025-02-10
L05482,SUBJ183,V1097,AST,11.89,10.0,40.0,2025-02-10
L05483,SUBJ183,V1097,Hemoglobin,13.31,12.0,16.0,2025-02-10
L05484,SUBJ183,V1097,WBC,5.81,4.0,11.0,2025-02-10
L05485,SUBJ183,V1097,Creatinine,0.68,0.6,1.3,2025-02-10
L05486,SUBJ183,V1098,ALT,16.77,7.0,56.0,2025-02-19
L05487,SUBJ183,V1098,AST,22.82,10.0,40.0,2025-02-19
L05488,SUBJ183,V1098,Hemoglobin,12.29,12.0,16.0,2025-02-19
L05489,SUBJ183,V1098,WBC,8.14,4.0,11.0,2025-02-19
L05490,SUBJ183,V1098,Creatinine,1.25,0.6,1.3,2025-02-19
L05491,SUBJ184,V1099,ALT,19.71,7.0,56.0,2025-03-16
L05492,SUBJ184,V1099,AST,39.12,10.0,40.0,2025-03-16
L05493,SUBJ184,V1099,Hemoglobin,9.75,12.0,16.0,2025-03-16
L05494,SUBJ184,V1099,WBC,6.44,4.0,11.0,2025-03-16
L05495,SUBJ184,V1099,Creatinine,1.28,0.6,1.3,2025-03-16
L05496,SUBJ184,V1100,ALT,16.89,7.0,56.0,2025-03-20
L05497,SUBJ184,V1100,AST,35.89,10.0,40.0,2025-03-20
L05498,SUBJ184,V1100,Hemoglobin,14.84,12.0,16.0,2025-03-20
L05499,SUBJ184,V1100,WBC,4.67,4.0,11.0,2025-03-20
L05500,SUBJ184,V1100,Creatinine,-2.15,0.6,1.3,2025-03-20
L05501,SUBJ184,V1101,ALT,20.03,7.0,56.0,2025-03-27
L05502,SUBJ184,V1101,AST,13.63,10.0,40.0,2025-03-27
L05503,SUBJ184,V1101,Hemoglobin,14.0,12.0,16.0,2025-03-27
L05504,SUBJ184,V1101,WBC,10.68,4.0,11.0,2025-03-27
L05505,SUBJ184,V1101,Creatinine,5.25,0.6,1.3,2025-03-27
L05506,SUBJ184,V1102,ALT,25.83,7.0,56.0,2025-04-05
L05507,SUBJ184,V1102,AST,7.08,10.0,40.0,2025-04-05
L05508,SUBJ184,V1102,Hemoglobin,14.09,12.0,16.0,2025-04-05
L05509,SUBJ184,V1102,WBC,7.02,4.0,11.0,2025-04-05
L05510,SUBJ184,V1102,Creatinine,1.04,0.6,1.3,2025-04-05
L05511,SUBJ184,V1103,ALT,5.42,7.0,56.0,2025-04-14
L05512,SUBJ184,V1103,AST,,10.0,40.0,2025-04-14
L05513,SUBJ184,V1103,Hemoglobin,14.91,12.0,16.0,2025-04-14
L05514,SUBJ184,V1103,WBC,4.05,4.0,11.0,2025-04-14
L05515,SUBJ184,V1103,Creatinine,0.66,0.6,1.3,2025-04-14
L05516,SUBJ184,V1104,ALT,,7.0,56.0,2025-04-19
L05517,SUBJ184,V1104,AST,27.62,10.0,40.0,2025-04-19
L05518,SUBJ184,V1104,Hemoglobin,,12.0,16.0,2025-04-19
L05519,SUBJ184,V1104,WBC,7.52,4.0,11.0,2025-04-19
L05520,SUBJ184,V1104,Creatinine,1.13,0.6,1.3,2025-04-19
L05521,SUBJ185,V1105,ALT,24.17,7.0,56.0,2025-03-09
L05522,SUBJ185,V1105,AST,,10.0,40.0,2025-03-09
L05523,SUBJ185,V1105,Hemoglobin,10.68,12.0,16.0,2025-03-09
L05524,SUBJ185,V1105,WBC,12.48,4.0,11.0,2025-03-09
L05525,SUBJ185,V1105,Creatinine,0.98,0.6,1.3,2025-03-09
L05526,SUBJ185,V1106,ALT,46.96,7.0,56.0,2025-03-15
L05527,SUBJ185,V1106,AST,10.21,10.0,40.0,2025-03-15
L05528,SUBJ185,V1106,Hemoglobin,12.14,12.0,16.0,2025-03-15
L05529,SUBJ185,V1106,WBC,7.67,4.0,11.0,2025-03-15
L05530,SUBJ185,V1106,Creatinine,1.1,0.6,1.3,2025-03-15
L05531,SUBJ185,V1107,ALT,19.03,7.0,56.0,2025-03-21
L05532,SUBJ185,V1107,AST,10.11,10.0,40.0,2025-03-21
L05533,SUBJ185,V1107,Hemoglobin,13.04,12.0,16.0,2025-03-21
L05534,SUBJ185,V1107,WBC,5.91,4.0,11.0,2025-03-21
L05535,SUBJ185,V1107,Creatinine,0.8,0.6,1.3,2025-03-21
L05536,SUBJ185,V1108,ALT,30.94,7.0,56.0,2025-03-28
L05537,SUBJ185,V1108,AST,15.22,10.0,40.0,2025-03-28
L05538,SUBJ185,V1108,Hemoglobin,9.13,12.0,16.0,2025-03-28
L05539,SUBJ185,V1108,WBC,7.78,4.0,11.0,2025-03-28
L05540,SUBJ185,V1108,Creatinine,1.03,0.6,1.3,2025-03-28
L05541,SUBJ185,V1109,ALT,12.9,7.0,56.0,2025-04-03
L05542,SUBJ185,V1109,AST,33.06,10.0,40.0,2025-04-03
L05543,SUBJ185,V1109,Hemoglobin,13.45,12.0,16.0,2025-04-03
L05544,SUBJ185,V1109,WBC,10.69,4.0,11.0,2025-04-03
L05545,SUBJ185,V1109,Creatinine,,0.6,1.3,2025-04-03
L05546,SUBJ185,V1110,ALT,4.49,7.0,56.0,2025-04-13
L05547,SUBJ185,V1110,AST,35.97,10.0,40.0,2025-04-13
L05548,SUBJ185,V1110,Hemoglobin,15.66,12.0,16.0,2025-04-13
L05549,SUBJ185,V1110,WBC,9.17,4.0,11.0,2025-04-13
L05550,SUBJ185,V1110,Creatinine,0.95,0.6,1.3,2025-04-13
L05551,SUBJ186,V1111,ALT,13.63,7.0,56.0,2025-03-17
L05552,SUBJ186,V1111,AST,32.57,10.0,40.0,2025-03-17
L05553,SUBJ186,V1111,Hemoglobin,9.44,12.0,16.0,2025-03-17
L05554,SUBJ186,V1111,WBC,9.86,4.0,11.0,2025-03-17
L05555,SUBJ186,V1111,Creatinine,0.63,0.6,1.3,2025-03-17
L05556,SUBJ186,V1112,ALT,18.86,7.0,56.0,2025-03-23
L05557,SUBJ186,V1112,AST,37.97,10.0,40.0,2025-03-23
L05558,SUBJ186,V1112,Hemoglobin,,12.0,16.0,2025-03-23
L05559,SUBJ186,V1112,WBC,8.92,4.0,11.0,2025-03-23
L05560,SUBJ186,V1112,Creatinine,0.63,0.6,1.3,2025-03-23
L05561,SUBJ186,V1113,ALT,45.71,7.0,56.0,2025-04-01
L05562,SUBJ186,V1113,AST,26.02,10.0,40.0,2025-04-01
L05563,SUBJ186,V1113,Hemoglobin,18.33,12.0,16.0,2025-04-01
L05564,SUBJ186,V1113,WBC,1.1,4.0,11.0,2025-04-01
L05565,SUBJ186,V1113,Creatinine,1.14,0.6,1.3,2025-04-01
L05566,SUBJ186,V1114,ALT,30.67,7.0,56.0,2025-04-05
L05567,SUBJ186,V1114,AST,37.96,10.0,40.0,2025-04-05
L05568,SUBJ186,V1114,Hemoglobin,12.26,12.0,16.0,2025-04-05
L05569,SUBJ186,V1114,WBC,6.54,4.0,11.0,2025-04-05
L05570,SUBJ186,V1114,Creatinine,0.79,0.6,1.3,2025-04-05
L05571,SUBJ186,V1115,ALT,40.41,7.0,56.0,2025-04-14
L05572,SUBJ186,V1115,AST,32.54,10.0,40.0,2025-04-14
L05573,SUBJ186,V1115,Hemoglobin,14.01,12.0,16.0,2025-04-14
L05574,SUBJ186,V1115,WBC,5.68,4.0,11.0,2025-04-14
L05575,SUBJ186,V1115,Creatinine,1.07,0.6,1.3,2025-04-14
L05576,SUBJ186,V1116,ALT,17.57,7.0,56.0,2025-04-18
L05577,SUBJ186,V1116,AST,28.88,10.0,40.0,2025-04-18
L05578,SUBJ186,V1116,Hemoglobin,15.15,12.0,16.0,2025-04-18
L05579,SUBJ186,V1116,WBC,9.12,4.0,11.0,2025-04-18
L05580,SUBJ186,V1116,Creatinine,1.08,0.6,1.3,2025-04-18
L05581,SUBJ187,V1117,ALT,32.31,7.0,56.0,2025-01-24
L05582,SUBJ187,V1117,AST,14.2,10.0,40.0,2025-01-24
L05583,SUBJ187,V1117,Hemoglobin,15.55,12.0,16.0,2025-01-24
L05584,SUBJ187,V1117,WBC,9.39,4.0,11.0,2025-01-24
L05585,SUBJ187,V1117,Creatinine,0.72,0.6,1.3,2025-01-24
L05586,SUBJ187,V1118,ALT,44.34,7.0,56.0,2025-01-29
L05587,SUBJ187,V1118,AST,36.78,10.0,40.0,2025-01-29
L05588,SUBJ187,V1118,Hemoglobin,13.71,12.0,16.0,2025-01-29
L05589,SUBJ187,V1118,WBC,7.16,4.0,11.0,2025-01-29
L05590,SUBJ187,V1118,Creatinine,0.61,0.6,1.3,2025-01-29
L05591,SUBJ187,V1119,ALT,14.31,7.0,56.0,2025-02-06
L05592,SUBJ187,V1119,AST,26.38,10.0,40.0,2025-02-06
L05593,SUBJ187,V1119,Hemoglobin,13.64,12.0,16.0,2025-02-06
L05594,SUBJ187,V1119,WBC,8.31,4.0,11.0,2025-02-06
L05595,SUBJ187,V1119,Creatinine,1.06,0.6,1.3,2025-02-06
L05596,SUBJ187,V1120,ALT,26.59,7.0,56.0,2025-02-16
L05597,SUBJ187,V1120,AST,46.68,10.0,40.0,2025-02-16
L05598,SUBJ187,V1120,Hemoglobin,12.15,12.0,16.0,2025-02-16
L05599,SUBJ187,V1120,WBC,10.78,4.0,11.0,2025-02-16
L05600,SUBJ187,V1120,Creatinine,0.77,0.6,1.3,2025-02-16
L05601,SUBJ187,V1121,ALT,40.82,7.0,56.0,2025-02-21
L05602,SUBJ187,V1121,AST,15.16,10.0,40.0,2025-02-21
L05603,SUBJ187,V1121,Hemoglobin,13.99,12.0,16.0,2025-02-21
L05604,SUBJ187,V1121,WBC,,4.0,11.0,2025-02-21
L05605,SUBJ187,V1121,Creatinine,0.81,0.6,1.3,2025-02-21
L05606,SUBJ187,V1122,ALT,51.23,7.0,56.0,2025-03-01
L05607,SUBJ187,V1122,AST,25.13,10.0,40.0,2025-03-01
L05608,SUBJ187,V1122,Hemoglobin,14.72,12.0,16.0,2025-03-01
L05609,SUBJ187,V1122,WBC,9.41,4.0,11.0,2025-03-01
L05610,SUBJ187,V1122,Creatinine,0.64,0.6,1.3,2025-03-01
L05611,SUBJ188,V1123,ALT,24.67,7.0,56.0,2025-02-18
L05612,SUBJ188,V1123,AST,35.09,10.0,40.0,2025-02-18
L05613,SUBJ188,V1123,Hemoglobin,13.08,12.0,16.0,2025-02-18
L05614,SUBJ188,V1123,WBC,10.07,4.0,11.0,2025-02-18
L05615,SUBJ188,V1123,Creatinine,1.25,0.6,1.3,2025-02-18
L05616,SUBJ188,V1124,ALT,51.79,7.0,56.0,2025-02-27
L05617,SUBJ188,V1124,AST,24.52,10.0,40.0,2025-02-27
L05618,SUBJ188,V1124,Hemoglobin,14.94,12.0,16.0,2025-02-27
L05619,SUBJ188,V1124,WBC,4.78,4.0,11.0,2025-02-27
L05620,SUBJ188,V1124,Creatinine,0.76,0.6,1.3,2025-02-27
L05621,SUBJ188,V1125,ALT,39.07,7.0,56.0,2025-03-05
L05622,SUBJ188,V1125,AST,38.35,10.0,40.0,2025-03-05
L05623,SUBJ188,V1125,Hemoglobin,15.78,12.0,16.0,2025-03-05
L05624,SUBJ188,V1125,WBC,9.1,4.0,11.0,2025-03-05
L05625,SUBJ188,V1125,Creatinine,0.63,0.6,1.3,2025-03-05
L05626,SUBJ188,V1126,ALT,63.57,7.0,56.0,2025-03-10
L05627,SUBJ188,V1126,AST,15.07,10.0,40.0,2025-03-10
L05628,SUBJ188,V1126,Hemoglobin,,12.0,16.0,2025-03-10
L05629,SUBJ188,V1126,WBC,6.44,4.0,11.0,2025-03-10
L05630,SUBJ188,V1126,Creatinine,0.61,0.6,1.3,2025-03-10
L05631,SUBJ188,V1127,ALT,41.4,7.0,56.0,2025-03-19
L05632,SUBJ188,V1127,AST,7.86,10.0,40.0,2025-03-19
L05633,SUBJ188,V1127,Hemoglobin,14.52,12.0,16.0,2025-03-19
L05634,SUBJ188,V1127,WBC,2.49,4.0,11.0,2025-03-19
L05635,SUBJ188,V1127,Creatinine,0.83,0.6,1.3,2025-03-19
L05636,SUBJ188,V1128,ALT,20.5,7.0,56.0,2025-03-24
L05637,SUBJ188,V1128,AST,23.78,10.0,40.0,2025-03-24
L05638,SUBJ188,V1128,Hemoglobin,15.78,12.0,16.0,2025-03-24
L05639,SUBJ188,V1128,WBC,4.83,4.0,11.0,2025-03-24
L05640,SUBJ188,V1128,Creatinine,0.9,0.6,1.3,2025-03-24
L05641,SUBJ189,V1129,ALT,51.56,7.0,56.0,2025-03-16
L05642,SUBJ189,V1129,AST,23.29,10.0,40.0,2025-03-16
L05643,SUBJ189,V1129,Hemoglobin,14.44,12.0,16.0,2025-03-16
L05644,SUBJ189,V1129,WBC,1.63,4.0,11.0,2025-03-16
L05645,SUBJ189,V1129,Creatinine,,0.6,1.3,2025-03-16
L05646,SUBJ189,V1130,ALT,10.13,7.0,56.0,2025-03-20
L05647,SUBJ189,V1130,AST,26.59,10.0,40.0,2025-03-20
L05648,SUBJ189,V1130,Hemoglobin,13.31,12.0,16.0,2025-03-20
L05649,SUBJ189,V1130,WBC,9.25,4.0,11.0,2025-03-20
L05650,SUBJ189,V1130,Creatinine,0.96,0.6,1.3,2025-03-20
L05651,SUBJ189,V1131,ALT,22.11,7.0,56.0,2025-03-31
L05652,SUBJ189,V1131,AST,26.1,10.0,40.0,2025-03-31
L05653,SUBJ189,V1131,Hemoglobin,,12.0,16.0,2025-03-31
L05654,SUBJ189,V1131,WBC,5.0,4.0,11.0,2025-03-31
L05655,SUBJ189,V1131,Creatinine,0.94,0.6,1.3,2025-03-31
L05656,SUBJ189,V1132,ALT,5.2,7.0,56.0,2025-04-07
L05657,SUBJ189,V1132,AST,27.84,10.0,40.0,2025-04-07
L05658,SUBJ189,V1132,Hemoglobin,15.51,12.0,16.0,2025-04-07
L05659,SUBJ189,V1132,WBC,4.3,4.0,11.0,2025-04-07
L05660,SUBJ189,V1132,Creatinine,1.08,0.6,1.3,2025-04-07
L05661,SUBJ189,V1133,ALT,41.91,7.0,56.0,2025-04-10
L05662,SUBJ189,V1133,AST,20.52,10.0,40.0,2025-04-10
L05663,SUBJ189,V1133,Hemoglobin,12.93,12.0,16.0,2025-04-10
L05664,SUBJ189,V1133,WBC,2.89,4.0,11.0,2025-04-10
L05665,SUBJ189,V1133,Creatinine,0.84,0.6,1.3,2025-04-10
L05666,SUBJ189,V1134,ALT,43.35,7.0,56.0,2025-04-20
L05667,SUBJ189,V1134,AST,37.39,10.0,40.0,2025-04-20
L05668,SUBJ189,V1134,Hemoglobin,,12.0,16.0,2025-04-20
L05669,SUBJ189,V1134,WBC,10.89,4.0,11.0,2025-04-20
L05670,SUBJ189,V1134,Creatinine,1.23,0.6,1.3,2025-04-20
L05671,SUBJ190,V1135,ALT,48.53,7.0,56.0,2025-02-05
L05672,SUBJ190,V1135,AST,36.58,10.0,40.0,2025-02-05
L05673,SUBJ190,V1135,Hemoglobin,,12.0,16.0,2025-02-05
L05674,SUBJ190,V1135,WBC,8.02,4.0,11.0,2025-02-05
L05675,SUBJ190,V1135,Creatinine,1.05,0.6,1.3,2025-02-05
L05676,SUBJ190,V1136,ALT,9.16,7.0,56.0,2025-02-15
L05677,SUBJ190,V1136,AST,32.93,10.0,40.0,2025-02-15
L05678,SUBJ190,V1136,Hemoglobin,14.77,12.0,16.0,2025-02-15
L05679,SUBJ190,V1136,WBC,7.77,4.0,11.0,2025-02-15
L05680,SUBJ190,V1136,Creatinine,0.78,0.6,1.3,2025-02-15
L05681,SUBJ190,V1137,ALT,27.89,7.0,56.0,2025-02-19
L05682,SUBJ190,V1137,AST,21.71,10.0,40.0,2025-02-19
L05683,SUBJ190,V1137,Hemoglobin,13.79,12.0,16.0,2025-02-19
L05684,SUBJ190,V1137,WBC,2.69,4.0,11.0,2025-02-19
L05685,SUBJ190,V1137,Creatinine,0.87,0.6,1.3,2025-02-19
L05686,SUBJ190,V1138,ALT,,7.0,56.0,2025-02-27
L05687,SUBJ190,V1138,AST,,10.0,40.0,2025-02-27
L05688,SUBJ190,V1138,Hemoglobin,15.09,12.0,16.0,2025-02-27
L05689,SUBJ190,V1138,WBC,6.7,4.0,11.0,2025-02-27
L05690,SUBJ190,V1138,Creatinine,1.15,0.6,1.3,2025-02-27
L05691,SUBJ190,V1139,ALT,25.88,7.0,56.0,2025-03-04
L05692,SUBJ190,V1139,AST,14.33,10.0,40.0,2025-03-04
L05693,SUBJ190,V1139,Hemoglobin,13.37,12.0,16.0,2025-03-04
L05694,SUBJ190,V1139,WBC,10.66,4.0,11.0,2025-03-04
L05695,SUBJ190,V1139,Creatinine,0.65,0.6,1.3,2025-03-04
L05696,SUBJ190,V1140,ALT,8.44,7.0,56.0,2025-03-14
L05697,SUBJ190,V1140,AST,36.38,10.0,40.0,2025-03-14
L05698,SUBJ190,V1140,Hemoglobin,14.17,12.0,16.0,2025-03-14
L05699,SUBJ190,V1140,WBC,8.84,4.0,11.0,2025-03-14
L05700,SUBJ190,V1140,Creatinine,9.33,0.6,1.3,2025-03-14
L05701,SUBJ191,V1141,ALT,49.49,7.0,56.0,2025-03-11
L05702,SUBJ191,V1141,AST,35.73,10.0,40.0,2025-03-11
L05703,SUBJ191,V1141,Hemoglobin,15.53,12.0,16.0,2025-03-11
L05704,SUBJ191,V1141,WBC,6.83,4.0,11.0,2025-03-11
L05705,SUBJ191,V1141,Creatinine,1.0,0.6,1.3,2025-03-11
L05706,SUBJ191,V1142,ALT,35.18,7.0,56.0,2025-03-20
L05707,SUBJ191,V1142,AST,49.95,10.0,40.0,2025-03-20
L05708,SUBJ191,V1142,Hemoglobin,12.36,12.0,16.0,2025-03-20
L05709,SUBJ191,V1142,WBC,6.79,4.0,11.0,2025-03-20
L05710,SUBJ191,V1142,Creatinine,1.11,0.6,1.3,2025-03-20
L05711,SUBJ191,V1143,ALT,,7.0,56.0,2025-03-25
L05712,SUBJ191,V1143,AST,27.47,10.0,40.0,2025-03-25
L05713,SUBJ191,V1143,Hemoglobin,14.24,12.0,16.0,2025-03-25
L05714,SUBJ191,V1143,WBC,,4.0,11.0,2025-03-25
L05715,SUBJ191,V1143,Creatinine,1.28,0.6,1.3,2025-03-25
L05716,SUBJ191,V1144,ALT,62.17,7.0,56.0,2025-04-04
L05717,SUBJ191,V1144,AST,33.96,10.0,40.0,2025-04-04
L05718,SUBJ191,V1144,Hemoglobin,14.78,12.0,16.0,2025-04-04
L05719,SUBJ191,V1144,WBC,8.6,4.0,11.0,2025-04-04
L05720,SUBJ191,V1144,Creatinine,4.52,0.6,1.3,2025-04-04
L05721,SUBJ191,V1145,ALT,55.84,7.0,56.0,2025-04-10
L05722,SUBJ191,V1145,AST,36.14,10.0,40.0,2025-04-10
L05723,SUBJ191,V1145,Hemoglobin,13.52,12.0,16.0,2025-04-10
L05724,SUBJ191,V1145,WBC,,4.0,11.0,2025-04-10
L05725,SUBJ191,V1145,Creatinine,,0.6,1.3,2025-04-10
L05726,SUBJ191,V1146,ALT,8.88,7.0,56.0,2025-04-15
L05727,SUBJ191,V1146,AST,,10.0,40.0,2025-04-15
L05728,SUBJ191,V1146,Hemoglobin,12.14,12.0,16.0,2025-04-15
L05729,SUBJ191,V1146,WBC,4.3,4.0,11.0,2025-04-15
L05730,SUBJ191,V1146,Creatinine,,0.6,1.3,2025-04-15
L05731,SUBJ192,V1147,ALT,7.33,7.0,56.0,2025-02-03
L05732,SUBJ192,V1147,AST,29.12,10.0,40.0,2025-02-03
L05733,SUBJ192,V1147,Hemoglobin,13.08,12.0,16.0,2025-02-03
L05734,SUBJ192,V1147,WBC,10.62,4.0,11.0,2025-02-03
L05735,SUBJ192,V1147,Creatinine,1.2,0.6,1.3,2025-02-03
L05736,SUBJ192,V1148,ALT,14.37,7.0,56.0,2025-02-09
L05737,SUBJ192,V1148,AST,42.01,10.0,40.0,2025-02-09
L05738,SUBJ192,V1148,Hemoglobin,12.69,12.0,16.0,2025-02-09
L05739,SUBJ192,V1148,WBC,8.91,4.0,11.0,2025-02-09
L05740,SUBJ192,V1148,Creatinine,5.66,0.6,1.3,2025-02-09
L05741,SUBJ192,V1149,ALT,30.73,7.0,56.0,2025-02-18
L05742,SUBJ192,V1149,AST,17.72,10.0,40.0,2025-02-18
L05743,SUBJ192,V1149,Hemoglobin,21.61,12.0,16.0,2025-02-18
L05744,SUBJ192,V1149,WBC,8.22,4.0,11.0,2025-02-18
L05745,SUBJ192,V1149,Creatinine,0.89,0.6,1.3,2025-02-18
L05746,SUBJ192,V1150,ALT,36.51,7.0,56.0,2025-02-25
L05747,SUBJ192,V1150,AST,31.18,10.0,40.0,2025-02-25
L05748,SUBJ192,V1150,Hemoglobin,15.43,12.0,16.0,2025-02-25
L05749,SUBJ192,V1150,WBC,6.81,4.0,11.0,2025-02-25
L05750,SUBJ192,V1150,Creatinine,1.27,0.6,1.3,2025-02-25
L05751,SUBJ192,V1151,ALT,19.24,7.0,56.0,2025-03-04
L05752,SUBJ192,V1151,AST,36.5,10.0,40.0,2025-03-04
L05753,SUBJ192,V1151,Hemoglobin,13.99,12.0,16.0,2025-03-04
L05754,SUBJ192,V1151,WBC,8.8,4.0,11.0,2025-03-04
L05755,SUBJ192,V1151,Creatinine,1.13,0.6,1.3,2025-03-04
L05756,SUBJ192,V1152,ALT,10.34,7.0,56.0,2025-03-09
L05757,SUBJ192,V1152,AST,11.35,10.0,40.0,2025-03-09
L05758,SUBJ192,V1152,Hemoglobin,14.26,12.0,16.0,2025-03-09
L05759,SUBJ192,V1152,WBC,4.65,4.0,11.0,2025-03-09
L05760,SUBJ192,V1152,Creatinine,,0.6,1.3,2025-03-09
L05761,SUBJ193,V1153,ALT,43.16,7.0,56.0,2025-01-20
L05762,SUBJ193,V1153,AST,19.91,10.0,40.0,2025-01-20
L05763,SUBJ193,V1153,Hemoglobin,14.21,12.0,16.0,2025-01-20
L05764,SUBJ193,V1153,WBC,4.7,4.0,11.0,2025-01-20
L05765,SUBJ193,V1153,Creatinine,1.05,0.6,1.3,2025-01-20
L05766,SUBJ193,V1154,ALT,64.67,7.0,56.0,2025-01-28
L05767,SUBJ193,V1154,AST,10.6,10.0,40.0,2025-01-28
L05768,SUBJ193,V1154,Hemoglobin,14.94,12.0,16.0,2025-01-28
L05769,SUBJ193,V1154,WBC,8.59,4.0,11.0,2025-01-28
L05770,SUBJ193,V1154,Creatinine,0.8,0.6,1.3,2025-01-28
L05771,SUBJ193,V1155,ALT,10.49,7.0,56.0,2025-02-03
L05772,SUBJ193,V1155,AST,38.29,10.0,40.0,2025-02-03
L05773,SUBJ193,V1155,Hemoglobin,15.88,12.0,16.0,2025-02-03
L05774,SUBJ193,V1155,WBC,10.09,4.0,11.0,2025-02-03
L05775,SUBJ193,V1155,Creatinine,0.8,0.6,1.3,2025-02-03
L05776,SUBJ193,V1156,ALT,7.96,7.0,56.0,2025-02-10
L05777,SUBJ193,V1156,AST,26.65,10.0,40.0,2025-02-10
L05778,SUBJ193,V1156,Hemoglobin,10.37,12.0,16.0,2025-02-10
L05779,SUBJ193,V1156,WBC,5.62,4.0,11.0,2025-02-10
L05780,SUBJ193,V1156,Creatinine,0.89,0.6,1.3,2025-02-10
L05781,SUBJ193,V1157,ALT,20.49,7.0,56.0,2025-02-18
L05782,SUBJ193,V1157,AST,,10.0,40.0,2025-02-18
L05783,SUBJ193,V1157,Hemoglobin,12.11,12.0,16.0,2025-02-18
L05784,SUBJ193,V1157,WBC,6.88,4.0,11.0,2025-02-18
L05785,SUBJ193,V1157,Creatinine,0.74,0.6,1.3,2025-02-18
L05786,SUBJ193,V1158,ALT,,7.0,56.0,2025-02-22
L05787,SUBJ193,V1158,AST,17.14,10.0,40.0,2025-02-22
L05788,SUBJ193,V1158,Hemoglobin,14.08,12.0,16.0,2025-02-22
L05789,SUBJ193,V1158,WBC,5.12,4.0,11.0,2025-02-22
L05790,SUBJ193,V1158,Creatinine,0.81,0.6,1.3,2025-02-22
L05791,SUBJ194,V1159,ALT,43.26,7.0,56.0,2025-03-23
L05792,SUBJ194,V1159,AST,17.44,10.0,40.0,2025-03-23
L05793,SUBJ194,V1159,Hemoglobin,15.77,12.0,16.0,2025-03-23
L05794,SUBJ194,V1159,WBC,4.8,4.0,11.0,2025-03-23
L05795,SUBJ194,V1159,Creatinine,0.88,0.6,1.3,2025-03-23
L05796,SUBJ194,V1160,ALT,15.04,7.0,56.0,2025-03-29
L05797,SUBJ194,V1160,AST,13.5,10.0,40.0,2025-03-29
L05798,SUBJ194,V1160,Hemoglobin,14.84,12.0,16.0,2025-03-29
L05799,SUBJ194,V1160,WBC,5.02,4.0,11.0,2025-03-29
L05800,SUBJ194,V1160,Creatinine,0.9,0.6,1.3,2025-03-29
L05801,SUBJ194,V1161,ALT,47.45,7.0,56.0,2025-04-06
L05802,SUBJ194,V1161,AST,28.15,10.0,40.0,2025-04-06
L05803,SUBJ194,V1161,Hemoglobin,13.51,12.0,16.0,2025-04-06
L05804,SUBJ194,V1161,WBC,16.78,4.0,11.0,2025-04-06
L05805,SUBJ194,V1161,Creatinine,0.62,0.6,1.3,2025-04-06
L05806,SUBJ194,V1162,ALT,53.43,7.0,56.0,2025-04-13
L05807,SUBJ194,V1162,AST,36.98,10.0,40.0,2025-04-13
L05808,SUBJ194,V1162,Hemoglobin,,12.0,16.0,2025-04-13
L05809,SUBJ194,V1162,WBC,9.51,4.0,11.0,2025-04-13
L05810,SUBJ194,V1162,Creatinine,0.81,0.6,1.3,2025-04-13
L05811,SUBJ194,V1163,ALT,11.07,7.0,56.0,2025-04-18
L05812,SUBJ194,V1163,AST,,10.0,40.0,2025-04-18
L05813,SUBJ194,V1163,Hemoglobin,14.5,12.0,16.0,2025-04-18
L05814,SUBJ194,V1163,WBC,10.85,4.0,11.0,2025-04-18
L05815,SUBJ194,V1163,Creatinine,-1.76,0.6,1.3,2025-04-18
L05816,SUBJ194,V1164,ALT,5.74,7.0,56.0,2025-04-23
L05817,SUBJ194,V1164,AST,31.47,10.0,40.0,2025-04-23
L05818,SUBJ194,V1164,Hemoglobin,14.82,12.0,16.0,2025-04-23
L05819,SUBJ194,V1164,WBC,9.84,4.0,11.0,2025-04-23
L05820,SUBJ194,V1164,Creatinine,0.9,0.6,1.3,2025-04-23
L05821,SUBJ195,V1165,ALT,43.61,7.0,56.0,2025-01-08
L05822,SUBJ195,V1165,AST,31.29,10.0,40.0,2025-01-08
L05823,SUBJ195,V1165,Hemoglobin,14.59,12.0,16.0,2025-01-08
L05824,SUBJ195,V1165,WBC,5.85,4.0,11.0,2025-01-08
L05825,SUBJ195,V1165,Creatinine,1.15,0.6,1.3,2025-01-08
L05826,SUBJ195,V1166,ALT,46.84,7.0,56.0,2025-01-16
L05827,SUBJ195,V1166,AST,37.03,10.0,40.0,2025-01-16
L05828,SUBJ195,V1166,Hemoglobin,15.28,12.0,16.0,2025-01-16
L05829,SUBJ195,V1166,WBC,4.52,4.0,11.0,2025-01-16
L05830,SUBJ195,V1166,Creatinine,1.27,0.6,1.3,2025-01-16
L05831,SUBJ195,V1167,ALT,20.29,7.0,56.0,2025-01-19
L05832,SUBJ195,V1167,AST,35.07,10.0,40.0,2025-01-19
L05833,SUBJ195,V1167,Hemoglobin,12.77,12.0,16.0,2025-01-19
L05834,SUBJ195,V1167,WBC,7.21,4.0,11.0,2025-01-19
L05835,SUBJ195,V1167,Creatinine,1.19,0.6,1.3,2025-01-19
L05836,SUBJ195,V1168,ALT,54.9,7.0,56.0,2025-01-30
L05837,SUBJ195,V1168,AST,33.32,10.0,40.0,2025-01-30
L05838,SUBJ195,V1168,Hemoglobin,14.26,12.0,16.0,2025-01-30
L05839,SUBJ195,V1168,WBC,9.84,4.0,11.0,2025-01-30
L05840,SUBJ195,V1168,Creatinine,-1.21,0.6,1.3,2025-01-30
L05841,SUBJ195,V1169,ALT,41.03,7.0,56.0,2025-02-04
L05842,SUBJ195,V1169,AST,28.18,10.0,40.0,2025-02-04
L05843,SUBJ195,V1169,Hemoglobin,12.07,12.0,16.0,2025-02-04
L05844,SUBJ195,V1169,WBC,10.58,4.0,11.0,2025-02-04
L05845,SUBJ195,V1169,Creatinine,1.28,0.6,1.3,2025-02-04
L05846,SUBJ195,V1170,ALT,9.33,7.0,56.0,2025-02-09
L05847,SUBJ195,V1170,AST,46.26,10.0,40.0,2025-02-09
L05848,SUBJ195,V1170,Hemoglobin,12.85,12.0,16.0,2025-02-09
L05849,SUBJ195,V1170,WBC,4.5,4.0,11.0,2025-02-09
L05850,SUBJ195,V1170,Creatinine,0.79,0.6,1.3,2025-02-09
L05851,SUBJ196,V1171,ALT,10.31,7.0,56.0,2025-03-25
L05852,SUBJ196,V1171,AST,27.42,10.0,40.0,2025-03-25
L05853,SUBJ196,V1171,Hemoglobin,13.35,12.0,16.0,2025-03-25
L05854,SUBJ196,V1171,WBC,9.81,4.0,11.0,2025-03-25
L05855,SUBJ196,V1171,Creatinine,1.0,0.6,1.3,2025-03-25
L05856,SUBJ196,V1172,ALT,,7.0,56.0,2025-04-05
L05857,SUBJ196,V1172,AST,14.53,10.0,40.0,2025-04-05
L05858,SUBJ196,V1172,Hemoglobin,15.73,12.0,16.0,2025-04-05
L05859,SUBJ196,V1172,WBC,4.91,4.0,11.0,2025-04-05
L05860,SUBJ196,V1172,Creatinine,0.69,0.6,1.3,2025-04-05
L05861,SUBJ196,V1173,ALT,5.62,7.0,56.0,2025-04-11
L05862,SUBJ196,V1173,AST,38.05,10.0,40.0,2025-04-11
L05863,SUBJ196,V1173,Hemoglobin,13.49,12.0,16.0,2025-04-11
L05864,SUBJ196,V1173,WBC,6.22,4.0,11.0,2025-04-11
L05865,SUBJ196,V1173,Creatinine,0.63,0.6,1.3,2025-04-11
L05866,SUBJ196,V1174,ALT,5.12,7.0,56.0,2025-04-17
L05867,SUBJ196,V1174,AST,15.33,10.0,40.0,2025-04-17
L05868,SUBJ196,V1174,Hemoglobin,14.21,12.0,16.0,2025-04-17
L05869,SUBJ196,V1174,WBC,6.36,4.0,11.0,2025-04-17
L05870,SUBJ196,V1174,Creatinine,0.72,0.6,1.3,2025-04-17
L05871,SUBJ196,V1175,ALT,17.7,7.0,56.0,2025-04-25
L05872,SUBJ196,V1175,AST,10.49,10.0,40.0,2025-04-25
L05873,SUBJ196,V1175,Hemoglobin,14.66,12.0,16.0,2025-04-25
L05874,SUBJ196,V1175,WBC,7.72,4.0,11.0,2025-04-25
L05875,SUBJ196,V1175,Creatinine,1.0,0.6,1.3,2025-04-25
L05876,SUBJ196,V1176,ALT,9.58,7.0,56.0,2025-05-01
L05877,SUBJ196,V1176,AST,22.32,10.0,40.0,2025-05-01
L05878,SUBJ196,V1176,Hemoglobin,12.35,12.0,16.0,2025-05-01
L05879,SUBJ196,V1176,WBC,1.4,4.0,11.0,2025-05-01
L05880,SUBJ196,V1176,Creatinine,0.83,0.6,1.3,2025-05-01
L05881,SUBJ197,V1177,ALT,35.28,7.0,56.0,2025-01-10
L05882,SUBJ197,V1177,AST,16.07,10.0,40.0,2025-01-10
L05883,SUBJ197,V1177,Hemoglobin,10.44,12.0,16.0,2025-01-10
L05884,SUBJ197,V1177,WBC,8.32,4.0,11.0,2025-01-10
L05885,SUBJ197,V1177,Creatinine,1.2,0.6,1.3,2025-01-10
L05886,SUBJ197,V1178,ALT,15.58,7.0,56.0,2025-01-17
L05887,SUBJ197,V1178,AST,22.0,10.0,40.0,2025-01-17
L05888,SUBJ197,V1178,Hemoglobin,15.76,12.0,16.0,2025-01-17
L05889,SUBJ197,V1178,WBC,7.1,4.0,11.0,2025-01-17
L05890,SUBJ197,V1178,Creatinine,0.64,0.6,1.3,2025-01-17
L05891,SUBJ197,V1179,ALT,,7.0,56.0,2025-01-25
L05892,SUBJ197,V1179,AST,45.45,10.0,40.0,2025-01-25
L05893,SUBJ197,V1179,Hemoglobin,12.42,12.0,16.0,2025-01-25
L05894,SUBJ197,V1179,WBC,7.8,4.0,11.0,2025-01-25
L05895,SUBJ197,V1179,Creatinine,0.77,0.6,1.3,2025-01-25
L05896,SUBJ197,V1180,ALT,51.74,7.0,56.0,2025-01-29
L05897,SUBJ197,V1180,AST,24.77,10.0,40.0,2025-01-29
L05898,SUBJ197,V1180,Hemoglobin,12.77,12.0,16.0,2025-01-29
L05899,SUBJ197,V1180,WBC,6.81,4.0,11.0,2025-01-29
L05900,SUBJ197,V1180,Creatinine,0.74,0.6,1.3,2025-01-29
L05901,SUBJ197,V1181,ALT,36.17,7.0,56.0,2025-02-05
L05902,SUBJ197,V1181,AST,46.54,10.0,40.0,2025-02-05
L05903,SUBJ197,V1181,Hemoglobin,14.48,12.0,16.0,2025-02-05
L05904,SUBJ197,V1181,WBC,12.97,4.0,11.0,2025-02-05
L05905,SUBJ197,V1181,Creatinine,0.96,0.6,1.3,2025-02-05
L05906,SUBJ197,V1182,ALT,55.54,7.0,56.0,2025-02-13
L05907,SUBJ197,V1182,AST,8.94,10.0,40.0,2025-02-13
L05908,SUBJ197,V1182,Hemoglobin,14.25,12.0,16.0,2025-02-13
L05909,SUBJ197,V1182,WBC,6.14,4.0,11.0,2025-02-13
L05910,SUBJ197,V1182,Creatinine,-1.97,0.6,1.3,2025-02-13
L05911,SUBJ198,V1183,ALT,15.96,7.0,56.0,2025-02-10
L05912,SUBJ198,V1183,AST,24.09,10.0,40.0,2025-02-10
L05913,SUBJ198,V1183,Hemoglobin,13.54,12.0,16.0,2025-02-10
L05914,SUBJ198,V1183,WBC,5.28,4.0,11.0,2025-02-10
L05915,SUBJ198,V1183,Creatinine,0.98,0.6,1.3,2025-02-10
L05916,SUBJ198,V1184,ALT,8.62,7.0,56.0,2025-02-18
L05917,SUBJ198,V1184,AST,33.21,10.0,40.0,2025-02-18
L05918,SUBJ198,V1184,Hemoglobin,13.0,12.0,16.0,2025-02-18
L05919,SUBJ198,V1184,WBC,9.73,4.0,11.0,2025-02-18
L05920,SUBJ198,V1184,Creatinine,0.6,0.6,1.3,2025-02-18
L05921,SUBJ198,V1185,ALT,32.26,7.0,56.0,2025-02-22
L05922,SUBJ198,V1185,AST,29.89,10.0,40.0,2025-02-22
L05923,SUBJ198,V1185,Hemoglobin,14.74,12.0,16.0,2025-02-22
L05924,SUBJ198,V1185,WBC,6.95,4.0,11.0,2025-02-22
L05925,SUBJ198,V1185,Creatinine,1.06,0.6,1.3,2025-02-22
L05926,SUBJ198,V1186,ALT,31.6,7.0,56.0,2025-02-28
L05927,SUBJ198,V1186,AST,14.53,10.0,40.0,2025-02-28
L05928,SUBJ198,V1186,Hemoglobin,12.19,12.0,16.0,2025-02-28
L05929,SUBJ198,V1186,WBC,10.2,4.0,11.0,2025-02-28
L05930,SUBJ198,V1186,Creatinine,0.65,0.6,1.3,2025-02-28
L05931,SUBJ198,V1187,ALT,20.51,7.0,56.0,2025-03-10
L05932,SUBJ198,V1187,AST,28.97,10.0,40.0,2025-03-10
L05933,SUBJ198,V1187,Hemoglobin,14.29,12.0,16.0,2025-03-10
L05934,SUBJ198,V1187,WBC,7.0,4.0,11.0,2025-03-10
L05935,SUBJ198,V1187,Creatinine,1.3,0.6,1.3,2025-03-10
L05936,SUBJ198,V1188,ALT,47.41,7.0,56.0,2025-03-17
L05937,SUBJ198,V1188,AST,26.18,10.0,40.0,2025-03-17
L05938,SUBJ198,V1188,Hemoglobin,14.91,12.0,16.0,2025-03-17
L05939,SUBJ198,V1188,WBC,9.48,4.0,11.0,2025-03-17
L05940,SUBJ198,V1188,Creatinine,1.19,0.6,1.3,2025-03-17
L05941,SUBJ199,V1189,ALT,8.92,7.0,56.0,2025-02-18
L05942,SUBJ199,V1189,AST,23.55,10.0,40.0,2025-02-18
L05943,SUBJ199,V1189,Hemoglobin,15.38,12.0,16.0,2025-02-18
L05944,SUBJ199,V1189,WBC,5.72,4.0,11.0,2025-02-18
L05945,SUBJ199,V1189,Creatinine,,0.6,1.3,2025-02-18
L05946,SUBJ199,V1190,ALT,34.06,7.0,56.0,2025-02-23
L05947,SUBJ199,V1190,AST,10.66,10.0,40.0,2025-02-23
L05948,SUBJ199,V1190,Hemoglobin,,12.0,16.0,2025-02-23
L05949,SUBJ199,V1190,WBC,7.06,4.0,11.0,2025-02-23
L05950,SUBJ199,V1190,Creatinine,0.66,0.6,1.3,2025-02-23
L05951,SUBJ199,V1191,ALT,18.89,7.0,56.0,2025-03-05
L05952,SUBJ199,V1191,AST,21.54,10.0,40.0,2025-03-05
L05953,SUBJ199,V1191,Hemoglobin,14.82,12.0,16.0,2025-03-05
L05954,SUBJ199,V1191,WBC,5.88,4.0,11.0,2025-03-05
L05955,SUBJ199,V1191,Creatinine,0.67,0.6,1.3,2025-03-05
L05956,SUBJ199,V1192,ALT,45.06,7.0,56.0,2025-03-11
L05957,SUBJ199,V1192,AST,17.07,10.0,40.0,2025-03-11
L05958,SUBJ199,V1192,Hemoglobin,17.68,12.0,16.0,2025-03-11
L05959,SUBJ199,V1192,WBC,12.93,4.0,11.0,2025-03-11
L05960,SUBJ199,V1192,Creatinine,1.25,0.6,1.3,2025-03-11
L05961,SUBJ199,V1193,ALT,51.89,7.0,56.0,2025-03-17
L05962,SUBJ199,V1193,AST,14.67,10.0,40.0,2025-03-17
L05963,SUBJ199,V1193,Hemoglobin,13.93,12.0,16.0,2025-03-17
L05964,SUBJ199,V1193,WBC,7.98,4.0,11.0,2025-03-17
L05965,SUBJ199,V1193,Creatinine,0.75,0.6,1.3,2025-03-17
L05966,SUBJ199,V1194,ALT,33.12,7.0,56.0,2025-03-25
L05967,SUBJ199,V1194,AST,38.67,10.0,40.0,2025-03-25
L05968,SUBJ199,V1194,Hemoglobin,14.03,12.0,16.0,2025-03-25
L05969,SUBJ199,V1194,WBC,14.17,4.0,11.0,2025-03-25
L05970,SUBJ199,V1194,Creatinine,1.02,0.6,1.3,2025-03-25
L05971,SUBJ200,V1195,ALT,24.97,7.0,56.0,2025-03-04
L05972,SUBJ200,V1195,AST,21.57,10.0,40.0,2025-03-04
L05973,SUBJ200,V1195,Hemoglobin,13.85,12.0,16.0,2025-03-04
L05974,SUBJ200,V1195,WBC,10.15,4.0,11.0,2025-03-04
L05975,SUBJ200,V1195,Creatinine,1.28,0.6,1.3,2025-03-04
L05976,SUBJ200,V1196,ALT,43.04,7.0,56.0,2025-03-09
L05977,SUBJ200,V1196,AST,10.49,10.0,40.0,2025-03-09
L05978,SUBJ200,V1196,Hemoglobin,12.2,12.0,16.0,2025-03-09
L05979,SUBJ200,V1196,WBC,10.13,4.0,11.0,2025-03-09
L05980,SUBJ200,V1196,Creatinine,-1.45,0.6,1.3,2025-03-09
L05981,SUBJ200,V1197,ALT,19.99,7.0,56.0,2025-03-16
L05982,SUBJ200,V1197,AST,31.93,10.0,40.0,2025-03-16
L05983,SUBJ200,V1197,Hemoglobin,12.99,12.0,16.0,2025-03-16
L05984,SUBJ200,V1197,WBC,,4.0,11.0,2025-03-16
L05985,SUBJ200,V1197,Creatinine,1.06,0.6,1.3,2025-03-16
L05986,SUBJ200,V1198,ALT,45.76,7.0,56.0,2025-03-25
L05987,SUBJ200,V1198,AST,11.93,10.0,40.0,2025-03-25
L05988,SUBJ200,V1198,Hemoglobin,15.75,12.0,16.0,2025-03-25
L05989,SUBJ200,V1198,WBC,5.38,4.0,11.0,2025-03-25
L05990,SUBJ200,V1198,Creatinine,1.28,0.6,1.3,2025-03-25
L05991,SUBJ200,V1199,ALT,41.69,7.0,56.0,2025-04-02
L05992,SUBJ200,V1199,AST,29.57,10.0,40.0,2025-04-02
L05993,SUBJ200,V1199,Hemoglobin,15.9,12.0,16.0,2025-04-02
L05994,SUBJ200,V1199,WBC,8.88,4.0,11.0,2025-04-02
L05995,SUBJ200,V1199,Creatinine,6.3,0.6,1.3,2025-04-02
L05996,SUBJ200,V1200,ALT,4.73,7.0,56.0,2025-04-07
L05997,SUBJ200,V1200,AST,31.55,10.0,40.0,2025-04-07
L05998,SUBJ200,V1200,Hemoglobin,15.84,12.0,16.0,2025-04-07
L05999,SUBJ200,V1200,WBC,9.78,4.0,11.0,2025-04-07
L06000,SUBJ200,V1200,Creatinine,0.84,0.6,1.3,2025-04-07
L06001,SUBJ201,V1201,ALT,36.19,7.0,56.0,2025-03-20
L06002,SUBJ201,V1201,AST,8.74,10.0,40.0,2025-03-20
L06003,SUBJ201,V1201,Hemoglobin,15.67,12.0,16.0,2025-03-20
L06004,SUBJ201,V1201,WBC,8.18,4.0,11.0,2025-03-20
L06005,SUBJ201,V1201,Creatinine,0.61,0.6,1.3,2025-03-20
L06006,SUBJ201,V1202,ALT,23.03,7.0,56.0,2025-03-29
L06007,SUBJ201,V1202,AST,18.86,10.0,40.0,2025-03-29
L06008,SUBJ201,V1202,Hemoglobin,14.84,12.0,16.0,2025-03-29
L06009,SUBJ201,V1202,WBC,20.17,4.0,11.0,2025-03-29
L06010,SUBJ201,V1202,Creatinine,1.1,0.6,1.3,2025-03-29
L06011,SUBJ201,V1203,ALT,40.12,7.0,56.0,2025-04-05
L06012,SUBJ201,V1203,AST,32.91,10.0,40.0,2025-04-05
L06013,SUBJ201,V1203,Hemoglobin,14.17,12.0,16.0,2025-04-05
L06014,SUBJ201,V1203,WBC,7.94,4.0,11.0,2025-04-05
L06015,SUBJ201,V1203,Creatinine,0.93,0.6,1.3,2025-04-05
L06016,SUBJ201,V1204,ALT,46.19,7.0,56.0,2025-04-13
L06017,SUBJ201,V1204,AST,23.43,10.0,40.0,2025-04-13
L06018,SUBJ201,V1204,Hemoglobin,13.89,12.0,16.0,2025-04-13
L06019,SUBJ201,V1204,WBC,6.47,4.0,11.0,2025-04-13
L06020,SUBJ201,V1204,Creatinine,0.89,0.6,1.3,2025-04-13
L06021,SUBJ201,V1205,ALT,14.23,7.0,56.0,2025-04-16
L06022,SUBJ201,V1205,AST,23.96,10.0,40.0,2025-04-16
L06023,SUBJ201,V1205,Hemoglobin,14.97,12.0,16.0,2025-04-16
L06024,SUBJ201,V1205,WBC,6.85,4.0,11.0,2025-04-16
L06025,SUBJ201,V1205,Creatinine,0.65,0.6,1.3,2025-04-16
L06026,SUBJ201,V1206,ALT,11.85,7.0,56.0,2025-04-23
L06027,SUBJ201,V1206,AST,13.7,10.0,40.0,2025-04-23
L06028,SUBJ201,V1206,Hemoglobin,,12.0,16.0,2025-04-23
L06029,SUBJ201,V1206,WBC,7.81,4.0,11.0,2025-04-23
L06030,SUBJ201,V1206,Creatinine,1.26,0.6,1.3,2025-04-23
L06031,SUBJ202,V1207,ALT,54.83,7.0,56.0,2025-02-17
L06032,SUBJ202,V1207,AST,29.9,10.0,40.0,2025-02-17
L06033,SUBJ202,V1207,Hemoglobin,13.13,12.0,16.0,2025-02-17
L06034,SUBJ202,V1207,WBC,,4.0,11.0,2025-02-17
L06035,SUBJ202,V1207,Creatinine,0.78,0.6,1.3,2025-02-17
L06036,SUBJ202,V1208,ALT,24.01,7.0,56.0,2025-02-22
L06037,SUBJ202,V1208,AST,19.99,10.0,40.0,2025-02-22
L06038,SUBJ202,V1208,Hemoglobin,9.42,12.0,16.0,2025-02-22
L06039,SUBJ202,V1208,WBC,7.69,4.0,11.0,2025-02-22
L06040,SUBJ202,V1208,Creatinine,1.03,0.6,1.3,2025-02-22
L06041,SUBJ202,V1209,ALT,36.13,7.0,56.0,2025-03-03
L06042,SUBJ202,V1209,AST,23.68,10.0,40.0,2025-03-03
L06043,SUBJ202,V1209,Hemoglobin,13.74,12.0,16.0,2025-03-03
L06044,SUBJ202,V1209,WBC,4.42,4.0,11.0,2025-03-03
L06045,SUBJ202,V1209,Creatinine,1.07,0.6,1.3,2025-03-03
L06046,SUBJ202,V1210,ALT,43.08,7.0,56.0,2025-03-07
L06047,SUBJ202,V1210,AST,18.94,10.0,40.0,2025-03-07
L06048,SUBJ202,V1210,Hemoglobin,13.7,12.0,16.0,2025-03-07
L06049,SUBJ202,V1210,WBC,8.44,4.0,11.0,2025-03-07
L06050,SUBJ202,V1210,Creatinine,1.04,0.6,1.3,2025-03-07
L06051,SUBJ202,V1211,ALT,25.92,7.0,56.0,2025-03-18
L06052,SUBJ202,V1211,AST,31.37,10.0,40.0,2025-03-18
L06053,SUBJ202,V1211,Hemoglobin,13.62,12.0,16.0,2025-03-18
L06054,SUBJ202,V1211,WBC,15.5,4.0,11.0,2025-03-18
L06055,SUBJ202,V1211,Creatinine,0.98,0.6,1.3,2025-03-18
L06056,SUBJ202,V1212,ALT,16.76,7.0,56.0,2025-03-23
L06057,SUBJ202,V1212,AST,34.6,10.0,40.0,2025-03-23
L06058,SUBJ202,V1212,Hemoglobin,15.45,12.0,16.0,2025-03-23
L06059,SUBJ202,V1212,WBC,10.87,4.0,11.0,2025-03-23
L06060,SUBJ202,V1212,Creatinine,0.8,0.6,1.3,2025-03-23
L06061,SUBJ203,V1213,ALT,26.73,7.0,56.0,2025-02-08
L06062,SUBJ203,V1213,AST,21.87,10.0,40.0,2025-02-08
L06063,SUBJ203,V1213,Hemoglobin,14.2,12.0,16.0,2025-02-08
L06064,SUBJ203,V1213,WBC,8.31,4.0,11.0,2025-02-08
L06065,SUBJ203,V1213,Creatinine,0.88,0.6,1.3,2025-02-08
L06066,SUBJ203,V1214,ALT,8.33,7.0,56.0,2025-02-11
L06067,SUBJ203,V1214,AST,28.85,10.0,40.0,2025-02-11
L06068,SUBJ203,V1214,Hemoglobin,14.12,12.0,16.0,2025-02-11
L06069,SUBJ203,V1214,WBC,7.11,4.0,11.0,2025-02-11
L06070,SUBJ203,V1214,Creatinine,0.84,0.6,1.3,2025-02-11
L06071,SUBJ203,V1215,ALT,26.94,7.0,56.0,2025-02-22
L06072,SUBJ203,V1215,AST,8.1,10.0,40.0,2025-02-22
L06073,SUBJ203,V1215,Hemoglobin,12.42,12.0,16.0,2025-02-22
L06074,SUBJ203,V1215,WBC,9.44,4.0,11.0,2025-02-22
L06075,SUBJ203,V1215,Creatinine,,0.6,1.3,2025-02-22
L06076,SUBJ203,V1216,ALT,30.62,7.0,56.0,2025-02-26
L06077,SUBJ203,V1216,AST,28.41,10.0,40.0,2025-02-26
L06078,SUBJ203,V1216,Hemoglobin,12.28,12.0,16.0,2025-02-26
L06079,SUBJ203,V1216,WBC,4.23,4.0,11.0,2025-02-26
L06080,SUBJ203,V1216,Creatinine,0.91,0.6,1.3,2025-02-26
L06081,SUBJ203,V1217,ALT,36.02,7.0,56.0,2025-03-05
L06082,SUBJ203,V1217,AST,16.94,10.0,40.0,2025-03-05
L06083,SUBJ203,V1217,Hemoglobin,15.39,12.0,16.0,2025-03-05
L06084,SUBJ203,V1217,WBC,10.08,4.0,11.0,2025-03-05
L06085,SUBJ203,V1217,Creatinine,1.24,0.6,1.3,2025-03-05
L06086,SUBJ203,V1218,ALT,16.08,7.0,56.0,2025-03-12
L06087,SUBJ203,V1218,AST,34.11,10.0,40.0,2025-03-12
L06088,SUBJ203,V1218,Hemoglobin,15.45,12.0,16.0,2025-03-12
L06089,SUBJ203,V1218,WBC,9.56,4.0,11.0,2025-03-12
L06090,SUBJ203,V1218,Creatinine,1.19,0.6,1.3,2025-03-12
L06091,SUBJ204,V1219,ALT,,7.0,56.0,2025-03-23
L06092,SUBJ204,V1219,AST,34.53,10.0,40.0,2025-03-23
L06093,SUBJ204,V1219,Hemoglobin,14.04,12.0,16.0,2025-03-23
L06094,SUBJ204,V1219,WBC,4.47,4.0,11.0,2025-03-23
L06095,SUBJ204,V1219,Creatinine,0.96,0.6,1.3,2025-03-23
L06096,SUBJ204,V1220,ALT,50.35,7.0,56.0,2025-04-01
L06097,SUBJ204,V1220,AST,26.25,10.0,40.0,2025-04-01
L06098,SUBJ204,V1220,Hemoglobin,12.86,12.0,16.0,2025-04-01
L06099,SUBJ204,V1220,WBC,4.09,4.0,11.0,2025-04-01
L06100,SUBJ204,V1220,Creatinine,1.03,0.6,1.3,2025-04-01
L06101,SUBJ204,V1221,ALT,22.44,7.0,56.0,2025-04-06
L06102,SUBJ204,V1221,AST,38.26,10.0,40.0,2025-04-06
L06103,SUBJ204,V1221,Hemoglobin,12.64,12.0,16.0,2025-04-06
L06104,SUBJ204,V1221,WBC,9.99,4.0,11.0,2025-04-06
L06105,SUBJ204,V1221,Creatinine,0.81,0.6,1.3,2025-04-06
L06106,SUBJ204,V1222,ALT,31.89,7.0,56.0,2025-04-13
L06107,SUBJ204,V1222,AST,8.9,10.0,40.0,2025-04-13
L06108,SUBJ204,V1222,Hemoglobin,14.92,12.0,16.0,2025-04-13
L06109,SUBJ204,V1222,WBC,4.85,4.0,11.0,2025-04-13
L06110,SUBJ204,V1222,Creatinine,0.85,0.6,1.3,2025-04-13
L06111,SUBJ204,V1223,ALT,30.59,7.0,56.0,2025-04-23
L06112,SUBJ204,V1223,AST,,10.0,40.0,2025-04-23
L06113,SUBJ204,V1223,Hemoglobin,12.17,12.0,16.0,2025-04-23
L06114,SUBJ204,V1223,WBC,9.99,4.0,11.0,2025-04-23
L06115,SUBJ204,V1223,Creatinine,0.78,0.6,1.3,2025-04-23
L06116,SUBJ204,V1224,ALT,19.79,7.0,56.0,2025-04-26
L06117,SUBJ204,V1224,AST,26.25,10.0,40.0,2025-04-26
L06118,SUBJ204,V1224,Hemoglobin,13.08,12.0,16.0,2025-04-26
L06119,SUBJ204,V1224,WBC,5.51,4.0,11.0,2025-04-26
L06120,SUBJ204,V1224,Creatinine,0.67,0.6,1.3,2025-04-26
L06121,SUBJ205,V1225,ALT,5.76,7.0,56.0,2025-03-24
L06122,SUBJ205,V1225,AST,7.79,10.0,40.0,2025-03-24
L06123,SUBJ205,V1225,Hemoglobin,15.53,12.0,16.0,2025-03-24
L06124,SUBJ205,V1225,WBC,8.02,4.0,11.0,2025-03-24
L06125,SUBJ205,V1225,Creatinine,0.91,0.6,1.3,2025-03-24
L06126,SUBJ205,V1226,ALT,29.3,7.0,56.0,2025-04-01
L06127,SUBJ205,V1226,AST,28.42,10.0,40.0,2025-04-01
L06128,SUBJ205,V1226,Hemoglobin,12.56,12.0,16.0,2025-04-01
L06129,SUBJ205,V1226,WBC,10.52,4.0,11.0,2025-04-01
L06130,SUBJ205,V1226,Creatinine,0.64,0.6,1.3,2025-04-01
L06131,SUBJ205,V1227,ALT,53.42,7.0,56.0,2025-04-08
L06132,SUBJ205,V1227,AST,35.21,10.0,40.0,2025-04-08
L06133,SUBJ205,V1227,Hemoglobin,14.01,12.0,16.0,2025-04-08
L06134,SUBJ205,V1227,WBC,9.1,4.0,11.0,2025-04-08
L06135,SUBJ205,V1227,Creatinine,0.99,0.6,1.3,2025-04-08
L06136,SUBJ205,V1228,ALT,34.24,7.0,56.0,2025-04-15
L06137,SUBJ205,V1228,AST,17.18,10.0,40.0,2025-04-15
L06138,SUBJ205,V1228,Hemoglobin,13.01,12.0,16.0,2025-04-15
L06139,SUBJ205,V1228,WBC,,4.0,11.0,2025-04-15
L06140,SUBJ205,V1228,Creatinine,0.64,0.6,1.3,2025-04-15
L06141,SUBJ205,V1229,ALT,19.3,7.0,56.0,2025-04-23
L06142,SUBJ205,V1229,AST,,10.0,40.0,2025-04-23
L06143,SUBJ205,V1229,Hemoglobin,13.57,12.0,16.0,2025-04-23
L06144,SUBJ205,V1229,WBC,6.04,4.0,11.0,2025-04-23
L06145,SUBJ205,V1229,Creatinine,0.75,0.6,1.3,2025-04-23
L06146,SUBJ205,V1230,ALT,16.13,7.0,56.0,2025-04-27
L06147,SUBJ205,V1230,AST,23.27,10.0,40.0,2025-04-27
L06148,SUBJ205,V1230,Hemoglobin,15.78,12.0,16.0,2025-04-27
L06149,SUBJ205,V1230,WBC,4.02,4.0,11.0,2025-04-27
L06150,SUBJ205,V1230,Creatinine,1.25,0.6,1.3,2025-04-27
L06151,SUBJ206,V1231,ALT,32.3,7.0,56.0,2025-03-24
L06152,SUBJ206,V1231,AST,7.76,10.0,40.0,2025-03-24
L06153,SUBJ206,V1231,Hemoglobin,12.7,12.0,16.0,2025-03-24
L06154,SUBJ206,V1231,WBC,,4.0,11.0,2025-03-24
L06155,SUBJ206,V1231,Creatinine,0.78,0.6,1.3,2025-03-24
L06156,SUBJ206,V1232,ALT,5.88,7.0,56.0,2025-03-29
L06157,SUBJ206,V1232,AST,27.65,10.0,40.0,2025-03-29
L06158,SUBJ206,V1232,Hemoglobin,15.25,12.0,16.0,2025-03-29
L06159,SUBJ206,V1232,WBC,8.83,4.0,11.0,2025-03-29
L06160,SUBJ206,V1232,Creatinine,0.64,0.6,1.3,2025-03-29
L06161,SUBJ206,V1233,ALT,18.56,7.0,56.0,2025-04-08
L06162,SUBJ206,V1233,AST,7.54,10.0,40.0,2025-04-08
L06163,SUBJ206,V1233,Hemoglobin,14.19,12.0,16.0,2025-04-08
L06164,SUBJ206,V1233,WBC,6.03,4.0,11.0,2025-04-08
L06165,SUBJ206,V1233,Creatinine,1.04,0.6,1.3,2025-04-08
L06166,SUBJ206,V1234,ALT,22.98,7.0,56.0,2025-04-14
L06167,SUBJ206,V1234,AST,25.21,10.0,40.0,2025-04-14
L06168,SUBJ206,V1234,Hemoglobin,15.02,12.0,16.0,2025-04-14
L06169,SUBJ206,V1234,WBC,9.47,4.0,11.0,2025-04-14
L06170,SUBJ206,V1234,Creatinine,1.17,0.6,1.3,2025-04-14
L06171,SUBJ206,V1235,ALT,14.88,7.0,56.0,2025-04-20
L06172,SUBJ206,V1235,AST,35.4,10.0,40.0,2025-04-20
L06173,SUBJ206,V1235,Hemoglobin,12.74,12.0,16.0,2025-04-20
L06174,SUBJ206,V1235,WBC,2.93,4.0,11.0,2025-04-20
L06175,SUBJ206,V1235,Creatinine,1.16,0.6,1.3,2025-04-20
L06176,SUBJ206,V1236,ALT,21.85,7.0,56.0,2025-04-30
L06177,SUBJ206,V1236,AST,,10.0,40.0,2025-04-30
L06178,SUBJ206,V1236,Hemoglobin,12.07,12.0,16.0,2025-04-30
L06179,SUBJ206,V1236,WBC,8.31,4.0,11.0,2025-04-30
L06180,SUBJ206,V1236,Creatinine,-2.33,0.6,1.3,2025-04-30
L06181,SUBJ207,V1237,ALT,26.06,7.0,56.0,2025-03-19
L06182,SUBJ207,V1237,AST,,10.0,40.0,2025-03-19
L06183,SUBJ207,V1237,Hemoglobin,14.33,12.0,16.0,2025-03-19
L06184,SUBJ207,V1237,WBC,9.85,4.0,11.0,2025-03-19
L06185,SUBJ207,V1237,Creatinine,1.3,0.6,1.3,2025-03-19
L06186,SUBJ207,V1238,ALT,46.23,7.0,56.0,2025-03-30
L06187,SUBJ207,V1238,AST,29.85,10.0,40.0,2025-03-30
L06188,SUBJ207,V1238,Hemoglobin,14.88,12.0,16.0,2025-03-30
L06189,SUBJ207,V1238,WBC,,4.0,11.0,2025-03-30
L06190,SUBJ207,V1238,Creatinine,0.76,0.6,1.3,2025-03-30
L06191,SUBJ207,V1239,ALT,7.87,7.0,56.0,2025-04-05
L06192,SUBJ207,V1239,AST,11.95,10.0,40.0,2025-04-05
L06193,SUBJ207,V1239,Hemoglobin,14.95,12.0,16.0,2025-04-05
L06194,SUBJ207,V1239,WBC,5.59,4.0,11.0,2025-04-05
L06195,SUBJ207,V1239,Creatinine,0.71,0.6,1.3,2025-04-05
L06196,SUBJ207,V1240,ALT,65.4,7.0,56.0,2025-04-13
L06197,SUBJ207,V1240,AST,16.14,10.0,40.0,2025-04-13
L06198,SUBJ207,V1240,Hemoglobin,14.4,12.0,16.0,2025-04-13
L06199,SUBJ207,V1240,WBC,4.02,4.0,11.0,2025-04-13
L06200,SUBJ207,V1240,Creatinine,1.29,0.6,1.3,2025-04-13
L06201,SUBJ207,V1241,ALT,43.21,7.0,56.0,2025-04-18
L06202,SUBJ207,V1241,AST,37.29,10.0,40.0,2025-04-18
L06203,SUBJ207,V1241,Hemoglobin,15.02,12.0,16.0,2025-04-18
L06204,SUBJ207,V1241,WBC,10.27,4.0,11.0,2025-04-18
L06205,SUBJ207,V1241,Creatinine,1.27,0.6,1.3,2025-04-18
L06206,SUBJ207,V1242,ALT,46.06,7.0,56.0,2025-04-26
L06207,SUBJ207,V1242,AST,,10.0,40.0,2025-04-26
L06208,SUBJ207,V1242,Hemoglobin,12.06,12.0,16.0,2025-04-26
L06209,SUBJ207,V1242,WBC,5.96,4.0,11.0,2025-04-26
L06210,SUBJ207,V1242,Creatinine,-0.92,0.6,1.3,2025-04-26
L06211,SUBJ208,V1243,ALT,55.06,7.0,56.0,2025-01-16
L06212,SUBJ208,V1243,AST,38.59,10.0,40.0,2025-01-16
L06213,SUBJ208,V1243,Hemoglobin,14.27,12.0,16.0,2025-01-16
L06214,SUBJ208,V1243,WBC,9.41,4.0,11.0,2025-01-16
L06215,SUBJ208,V1243,Creatinine,0.74,0.6,1.3,2025-01-16
L06216,SUBJ208,V1244,ALT,32.77,7.0,56.0,2025-01-23
L06217,SUBJ208,V1244,AST,30.99,10.0,40.0,2025-01-23
L06218,SUBJ208,V1244,Hemoglobin,14.89,12.0,16.0,2025-01-23
L06219,SUBJ208,V1244,WBC,5.8,4.0,11.0,2025-01-23
L06220,SUBJ208,V1244,Creatinine,1.06,0.6,1.3,2025-01-23
L06221,SUBJ208,V1245,ALT,13.02,7.0,56.0,2025-02-02
L06222,SUBJ208,V1245,AST,33.59,10.0,40.0,2025-02-02
L06223,SUBJ208,V1245,Hemoglobin,15.79,12.0,16.0,2025-02-02
L06224,SUBJ208,V1245,WBC,10.11,4.0,11.0,2025-02-02
L06225,SUBJ208,V1245,Creatinine,0.69,0.6,1.3,2025-02-02
L06226,SUBJ208,V1246,ALT,39.96,7.0,56.0,2025-02-07
L06227,SUBJ208,V1246,AST,18.42,10.0,40.0,2025-02-07
L06228,SUBJ208,V1246,Hemoglobin,,12.0,16.0,2025-02-07
L06229,SUBJ208,V1246,WBC,6.29,4.0,11.0,2025-02-07
L06230,SUBJ208,V1246,Creatinine,0.85,0.6,1.3,2025-02-07
L06231,SUBJ208,V1247,ALT,54.16,7.0,56.0,2025-02-14
L06232,SUBJ208,V1247,AST,34.5,10.0,40.0,2025-02-14
L06233,SUBJ208,V1247,Hemoglobin,12.64,12.0,16.0,2025-02-14
L06234,SUBJ208,V1247,WBC,10.71,4.0,11.0,2025-02-14
L06235,SUBJ208,V1247,Creatinine,1.09,0.6,1.3,2025-02-14
L06236,SUBJ208,V1248,ALT,34.43,7.0,56.0,2025-02-19
L06237,SUBJ208,V1248,AST,34.52,10.0,40.0,2025-02-19
L06238,SUBJ208,V1248,Hemoglobin,13.7,12.0,16.0,2025-02-19
L06239,SUBJ208,V1248,WBC,9.28,4.0,11.0,2025-02-19
L06240,SUBJ208,V1248,Creatinine,,0.6,1.3,2025-02-19
L06241,SUBJ209,V1249,ALT,21.94,7.0,56.0,2025-01-06
L06242,SUBJ209,V1249,AST,17.39,10.0,40.0,2025-01-06
L06243,SUBJ209,V1249,Hemoglobin,13.43,12.0,16.0,2025-01-06
L06244,SUBJ209,V1249,WBC,4.91,4.0,11.0,2025-01-06
L06245,SUBJ209,V1249,Creatinine,0.93,0.6,1.3,2025-01-06
L06246,SUBJ209,V1250,ALT,62.7,7.0,56.0,2025-01-14
L06247,SUBJ209,V1250,AST,31.24,10.0,40.0,2025-01-14
L06248,SUBJ209,V1250,Hemoglobin,12.35,12.0,16.0,2025-01-14
L06249,SUBJ209,V1250,WBC,8.47,4.0,11.0,2025-01-14
L06250,SUBJ209,V1250,Creatinine,10.62,0.6,1.3,2025-01-14
L06251,SUBJ209,V1251,ALT,52.42,7.0,56.0,2025-01-20
L06252,SUBJ209,V1251,AST,38.82,10.0,40.0,2025-01-20
L06253,SUBJ209,V1251,Hemoglobin,13.77,12.0,16.0,2025-01-20
L06254,SUBJ209,V1251,WBC,5.42,4.0,11.0,2025-01-20
L06255,SUBJ209,V1251,Creatinine,1.21,0.6,1.3,2025-01-20
L06256,SUBJ209,V1252,ALT,18.41,7.0,56.0,2025-01-28
L06257,SUBJ209,V1252,AST,13.9,10.0,40.0,2025-01-28
L06258,SUBJ209,V1252,Hemoglobin,14.39,12.0,16.0,2025-01-28
L06259,SUBJ209,V1252,WBC,7.29,4.0,11.0,2025-01-28
L06260,SUBJ209,V1252,Creatinine,,0.6,1.3,2025-01-28
L06261,SUBJ209,V1253,ALT,15.88,7.0,56.0,2025-02-01
L06262,SUBJ209,V1253,AST,22.84,10.0,40.0,2025-02-01
L06263,SUBJ209,V1253,Hemoglobin,14.75,12.0,16.0,2025-02-01
L06264,SUBJ209,V1253,WBC,8.13,4.0,11.0,2025-02-01
L06265,SUBJ209,V1253,Creatinine,0.68,0.6,1.3,2025-02-01
L06266,SUBJ209,V1254,ALT,47.38,7.0,56.0,2025-02-10
L06267,SUBJ209,V1254,AST,28.39,10.0,40.0,2025-02-10
L06268,SUBJ209,V1254,Hemoglobin,15.27,12.0,16.0,2025-02-10
L06269,SUBJ209,V1254,WBC,6.16,4.0,11.0,2025-02-10
L06270,SUBJ209,V1254,Creatinine,1.1,0.6,1.3,2025-02-10
L06271,SUBJ210,V1255,ALT,53.97,7.0,56.0,2025-01-21
L06272,SUBJ210,V1255,AST,38.4,10.0,40.0,2025-01-21
L06273,SUBJ210,V1255,Hemoglobin,,12.0,16.0,2025-01-21
L06274,SUBJ210,V1255,WBC,4.91,4.0,11.0,2025-01-21
L06275,SUBJ210,V1255,Creatinine,0.74,0.6,1.3,2025-01-21
L06276,SUBJ210,V1256,ALT,13.88,7.0,56.0,2025-01-27
L06277,SUBJ210,V1256,AST,37.37,10.0,40.0,2025-01-27
L06278,SUBJ210,V1256,Hemoglobin,12.17,12.0,16.0,2025-01-27
L06279,SUBJ210,V1256,WBC,,4.0,11.0,2025-01-27
L06280,SUBJ210,V1256,Creatinine,0.86,0.6,1.3,2025-01-27
L06281,SUBJ210,V1257,ALT,61.29,7.0,56.0,2025-02-06
L06282,SUBJ210,V1257,AST,12.49,10.0,40.0,2025-02-06
L06283,SUBJ210,V1257,Hemoglobin,12.58,12.0,16.0,2025-02-06
L06284,SUBJ210,V1257,WBC,5.66,4.0,11.0,2025-02-06
L06285,SUBJ210,V1257,Creatinine,0.74,0.6,1.3,2025-02-06
L06286,SUBJ210,V1258,ALT,54.84,7.0,56.0,2025-02-13
L06287,SUBJ210,V1258,AST,22.46,10.0,40.0,2025-02-13
L06288,SUBJ210,V1258,Hemoglobin,15.06,12.0,16.0,2025-02-13
L06289,SUBJ210,V1258,WBC,6.13,4.0,11.0,2025-02-13
L06290,SUBJ210,V1258,Creatinine,0.8,0.6,1.3,2025-02-13
L06291,SUBJ210,V1259,ALT,4.26,7.0,56.0,2025-02-18
L06292,SUBJ210,V1259,AST,38.61,10.0,40.0,2025-02-18
L06293,SUBJ210,V1259,Hemoglobin,14.47,12.0,16.0,2025-02-18
L06294,SUBJ210,V1259,WBC,7.92,4.0,11.0,2025-02-18
L06295,SUBJ210,V1259,Creatinine,1.22,0.6,1.3,2025-02-18
L06296,SUBJ210,V1260,ALT,55.6,7.0,56.0,2025-02-28
L06297,SUBJ210,V1260,AST,23.41,10.0,40.0,2025-02-28
L06298,SUBJ210,V1260,Hemoglobin,21.45,12.0,16.0,2025-02-28
L06299,SUBJ210,V1260,WBC,1.13,4.0,11.0,2025-02-28
L06300,SUBJ210,V1260,Creatinine,1.18,0.6,1.3,2025-02-28
L06301,SUBJ211,V1261,ALT,38.16,7.0,56.0,2025-02-07
L06302,SUBJ211,V1261,AST,11.9,10.0,40.0,2025-02-07
L06303,SUBJ211,V1261,Hemoglobin,,12.0,16.0,2025-02-07
L06304,SUBJ211,V1261,WBC,8.65,4.0,11.0,2025-02-07
L06305,SUBJ211,V1261,Creatinine,0.71,0.6,1.3,2025-02-07
L06306,SUBJ211,V1262,ALT,48.48,7.0,56.0,2025-02-18
L06307,SUBJ211,V1262,AST,,10.0,40.0,2025-02-18
L06308,SUBJ211,V1262,Hemoglobin,14.35,12.0,16.0,2025-02-18
L06309,SUBJ211,V1262,WBC,5.64,4.0,11.0,2025-02-18
L06310,SUBJ211,V1262,Creatinine,1.3,0.6,1.3,2025-02-18
L06311,SUBJ211,V1263,ALT,27.88,7.0,56.0,2025-02-24
L06312,SUBJ211,V1263,AST,24.89,10.0,40.0,2025-02-24
L06313,SUBJ211,V1263,Hemoglobin,14.74,12.0,16.0,2025-02-24
L06314,SUBJ211,V1263,WBC,8.98,4.0,11.0,2025-02-24
L06315,SUBJ211,V1263,Creatinine,1.27,0.6,1.3,2025-02-24
L06316,SUBJ211,V1264,ALT,9.25,7.0,56.0,2025-03-01
L06317,SUBJ211,V1264,AST,43.43,10.0,40.0,2025-03-01
L06318,SUBJ211,V1264,Hemoglobin,14.96,12.0,16.0,2025-03-01
L06319,SUBJ211,V1264,WBC,10.01,4.0,11.0,2025-03-01
L06320,SUBJ211,V1264,Creatinine,8.93,0.6,1.3,2025-03-01
L06321,SUBJ211,V1265,ALT,53.86,7.0,56.0,2025-03-09
L06322,SUBJ211,V1265,AST,22.76,10.0,40.0,2025-03-09
L06323,SUBJ211,V1265,Hemoglobin,13.27,12.0,16.0,2025-03-09
L06324,SUBJ211,V1265,WBC,9.54,4.0,11.0,2025-03-09
L06325,SUBJ211,V1265,Creatinine,1.24,0.6,1.3,2025-03-09
L06326,SUBJ211,V1266,ALT,26.7,7.0,56.0,2025-03-15
L06327,SUBJ211,V1266,AST,34.28,10.0,40.0,2025-03-15
L06328,SUBJ211,V1266,Hemoglobin,15.02,12.0,16.0,2025-03-15
L06329,SUBJ211,V1266,WBC,6.56,4.0,11.0,2025-03-15
L06330,SUBJ211,V1266,Creatinine,0.84,0.6,1.3,2025-03-15
L06331,SUBJ212,V1267,ALT,50.15,7.0,56.0,2025-01-04
L06332,SUBJ212,V1267,AST,24.73,10.0,40.0,2025-01-04
L06333,SUBJ212,V1267,Hemoglobin,12.53,12.0,16.0,2025-01-04
L06334,SUBJ212,V1267,WBC,4.17,4.0,11.0,2025-01-04
L06335,SUBJ212,V1267,Creatinine,0.78,0.6,1.3,2025-01-04
L06336,SUBJ212,V1268,ALT,27.37,7.0,56.0,2025-01-15
L06337,SUBJ212,V1268,AST,12.24,10.0,40.0,2025-01-15
L06338,SUBJ212,V1268,Hemoglobin,12.18,12.0,16.0,2025-01-15
L06339,SUBJ212,V1268,WBC,,4.0,11.0,2025-01-15
L06340,SUBJ212,V1268,Creatinine,1.23,0.6,1.3,2025-01-15
L06341,SUBJ212,V1269,ALT,10.24,7.0,56.0,2025-01-18
L06342,SUBJ212,V1269,AST,10.61,10.0,40.0,2025-01-18
L06343,SUBJ212,V1269,Hemoglobin,13.82,12.0,16.0,2025-01-18
L06344,SUBJ212,V1269,WBC,8.81,4.0,11.0,2025-01-18
L06345,SUBJ212,V1269,Creatinine,0.98,0.6,1.3,2025-01-18
L06346,SUBJ212,V1270,ALT,50.41,7.0,56.0,2025-01-27
L06347,SUBJ212,V1270,AST,33.82,10.0,40.0,2025-01-27
L06348,SUBJ212,V1270,Hemoglobin,13.49,12.0,16.0,2025-01-27
L06349,SUBJ212,V1270,WBC,8.48,4.0,11.0,2025-01-27
L06350,SUBJ212,V1270,Creatinine,0.79,0.6,1.3,2025-01-27
L06351,SUBJ212,V1271,ALT,26.14,7.0,56.0,2025-02-05
L06352,SUBJ212,V1271,AST,28.92,10.0,40.0,2025-02-05
L06353,SUBJ212,V1271,Hemoglobin,14.55,12.0,16.0,2025-02-05
L06354,SUBJ212,V1271,WBC,7.48,4.0,11.0,2025-02-05
L06355,SUBJ212,V1271,Creatinine,0.98,0.6,1.3,2025-02-05
L06356,SUBJ212,V1272,ALT,29.03,7.0,56.0,2025-02-11
L06357,SUBJ212,V1272,AST,,10.0,40.0,2025-02-11
L06358,SUBJ212,V1272,Hemoglobin,12.55,12.0,16.0,2025-02-11
L06359,SUBJ212,V1272,WBC,10.89,4.0,11.0,2025-02-11
L06360,SUBJ212,V1272,Creatinine,0.93,0.6,1.3,2025-02-11
L06361,SUBJ213,V1273,ALT,21.49,7.0,56.0,2025-02-03
L06362,SUBJ213,V1273,AST,33.84,10.0,40.0,2025-02-03
L06363,SUBJ213,V1273,Hemoglobin,13.6,12.0,16.0,2025-02-03
L06364,SUBJ213,V1273,WBC,8.27,4.0,11.0,2025-02-03
L06365,SUBJ213,V1273,Creatinine,0.9,0.6,1.3,2025-02-03
L06366,SUBJ213,V1274,ALT,,7.0,56.0,2025-02-06
L06367,SUBJ213,V1274,AST,34.94,10.0,40.0,2025-02-06
L06368,SUBJ213,V1274,Hemoglobin,12.87,12.0,16.0,2025-02-06
L06369,SUBJ213,V1274,WBC,6.71,4.0,11.0,2025-02-06
L06370,SUBJ213,V1274,Creatinine,1.21,0.6,1.3,2025-02-06
L06371,SUBJ213,V1275,ALT,50.89,7.0,56.0,2025-02-16
L06372,SUBJ213,V1275,AST,26.22,10.0,40.0,2025-02-16
L06373,SUBJ213,V1275,Hemoglobin,14.34,12.0,16.0,2025-02-16
L06374,SUBJ213,V1275,WBC,8.03,4.0,11.0,2025-02-16
L06375,SUBJ213,V1275,Creatinine,0.85,0.6,1.3,2025-02-16
L06376,SUBJ213,V1276,ALT,60.11,7.0,56.0,2025-02-23
L06377,SUBJ213,V1276,AST,29.45,10.0,40.0,2025-02-23
L06378,SUBJ213,V1276,Hemoglobin,15.91,12.0,16.0,2025-02-23
L06379,SUBJ213,V1276,WBC,8.42,4.0,11.0,2025-02-23
L06380,SUBJ213,V1276,Creatinine,0.71,0.6,1.3,2025-02-23
L06381,SUBJ213,V1277,ALT,30.37,7.0,56.0,2025-03-03
L06382,SUBJ213,V1277,AST,39.73,10.0,40.0,2025-03-03
L06383,SUBJ213,V1277,Hemoglobin,13.5,12.0,16.0,2025-03-03
L06384,SUBJ213,V1277,WBC,9.48,4.0,11.0,2025-03-03
L06385,SUBJ213,V1277,Creatinine,9.89,0.6,1.3,2025-03-03
L06386,SUBJ213,V1278,ALT,33.07,7.0,56.0,2025-03-10
L06387,SUBJ213,V1278,AST,37.47,10.0,40.0,2025-03-10
L06388,SUBJ213,V1278,Hemoglobin,10.69,12.0,16.0,2025-03-10
L06389,SUBJ213,V1278,WBC,8.77,4.0,11.0,2025-03-10
L06390,SUBJ213,V1278,Creatinine,0.69,0.6,1.3,2025-03-10
L06391,SUBJ214,V1279,ALT,34.83,7.0,56.0,2025-03-04
L06392,SUBJ214,V1279,AST,19.46,10.0,40.0,2025-03-04
L06393,SUBJ214,V1279,Hemoglobin,,12.0,16.0,2025-03-04
L06394,SUBJ214,V1279,WBC,,4.0,11.0,2025-03-04
L06395,SUBJ214,V1279,Creatinine,-0.71,0.6,1.3,2025-03-04
L06396,SUBJ214,V1280,ALT,43.49,7.0,56.0,2025-03-11
L06397,SUBJ214,V1280,AST,21.91,10.0,40.0,2025-03-11
L06398,SUBJ214,V1280,Hemoglobin,14.08,12.0,16.0,2025-03-11
L06399,SUBJ214,V1280,WBC,6.13,4.0,11.0,2025-03-11
L06400,SUBJ214,V1280,Creatinine,1.07,0.6,1.3,2025-03-11
L06401,SUBJ214,V1281,ALT,49.12,7.0,56.0,2025-03-18
L06402,SUBJ214,V1281,AST,36.44,10.0,40.0,2025-03-18
L06403,SUBJ214,V1281,Hemoglobin,13.79,12.0,16.0,2025-03-18
L06404,SUBJ214,V1281,WBC,8.58,4.0,11.0,2025-03-18
L06405,SUBJ214,V1281,Creatinine,0.89,0.6,1.3,2025-03-18
L06406,SUBJ214,V1282,ALT,11.3,7.0,56.0,2025-03-26
L06407,SUBJ214,V1282,AST,14.14,10.0,40.0,2025-03-26
L06408,SUBJ214,V1282,Hemoglobin,12.62,12.0,16.0,2025-03-26
L06409,SUBJ214,V1282,WBC,9.94,4.0,11.0,2025-03-26
L06410,SUBJ214,V1282,Creatinine,,0.6,1.3,2025-03-26
L06411,SUBJ214,V1283,ALT,29.55,7.0,56.0,2025-03-31
L06412,SUBJ214,V1283,AST,34.72,10.0,40.0,2025-03-31
L06413,SUBJ214,V1283,Hemoglobin,15.94,12.0,16.0,2025-03-31
L06414,SUBJ214,V1283,WBC,9.48,4.0,11.0,2025-03-31
L06415,SUBJ214,V1283,Creatinine,0.68,0.6,1.3,2025-03-31
L06416,SUBJ214,V1284,ALT,53.33,7.0,56.0,2025-04-06
L06417,SUBJ214,V1284,AST,33.6,10.0,40.0,2025-04-06
L06418,SUBJ214,V1284,Hemoglobin,12.11,12.0,16.0,2025-04-06
L06419,SUBJ214,V1284,WBC,7.09,4.0,11.0,2025-04-06
L06420,SUBJ214,V1284,Creatinine,,0.6,1.3,2025-04-06
L06421,SUBJ215,V1285,ALT,35.7,7.0,56.0,2025-03-14
L06422,SUBJ215,V1285,AST,36.27,10.0,40.0,2025-03-14
L06423,SUBJ215,V1285,Hemoglobin,,12.0,16.0,2025-03-14
L06424,SUBJ215,V1285,WBC,10.48,4.0,11.0,2025-03-14
L06425,SUBJ215,V1285,Creatinine,0.68,0.6,1.3,2025-03-14
L06426,SUBJ215,V1286,ALT,14.21,7.0,56.0,2025-03-19
L06427,SUBJ215,V1286,AST,23.64,10.0,40.0,2025-03-19
L06428,SUBJ215,V1286,Hemoglobin,17.04,12.0,16.0,2025-03-19
L06429,SUBJ215,V1286,WBC,10.07,4.0,11.0,2025-03-19
L06430,SUBJ215,V1286,Creatinine,1.17,0.6,1.3,2025-03-19
L06431,SUBJ215,V1287,ALT,48.77,7.0,56.0,2025-03-29
L06432,SUBJ215,V1287,AST,15.11,10.0,40.0,2025-03-29
L06433,SUBJ215,V1287,Hemoglobin,15.69,12.0,16.0,2025-03-29
L06434,SUBJ215,V1287,WBC,7.88,4.0,11.0,2025-03-29
L06435,SUBJ215,V1287,Creatinine,1.22,0.6,1.3,2025-03-29
L06436,SUBJ215,V1288,ALT,30.73,7.0,56.0,2025-04-03
L06437,SUBJ215,V1288,AST,27.54,10.0,40.0,2025-04-03
L06438,SUBJ215,V1288,Hemoglobin,15.96,12.0,16.0,2025-04-03
L06439,SUBJ215,V1288,WBC,4.36,4.0,11.0,2025-04-03
L06440,SUBJ215,V1288,Creatinine,1.18,0.6,1.3,2025-04-03
L06441,SUBJ215,V1289,ALT,20.11,7.0,56.0,2025-04-08
L06442,SUBJ215,V1289,AST,15.39,10.0,40.0,2025-04-08
L06443,SUBJ215,V1289,Hemoglobin,15.31,12.0,16.0,2025-04-08
L06444,SUBJ215,V1289,WBC,4.76,4.0,11.0,2025-04-08
L06445,SUBJ215,V1289,Creatinine,1.08,0.6,1.3,2025-04-08
L06446,SUBJ215,V1290,ALT,8.28,7.0,56.0,2025-04-17
L06447,SUBJ215,V1290,AST,16.39,10.0,40.0,2025-04-17
L06448,SUBJ215,V1290,Hemoglobin,13.73,12.0,16.0,2025-04-17
L06449,SUBJ215,V1290,WBC,5.76,4.0,11.0,2025-04-17
L06450,SUBJ215,V1290,Creatinine,0.9,0.6,1.3,2025-04-17
L06451,SUBJ216,V1291,ALT,11.09,7.0,56.0,2025-01-09
L06452,SUBJ216,V1291,AST,33.24,10.0,40.0,2025-01-09
L06453,SUBJ216,V1291,Hemoglobin,12.7,12.0,16.0,2025-01-09
L06454,SUBJ216,V1291,WBC,6.13,4.0,11.0,2025-01-09
L06455,SUBJ216,V1291,Creatinine,0.84,0.6,1.3,2025-01-09
L06456,SUBJ216,V1292,ALT,49.5,7.0,56.0,2025-01-16
L06457,SUBJ216,V1292,AST,,10.0,40.0,2025-01-16
L06458,SUBJ216,V1292,Hemoglobin,15.25,12.0,16.0,2025-01-16
L06459,SUBJ216,V1292,WBC,10.89,4.0,11.0,2025-01-16
L06460,SUBJ216,V1292,Creatinine,1.13,0.6,1.3,2025-01-16
L06461,SUBJ216,V1293,ALT,14.82,7.0,56.0,2025-01-25
L06462,SUBJ216,V1293,AST,10.75,10.0,40.0,2025-01-25
L06463,SUBJ216,V1293,Hemoglobin,13.42,12.0,16.0,2025-01-25
L06464,SUBJ216,V1293,WBC,10.52,4.0,11.0,2025-01-25
L06465,SUBJ216,V1293,Creatinine,0.8,0.6,1.3,2025-01-25
L06466,SUBJ216,V1294,ALT,5.78,7.0,56.0,2025-02-02
L06467,SUBJ216,V1294,AST,22.69,10.0,40.0,2025-02-02
L06468,SUBJ216,V1294,Hemoglobin,14.6,12.0,16.0,2025-02-02
L06469,SUBJ216,V1294,WBC,6.01,4.0,11.0,2025-02-02
L06470,SUBJ216,V1294,Creatinine,-0.72,0.6,1.3,2025-02-02
L06471,SUBJ216,V1295,ALT,51.98,7.0,56.0,2025-02-05
L06472,SUBJ216,V1295,AST,34.97,10.0,40.0,2025-02-05
L06473,SUBJ216,V1295,Hemoglobin,12.91,12.0,16.0,2025-02-05
L06474,SUBJ216,V1295,WBC,4.18,4.0,11.0,2025-02-05
L06475,SUBJ216,V1295,Creatinine,0.77,0.6,1.3,2025-02-05
L06476,SUBJ216,V1296,ALT,60.27,7.0,56.0,2025-02-16
L06477,SUBJ216,V1296,AST,12.47,10.0,40.0,2025-02-16
L06478,SUBJ216,V1296,Hemoglobin,15.99,12.0,16.0,2025-02-16
L06479,SUBJ216,V1296,WBC,,4.0,11.0,2025-02-16
L06480,SUBJ216,V1296,Creatinine,1.28,0.6,1.3,2025-02-16
L06481,SUBJ217,V1297,ALT,49.19,7.0,56.0,2025-01-06
L06482,SUBJ217,V1297,AST,49.68,10.0,40.0,2025-01-06
L06483,SUBJ217,V1297,Hemoglobin,13.04,12.0,16.0,2025-01-06
L06484,SUBJ217,V1297,WBC,10.81,4.0,11.0,2025-01-06
L06485,SUBJ217,V1297,Creatinine,0.85,0.6,1.3,2025-01-06
L06486,SUBJ217,V1298,ALT,29.94,7.0,56.0,2025-01-09
L06487,SUBJ217,V1298,AST,30.83,10.0,40.0,2025-01-09
L06488,SUBJ217,V1298,Hemoglobin,14.83,12.0,16.0,2025-01-09
L06489,SUBJ217,V1298,WBC,10.39,4.0,11.0,2025-01-09
L06490,SUBJ217,V1298,Creatinine,1.11,0.6,1.3,2025-01-09
L06491,SUBJ217,V1299,ALT,5.72,7.0,56.0,2025-01-17
L06492,SUBJ217,V1299,AST,24.57,10.0,40.0,2025-01-17
L06493,SUBJ217,V1299,Hemoglobin,15.41,12.0,16.0,2025-01-17
L06494,SUBJ217,V1299,WBC,2.23,4.0,11.0,2025-01-17
L06495,SUBJ217,V1299,Creatinine,7.08,0.6,1.3,2025-01-17
L06496,SUBJ217,V1300,ALT,45.54,7.0,56.0,2025-01-24
L06497,SUBJ217,V1300,AST,28.08,10.0,40.0,2025-01-24
L06498,SUBJ217,V1300,Hemoglobin,24.06,12.0,16.0,2025-01-24
L06499,SUBJ217,V1300,WBC,4.69,4.0,11.0,2025-01-24
L06500,SUBJ217,V1300,Creatinine,0.97,0.6,1.3,2025-01-24
L06501,SUBJ217,V1301,ALT,25.69,7.0,56.0,2025-01-30
L06502,SUBJ217,V1301,AST,38.62,10.0,40.0,2025-01-30
L06503,SUBJ217,V1301,Hemoglobin,14.36,12.0,16.0,2025-01-30
L06504,SUBJ217,V1301,WBC,6.52,4.0,11.0,2025-01-30
L06505,SUBJ217,V1301,Creatinine,9.07,0.6,1.3,2025-01-30
L06506,SUBJ217,V1302,ALT,39.2,7.0,56.0,2025-02-07
L06507,SUBJ217,V1302,AST,19.66,10.0,40.0,2025-02-07
L06508,SUBJ217,V1302,Hemoglobin,13.52,12.0,16.0,2025-02-07
L06509,SUBJ217,V1302,WBC,9.08,4.0,11.0,2025-02-07
L06510,SUBJ217,V1302,Creatinine,5.17,0.6,1.3,2025-02-07
L06511,SUBJ218,V1303,ALT,48.26,7.0,56.0,2025-03-29
L06512,SUBJ218,V1303,AST,27.13,10.0,40.0,2025-03-29
L06513,SUBJ218,V1303,Hemoglobin,14.7,12.0,16.0,2025-03-29
L06514,SUBJ218,V1303,WBC,6.74,4.0,11.0,2025-03-29
L06515,SUBJ218,V1303,Creatinine,1.07,0.6,1.3,2025-03-29
L06516,SUBJ218,V1304,ALT,45.99,7.0,56.0,2025-04-04
L06517,SUBJ218,V1304,AST,38.12,10.0,40.0,2025-04-04
L06518,SUBJ218,V1304,Hemoglobin,13.68,12.0,16.0,2025-04-04
L06519,SUBJ218,V1304,WBC,8.98,4.0,11.0,2025-04-04
L06520,SUBJ218,V1304,Creatinine,2.84,0.6,1.3,2025-04-04
L06521,SUBJ218,V1305,ALT,20.61,7.0,56.0,2025-04-11
L06522,SUBJ218,V1305,AST,8.74,10.0,40.0,2025-04-11
L06523,SUBJ218,V1305,Hemoglobin,14.94,12.0,16.0,2025-04-11
L06524,SUBJ218,V1305,WBC,7.65,4.0,11.0,2025-04-11
L06525,SUBJ218,V1305,Creatinine,9.2,0.6,1.3,2025-04-11
L06526,SUBJ218,V1306,ALT,,7.0,56.0,2025-04-20
L06527,SUBJ218,V1306,AST,30.78,10.0,40.0,2025-04-20
L06528,SUBJ218,V1306,Hemoglobin,12.02,12.0,16.0,2025-04-20
L06529,SUBJ218,V1306,WBC,5.34,4.0,11.0,2025-04-20
L06530,SUBJ218,V1306,Creatinine,10.77,0.6,1.3,2025-04-20
L06531,SUBJ218,V1307,ALT,25.78,7.0,56.0,2025-04-29
L06532,SUBJ218,V1307,AST,22.47,10.0,40.0,2025-04-29
L06533,SUBJ218,V1307,Hemoglobin,12.94,12.0,16.0,2025-04-29
L06534,SUBJ218,V1307,WBC,5.11,4.0,11.0,2025-04-29
L06535,SUBJ218,V1307,Creatinine,5.21,0.6,1.3,2025-04-29
L06536,SUBJ218,V1308,ALT,49.67,7.0,56.0,2025-05-06
L06537,SUBJ218,V1308,AST,8.02,10.0,40.0,2025-05-06
L06538,SUBJ218,V1308,Hemoglobin,12.39,12.0,16.0,2025-05-06
L06539,SUBJ218,V1308,WBC,4.85,4.0,11.0,2025-05-06
L06540,SUBJ218,V1308,Creatinine,0.7,0.6,1.3,2025-05-06
L06541,SUBJ219,V1309,ALT,37.38,7.0,56.0,2025-01-11
L06542,SUBJ219,V1309,AST,30.97,10.0,40.0,2025-01-11
L06543,SUBJ219,V1309,Hemoglobin,14.91,12.0,16.0,2025-01-11
L06544,SUBJ219,V1309,WBC,,4.0,11.0,2025-01-11
L06545,SUBJ219,V1309,Creatinine,0.76,0.6,1.3,2025-01-11
L06546,SUBJ219,V1310,ALT,13.57,7.0,56.0,2025-01-19
L06547,SUBJ219,V1310,AST,22.6,10.0,40.0,2025-01-19
L06548,SUBJ219,V1310,Hemoglobin,12.24,12.0,16.0,2025-01-19
L06549,SUBJ219,V1310,WBC,9.33,4.0,11.0,2025-01-19
L06550,SUBJ219,V1310,Creatinine,0.87,0.6,1.3,2025-01-19
L06551,SUBJ219,V1311,ALT,24.25,7.0,56.0,2025-01-25
L06552,SUBJ219,V1311,AST,24.26,10.0,40.0,2025-01-25
L06553,SUBJ219,V1311,Hemoglobin,14.47,12.0,16.0,2025-01-25
L06554,SUBJ219,V1311,WBC,9.61,4.0,11.0,2025-01-25
L06555,SUBJ219,V1311,Creatinine,,0.6,1.3,2025-01-25
L06556,SUBJ219,V1312,ALT,33.24,7.0,56.0,2025-01-29
L06557,SUBJ219,V1312,AST,16.32,10.0,40.0,2025-01-29
L06558,SUBJ219,V1312,Hemoglobin,12.63,12.0,16.0,2025-01-29
L06559,SUBJ219,V1312,WBC,5.51,4.0,11.0,2025-01-29
L06560,SUBJ219,V1312,Creatinine,0.66,0.6,1.3,2025-01-29
L06561,SUBJ219,V1313,ALT,7.84,7.0,56.0,2025-02-07
L06562,SUBJ219,V1313,AST,30.61,10.0,40.0,2025-02-07
L06563,SUBJ219,V1313,Hemoglobin,14.62,12.0,16.0,2025-02-07
L06564,SUBJ219,V1313,WBC,1.73,4.0,11.0,2025-02-07
L06565,SUBJ219,V1313,Creatinine,0.87,0.6,1.3,2025-02-07
L06566,SUBJ219,V1314,ALT,4.03,7.0,56.0,2025-02-13
L06567,SUBJ219,V1314,AST,24.04,10.0,40.0,2025-02-13
L06568,SUBJ219,V1314,Hemoglobin,12.87,12.0,16.0,2025-02-13
L06569,SUBJ219,V1314,WBC,7.11,4.0,11.0,2025-02-13
L06570,SUBJ219,V1314,Creatinine,0.76,0.6,1.3,2025-02-13
L06571,SUBJ220,V1315,ALT,14.85,7.0,56.0,2025-03-11
L06572,SUBJ220,V1315,AST,11.06,10.0,40.0,2025-03-11
L06573,SUBJ220,V1315,Hemoglobin,15.94,12.0,16.0,2025-03-11
L06574,SUBJ220,V1315,WBC,4.66,4.0,11.0,2025-03-11
L06575,SUBJ220,V1315,Creatinine,1.2,0.6,1.3,2025-03-11
L06576,SUBJ220,V1316,ALT,19.78,7.0,56.0,2025-03-17
L06577,SUBJ220,V1316,AST,34.34,10.0,40.0,2025-03-17
L06578,SUBJ220,V1316,Hemoglobin,15.74,12.0,16.0,2025-03-17
L06579,SUBJ220,V1316,WBC,6.05,4.0,11.0,2025-03-17
L06580,SUBJ220,V1316,Creatinine,0.97,0.6,1.3,2025-03-17
L06581,SUBJ220,V1317,ALT,48.14,7.0,56.0,2025-03-27
L06582,SUBJ220,V1317,AST,15.36,10.0,40.0,2025-03-27
L06583,SUBJ220,V1317,Hemoglobin,15.69,12.0,16.0,2025-03-27
L06584,SUBJ220,V1317,WBC,9.45,4.0,11.0,2025-03-27
L06585,SUBJ220,V1317,Creatinine,0.8,0.6,1.3,2025-03-27
L06586,SUBJ220,V1318,ALT,9.04,7.0,56.0,2025-03-31
L06587,SUBJ220,V1318,AST,21.04,10.0,40.0,2025-03-31
L06588,SUBJ220,V1318,Hemoglobin,14.5,12.0,16.0,2025-03-31
L06589,SUBJ220,V1318,WBC,9.48,4.0,11.0,2025-03-31
L06590,SUBJ220,V1318,Creatinine,-0.95,0.6,1.3,2025-03-31
L06591,SUBJ220,V1319,ALT,,7.0,56.0,2025-04-10
L06592,SUBJ220,V1319,AST,27.28,10.0,40.0,2025-04-10
L06593,SUBJ220,V1319,Hemoglobin,14.24,12.0,16.0,2025-04-10
L06594,SUBJ220,V1319,WBC,4.87,4.0,11.0,2025-04-10
L06595,SUBJ220,V1319,Creatinine,1.16,0.6,1.3,2025-04-10
L06596,SUBJ220,V1320,ALT,39.22,7.0,56.0,2025-04-18
L06597,SUBJ220,V1320,AST,11.58,10.0,40.0,2025-04-18
L06598,SUBJ220,V1320,Hemoglobin,12.86,12.0,16.0,2025-04-18
L06599,SUBJ220,V1320,WBC,8.43,4.0,11.0,2025-04-18
L06600,SUBJ220,V1320,Creatinine,1.07,0.6,1.3,2025-04-18
L06601,SUBJ221,V1321,ALT,5.05,7.0,56.0,2025-01-29
L06602,SUBJ221,V1321,AST,25.14,10.0,40.0,2025-01-29
L06603,SUBJ221,V1321,Hemoglobin,14.5,12.0,16.0,2025-01-29
L06604,SUBJ221,V1321,WBC,5.11,4.0,11.0,2025-01-29
L06605,SUBJ221,V1321,Creatinine,0.96,0.6,1.3,2025-01-29
L06606,SUBJ221,V1322,ALT,52.96,7.0,56.0,2025-02-03
L06607,SUBJ221,V1322,AST,38.28,10.0,40.0,2025-02-03
L06608,SUBJ221,V1322,Hemoglobin,15.36,12.0,16.0,2025-02-03
L06609,SUBJ221,V1322,WBC,9.97,4.0,11.0,2025-02-03
L06610,SUBJ221,V1322,Creatinine,4.02,0.6,1.3,2025-02-03
L06611,SUBJ221,V1323,ALT,4.23,7.0,56.0,2025-02-12
L06612,SUBJ221,V1323,AST,44.9,10.0,40.0,2025-02-12
L06613,SUBJ221,V1323,Hemoglobin,14.6,12.0,16.0,2025-02-12
L06614,SUBJ221,V1323,WBC,5.4,4.0,11.0,2025-02-12
L06615,SUBJ221,V1323,Creatinine,1.28,0.6,1.3,2025-02-12
L06616,SUBJ221,V1324,ALT,29.37,7.0,56.0,2025-02-16
L06617,SUBJ221,V1324,AST,32.99,10.0,40.0,2025-02-16
L06618,SUBJ221,V1324,Hemoglobin,14.38,12.0,16.0,2025-02-16
L06619,SUBJ221,V1324,WBC,,4.0,11.0,2025-02-16
L06620,SUBJ221,V1324,Creatinine,0.96,0.6,1.3,2025-02-16
L06621,SUBJ221,V1325,ALT,12.47,7.0,56.0,2025-02-22
L06622,SUBJ221,V1325,AST,36.23,10.0,40.0,2025-02-22
L06623,SUBJ221,V1325,Hemoglobin,13.25,12.0,16.0,2025-02-22
L06624,SUBJ221,V1325,WBC,10.44,4.0,11.0,2025-02-22
L06625,SUBJ221,V1325,Creatinine,0.7,0.6,1.3,2025-02-22
L06626,SUBJ221,V1326,ALT,51.34,7.0,56.0,2025-03-01
L06627,SUBJ221,V1326,AST,29.27,10.0,40.0,2025-03-01
L06628,SUBJ221,V1326,Hemoglobin,13.77,12.0,16.0,2025-03-01
L06629,SUBJ221,V1326,WBC,4.03,4.0,11.0,2025-03-01
L06630,SUBJ221,V1326,Creatinine,0.96,0.6,1.3,2025-03-01
L06631,SUBJ222,V1327,ALT,29.42,7.0,56.0,2025-01-09
L06632,SUBJ222,V1327,AST,13.38,10.0,40.0,2025-01-09
L06633,SUBJ222,V1327,Hemoglobin,14.08,12.0,16.0,2025-01-09
L06634,SUBJ222,V1327,WBC,10.83,4.0,11.0,2025-01-09
L06635,SUBJ222,V1327,Creatinine,0.76,0.6,1.3,2025-01-09
L06636,SUBJ222,V1328,ALT,9.59,7.0,56.0,2025-01-18
L06637,SUBJ222,V1328,AST,28.24,10.0,40.0,2025-01-18
L06638,SUBJ222,V1328,Hemoglobin,15.12,12.0,16.0,2025-01-18
L06639,SUBJ222,V1328,WBC,8.51,4.0,11.0,2025-01-18
L06640,SUBJ222,V1328,Creatinine,0.97,0.6,1.3,2025-01-18
L06641,SUBJ222,V1329,ALT,60.95,7.0,56.0,2025-01-27
L06642,SUBJ222,V1329,AST,23.1,10.0,40.0,2025-01-27
L06643,SUBJ222,V1329,Hemoglobin,13.7,12.0,16.0,2025-01-27
L06644,SUBJ222,V1329,WBC,6.94,4.0,11.0,2025-01-27
L06645,SUBJ222,V1329,Creatinine,,0.6,1.3,2025-01-27
L06646,SUBJ222,V1330,ALT,8.02,7.0,56.0,2025-02-02
L06647,SUBJ222,V1330,AST,21.11,10.0,40.0,2025-02-02
L06648,SUBJ222,V1330,Hemoglobin,14.4,12.0,16.0,2025-02-02
L06649,SUBJ222,V1330,WBC,8.24,4.0,11.0,2025-02-02
L06650,SUBJ222,V1330,Creatinine,0.95,0.6,1.3,2025-02-02
L06651,SUBJ222,V1331,ALT,35.21,7.0,56.0,2025-02-06
L06652,SUBJ222,V1331,AST,13.89,10.0,40.0,2025-02-06
L06653,SUBJ222,V1331,Hemoglobin,14.37,12.0,16.0,2025-02-06
L06654,SUBJ222,V1331,WBC,10.85,4.0,11.0,2025-02-06
L06655,SUBJ222,V1331,Creatinine,1.23,0.6,1.3,2025-02-06
L06656,SUBJ222,V1332,ALT,4.2,7.0,56.0,2025-02-16
L06657,SUBJ222,V1332,AST,31.36,10.0,40.0,2025-02-16
L06658,SUBJ222,V1332,Hemoglobin,,12.0,16.0,2025-02-16
L06659,SUBJ222,V1332,WBC,8.67,4.0,11.0,2025-02-16
L06660,SUBJ222,V1332,Creatinine,0.94,0.6,1.3,2025-02-16
L06661,SUBJ223,V1333,ALT,,7.0,56.0,2025-02-13
L06662,SUBJ223,V1333,AST,34.24,10.0,40.0,2025-02-13
L06663,SUBJ223,V1333,Hemoglobin,14.99,12.0,16.0,2025-02-13
L06664,SUBJ223,V1333,WBC,6.5,4.0,11.0,2025-02-13
L06665,SUBJ223,V1333,Creatinine,0.81,0.6,1.3,2025-02-13
L06666,SUBJ223,V1334,ALT,34.82,7.0,56.0,2025-02-21
L06667,SUBJ223,V1334,AST,21.29,10.0,40.0,2025-02-21
L06668,SUBJ223,V1334,Hemoglobin,15.72,12.0,16.0,2025-02-21
L06669,SUBJ223,V1334,WBC,7.41,4.0,11.0,2025-02-21
L06670,SUBJ223,V1334,Creatinine,0.79,0.6,1.3,2025-02-21
L06671,SUBJ223,V1335,ALT,46.31,7.0,56.0,2025-03-01
L06672,SUBJ223,V1335,AST,15.45,10.0,40.0,2025-03-01
L06673,SUBJ223,V1335,Hemoglobin,12.65,12.0,16.0,2025-03-01
L06674,SUBJ223,V1335,WBC,13.98,4.0,11.0,2025-03-01
L06675,SUBJ223,V1335,Creatinine,1.24,0.6,1.3,2025-03-01
L06676,SUBJ223,V1336,ALT,30.7,7.0,56.0,2025-03-05
L06677,SUBJ223,V1336,AST,27.21,10.0,40.0,2025-03-05
L06678,SUBJ223,V1336,Hemoglobin,13.59,12.0,16.0,2025-03-05
L06679,SUBJ223,V1336,WBC,5.06,4.0,11.0,2025-03-05
L06680,SUBJ223,V1336,Creatinine,10.68,0.6,1.3,2025-03-05
L06681,SUBJ223,V1337,ALT,28.44,7.0,56.0,2025-03-11
L06682,SUBJ223,V1337,AST,24.44,10.0,40.0,2025-03-11
L06683,SUBJ223,V1337,Hemoglobin,15.3,12.0,16.0,2025-03-11
L06684,SUBJ223,V1337,WBC,4.13,4.0,11.0,2025-03-11
L06685,SUBJ223,V1337,Creatinine,10.58,0.6,1.3,2025-03-11
L06686,SUBJ223,V1338,ALT,49.04,7.0,56.0,2025-03-21
L06687,SUBJ223,V1338,AST,35.62,10.0,40.0,2025-03-21
L06688,SUBJ223,V1338,Hemoglobin,14.07,12.0,16.0,2025-03-21
L06689,SUBJ223,V1338,WBC,9.55,4.0,11.0,2025-03-21
L06690,SUBJ223,V1338,Creatinine,1.23,0.6,1.3,2025-03-21
L06691,SUBJ224,V1339,ALT,18.37,7.0,56.0,2025-02-10
L06692,SUBJ224,V1339,AST,38.27,10.0,40.0,2025-02-10
L06693,SUBJ224,V1339,Hemoglobin,12.5,12.0,16.0,2025-02-10
L06694,SUBJ224,V1339,WBC,10.62,4.0,11.0,2025-02-10
L06695,SUBJ224,V1339,Creatinine,0.79,0.6,1.3,2025-02-10
L06696,SUBJ224,V1340,ALT,5.28,7.0,56.0,2025-02-14
L06697,SUBJ224,V1340,AST,16.86,10.0,40.0,2025-02-14
L06698,SUBJ224,V1340,Hemoglobin,13.17,12.0,16.0,2025-02-14
L06699,SUBJ224,V1340,WBC,6.09,4.0,11.0,2025-02-14
L06700,SUBJ224,V1340,Creatinine,1.03,0.6,1.3,2025-02-14
L06701,SUBJ224,V1341,ALT,62.55,7.0,56.0,2025-02-24
L06702,SUBJ224,V1341,AST,10.22,10.0,40.0,2025-02-24
L06703,SUBJ224,V1341,Hemoglobin,15.42,12.0,16.0,2025-02-24
L06704,SUBJ224,V1341,WBC,8.5,4.0,11.0,2025-02-24
L06705,SUBJ224,V1341,Creatinine,0.78,0.6,1.3,2025-02-24
L06706,SUBJ224,V1342,ALT,7.6,7.0,56.0,2025-02-28
L06707,SUBJ224,V1342,AST,37.88,10.0,40.0,2025-02-28
L06708,SUBJ224,V1342,Hemoglobin,13.76,12.0,16.0,2025-02-28
L06709,SUBJ224,V1342,WBC,7.94,4.0,11.0,2025-02-28
L06710,SUBJ224,V1342,Creatinine,1.2,0.6,1.3,2025-02-28
L06711,SUBJ224,V1343,ALT,7.27,7.0,56.0,2025-03-10
L06712,SUBJ224,V1343,AST,16.14,10.0,40.0,2025-03-10
L06713,SUBJ224,V1343,Hemoglobin,13.88,12.0,16.0,2025-03-10
L06714,SUBJ224,V1343,WBC,16.79,4.0,11.0,2025-03-10
L06715,SUBJ224,V1343,Creatinine,1.03,0.6,1.3,2025-03-10
L06716,SUBJ224,V1344,ALT,36.75,7.0,56.0,2025-03-18
L06717,SUBJ224,V1344,AST,16.25,10.0,40.0,2025-03-18
L06718,SUBJ224,V1344,Hemoglobin,13.2,12.0,16.0,2025-03-18
L06719,SUBJ224,V1344,WBC,8.21,4.0,11.0,2025-03-18
L06720,SUBJ224,V1344,Creatinine,0.91,0.6,1.3,2025-03-18
L06721,SUBJ225,V1345,ALT,18.06,7.0,56.0,2025-03-19
L06722,SUBJ225,V1345,AST,24.84,10.0,40.0,2025-03-19
L06723,SUBJ225,V1345,Hemoglobin,14.33,12.0,16.0,2025-03-19
L06724,SUBJ225,V1345,WBC,8.16,4.0,11.0,2025-03-19
L06725,SUBJ225,V1345,Creatinine,0.87,0.6,1.3,2025-03-19
L06726,SUBJ225,V1346,ALT,13.64,7.0,56.0,2025-03-30
L06727,SUBJ225,V1346,AST,36.11,10.0,40.0,2025-03-30
L06728,SUBJ225,V1346,Hemoglobin,15.66,12.0,16.0,2025-03-30
L06729,SUBJ225,V1346,WBC,9.11,4.0,11.0,2025-03-30
L06730,SUBJ225,V1346,Creatinine,0.9,0.6,1.3,2025-03-30
L06731,SUBJ225,V1347,ALT,12.31,7.0,56.0,2025-04-05
L06732,SUBJ225,V1347,AST,8.25,10.0,40.0,2025-04-05
L06733,SUBJ225,V1347,Hemoglobin,13.27,12.0,16.0,2025-04-05
L06734,SUBJ225,V1347,WBC,8.39,4.0,11.0,2025-04-05
L06735,SUBJ225,V1347,Creatinine,1.05,0.6,1.3,2025-04-05
L06736,SUBJ225,V1348,ALT,37.62,7.0,56.0,2025-04-09
L06737,SUBJ225,V1348,AST,31.55,10.0,40.0,2025-04-09
L06738,SUBJ225,V1348,Hemoglobin,14.66,12.0,16.0,2025-04-09
L06739,SUBJ225,V1348,WBC,6.77,4.0,11.0,2025-04-09
L06740,SUBJ225,V1348,Creatinine,1.25,0.6,1.3,2025-04-09
L06741,SUBJ225,V1349,ALT,41.92,7.0,56.0,2025-04-17
L06742,SUBJ225,V1349,AST,34.06,10.0,40.0,2025-04-17
L06743,SUBJ225,V1349,Hemoglobin,15.51,12.0,16.0,2025-04-17
L06744,SUBJ225,V1349,WBC,5.35,4.0,11.0,2025-04-17
L06745,SUBJ225,V1349,Creatinine,1.22,0.6,1.3,2025-04-17
L06746,SUBJ225,V1350,ALT,50.74,7.0,56.0,2025-04-23
L06747,SUBJ225,V1350,AST,43.92,10.0,40.0,2025-04-23
L06748,SUBJ225,V1350,Hemoglobin,12.78,12.0,16.0,2025-04-23
L06749,SUBJ225,V1350,WBC,17.07,4.0,11.0,2025-04-23
L06750,SUBJ225,V1350,Creatinine,0.85,0.6,1.3,2025-04-23
L06751,SUBJ226,V1351,ALT,19.92,7.0,56.0,2025-01-26
L06752,SUBJ226,V1351,AST,29.0,10.0,40.0,2025-01-26
L06753,SUBJ226,V1351,Hemoglobin,13.86,12.0,16.0,2025-01-26
L06754,SUBJ226,V1351,WBC,,4.0,11.0,2025-01-26
L06755,SUBJ226,V1351,Creatinine,1.15,0.6,1.3,2025-01-26
L06756,SUBJ226,V1352,ALT,36.21,7.0,56.0,2025-02-01
L06757,SUBJ226,V1352,AST,47.65,10.0,40.0,2025-02-01
L06758,SUBJ226,V1352,Hemoglobin,15.06,12.0,16.0,2025-02-01
L06759,SUBJ226,V1352,WBC,4.46,4.0,11.0,2025-02-01
L06760,SUBJ226,V1352,Creatinine,1.09,0.6,1.3,2025-02-01
L06761,SUBJ226,V1353,ALT,35.93,7.0,56.0,2025-02-08
L06762,SUBJ226,V1353,AST,38.61,10.0,40.0,2025-02-08
L06763,SUBJ226,V1353,Hemoglobin,15.95,12.0,16.0,2025-02-08
L06764,SUBJ226,V1353,WBC,4.39,4.0,11.0,2025-02-08
L06765,SUBJ226,V1353,Creatinine,1.05,0.6,1.3,2025-02-08
L06766,SUBJ226,V1354,ALT,54.15,7.0,56.0,2025-02-17
L06767,SUBJ226,V1354,AST,16.38,10.0,40.0,2025-02-17
L06768,SUBJ226,V1354,Hemoglobin,10.29,12.0,16.0,2025-02-17
L06769,SUBJ226,V1354,WBC,17.99,4.0,11.0,2025-02-17
L06770,SUBJ226,V1354,Creatinine,1.15,0.6,1.3,2025-02-17
L06771,SUBJ226,V1355,ALT,13.54,7.0,56.0,2025-02-22
L06772,SUBJ226,V1355,AST,17.86,10.0,40.0,2025-02-22
L06773,SUBJ226,V1355,Hemoglobin,15.95,12.0,16.0,2025-02-22
L06774,SUBJ226,V1355,WBC,7.72,4.0,11.0,2025-02-22
L06775,SUBJ226,V1355,Creatinine,0.71,0.6,1.3,2025-02-22
L06776,SUBJ226,V1356,ALT,40.73,7.0,56.0,2025-03-02
L06777,SUBJ226,V1356,AST,19.3,10.0,40.0,2025-03-02
L06778,SUBJ226,V1356,Hemoglobin,15.22,12.0,16.0,2025-03-02
L06779,SUBJ226,V1356,WBC,10.36,4.0,11.0,2025-03-02
L06780,SUBJ226,V1356,Creatinine,-0.59,0.6,1.3,2025-03-02
L06781,SUBJ227,V1357,ALT,32.31,7.0,56.0,2025-01-01
L06782,SUBJ227,V1357,AST,17.74,10.0,40.0,2025-01-01
L06783,SUBJ227,V1357,Hemoglobin,15.87,12.0,16.0,2025-01-01
L06784,SUBJ227,V1357,WBC,10.96,4.0,11.0,2025-01-01
L06785,SUBJ227,V1357,Creatinine,1.22,0.6,1.3,2025-01-01
L06786,SUBJ227,V1358,ALT,9.85,7.0,56.0,2025-01-10
L06787,SUBJ227,V1358,AST,29.45,10.0,40.0,2025-01-10
L06788,SUBJ227,V1358,Hemoglobin,17.89,12.0,16.0,2025-01-10
L06789,SUBJ227,V1358,WBC,5.66,4.0,11.0,2025-01-10
L06790,SUBJ227,V1358,Creatinine,1.28,0.6,1.3,2025-01-10
L06791,SUBJ227,V1359,ALT,23.76,7.0,56.0,2025-01-15
L06792,SUBJ227,V1359,AST,30.5,10.0,40.0,2025-01-15
L06793,SUBJ227,V1359,Hemoglobin,14.8,12.0,16.0,2025-01-15
L06794,SUBJ227,V1359,WBC,5.02,4.0,11.0,2025-01-15
L06795,SUBJ227,V1359,Creatinine,1.1,0.6,1.3,2025-01-15
L06796,SUBJ227,V1360,ALT,16.66,7.0,56.0,2025-01-23
L06797,SUBJ227,V1360,AST,,10.0,40.0,2025-01-23
L06798,SUBJ227,V1360,Hemoglobin,15.26,12.0,16.0,2025-01-23
L06799,SUBJ227,V1360,WBC,7.85,4.0,11.0,2025-01-23
L06800,SUBJ227,V1360,Creatinine,6.42,0.6,1.3,2025-01-23
L06801,SUBJ227,V1361,ALT,16.78,7.0,56.0,2025-01-30
L06802,SUBJ227,V1361,AST,40.0,10.0,40.0,2025-01-30
L06803,SUBJ227,V1361,Hemoglobin,14.4,12.0,16.0,2025-01-30
L06804,SUBJ227,V1361,WBC,5.88,4.0,11.0,2025-01-30
L06805,SUBJ227,V1361,Creatinine,-1.58,0.6,1.3,2025-01-30
L06806,SUBJ227,V1362,ALT,49.68,7.0,56.0,2025-02-03
L06807,SUBJ227,V1362,AST,21.64,10.0,40.0,2025-02-03
L06808,SUBJ227,V1362,Hemoglobin,15.56,12.0,16.0,2025-02-03
L06809,SUBJ227,V1362,WBC,8.75,4.0,11.0,2025-02-03
L06810,SUBJ227,V1362,Creatinine,0.87,0.6,1.3,2025-02-03
L06811,SUBJ228,V1363,ALT,22.22,7.0,56.0,2025-01-13
L06812,SUBJ228,V1363,AST,18.35,10.0,40.0,2025-01-13
L06813,SUBJ228,V1363,Hemoglobin,15.44,12.0,16.0,2025-01-13
L06814,SUBJ228,V1363,WBC,7.44,4.0,11.0,2025-01-13
L06815,SUBJ228,V1363,Creatinine,1.28,0.6,1.3,2025-01-13
L06816,SUBJ228,V1364,ALT,24.39,7.0,56.0,2025-01-18
L06817,SUBJ228,V1364,AST,34.53,10.0,40.0,2025-01-18
L06818,SUBJ228,V1364,Hemoglobin,14.85,12.0,16.0,2025-01-18
L06819,SUBJ228,V1364,WBC,6.94,4.0,11.0,2025-01-18
L06820,SUBJ228,V1364,Creatinine,0.63,0.6,1.3,2025-01-18
L06821,SUBJ228,V1365,ALT,11.08,7.0,56.0,2025-01-26
L06822,SUBJ228,V1365,AST,35.19,10.0,40.0,2025-01-26
L06823,SUBJ228,V1365,Hemoglobin,13.34,12.0,16.0,2025-01-26
L06824,SUBJ228,V1365,WBC,4.64,4.0,11.0,2025-01-26
L06825,SUBJ228,V1365,Creatinine,0.94,0.6,1.3,2025-01-26
L06826,SUBJ228,V1366,ALT,34.56,7.0,56.0,2025-02-02
L06827,SUBJ228,V1366,AST,12.58,10.0,40.0,2025-02-02
L06828,SUBJ228,V1366,Hemoglobin,15.08,12.0,16.0,2025-02-02
L06829,SUBJ228,V1366,WBC,,4.0,11.0,2025-02-02
L06830,SUBJ228,V1366,Creatinine,0.87,0.6,1.3,2025-02-02
L06831,SUBJ228,V1367,ALT,14.18,7.0,56.0,2025-02-11
L06832,SUBJ228,V1367,AST,14.18,10.0,40.0,2025-02-11
L06833,SUBJ228,V1367,Hemoglobin,12.87,12.0,16.0,2025-02-11
L06834,SUBJ228,V1367,WBC,7.33,4.0,11.0,2025-02-11
L06835,SUBJ228,V1367,Creatinine,1.24,0.6,1.3,2025-02-11
L06836,SUBJ228,V1368,ALT,36.02,7.0,56.0,2025-02-19
L06837,SUBJ228,V1368,AST,17.52,10.0,40.0,2025-02-19
L06838,SUBJ228,V1368,Hemoglobin,12.96,12.0,16.0,2025-02-19
L06839,SUBJ228,V1368,WBC,2.63,4.0,11.0,2025-02-19
L06840,SUBJ228,V1368,Creatinine,0.88,0.6,1.3,2025-02-19
L06841,SUBJ229,V1369,ALT,4.32,7.0,56.0,2025-03-15
L06842,SUBJ229,V1369,AST,20.62,10.0,40.0,2025-03-15
L06843,SUBJ229,V1369,Hemoglobin,14.74,12.0,16.0,2025-03-15
L06844,SUBJ229,V1369,WBC,4.26,4.0,11.0,2025-03-15
L06845,SUBJ229,V1369,Creatinine,1.08,0.6,1.3,2025-03-15
L06846,SUBJ229,V1370,ALT,41.47,7.0,56.0,2025-03-24
L06847,SUBJ229,V1370,AST,39.24,10.0,40.0,2025-03-24
L06848,SUBJ229,V1370,Hemoglobin,13.35,12.0,16.0,2025-03-24
L06849,SUBJ229,V1370,WBC,9.81,4.0,11.0,2025-03-24
L06850,SUBJ229,V1370,Creatinine,0.96,0.6,1.3,2025-03-24
L06851,SUBJ229,V1371,ALT,38.92,7.0,56.0,2025-03-29
L06852,SUBJ229,V1371,AST,31.89,10.0,40.0,2025-03-29
L06853,SUBJ229,V1371,Hemoglobin,12.5,12.0,16.0,2025-03-29
L06854,SUBJ229,V1371,WBC,8.11,4.0,11.0,2025-03-29
L06855,SUBJ229,V1371,Creatinine,,0.6,1.3,2025-03-29
L06856,SUBJ229,V1372,ALT,37.52,7.0,56.0,2025-04-07
L06857,SUBJ229,V1372,AST,10.53,10.0,40.0,2025-04-07
L06858,SUBJ229,V1372,Hemoglobin,9.63,12.0,16.0,2025-04-07
L06859,SUBJ229,V1372,WBC,9.52,4.0,11.0,2025-04-07
L06860,SUBJ229,V1372,Creatinine,0.65,0.6,1.3,2025-04-07
L06861,SUBJ229,V1373,ALT,40.6,7.0,56.0,2025-04-11
L06862,SUBJ229,V1373,AST,49.27,10.0,40.0,2025-04-11
L06863,SUBJ229,V1373,Hemoglobin,15.27,12.0,16.0,2025-04-11
L06864,SUBJ229,V1373,WBC,8.88,4.0,11.0,2025-04-11
L06865,SUBJ229,V1373,Creatinine,1.04,0.6,1.3,2025-04-11
L06866,SUBJ229,V1374,ALT,4.47,7.0,56.0,2025-04-17
L06867,SUBJ229,V1374,AST,31.98,10.0,40.0,2025-04-17
L06868,SUBJ229,V1374,Hemoglobin,13.82,12.0,16.0,2025-04-17
L06869,SUBJ229,V1374,WBC,9.26,4.0,11.0,2025-04-17
L06870,SUBJ229,V1374,Creatinine,0.9,0.6,1.3,2025-04-17
L06871,SUBJ230,V1375,ALT,63.02,7.0,56.0,2025-03-16
L06872,SUBJ230,V1375,AST,23.72,10.0,40.0,2025-03-16
L06873,SUBJ230,V1375,Hemoglobin,12.73,12.0,16.0,2025-03-16
L06874,SUBJ230,V1375,WBC,1.1,4.0,11.0,2025-03-16
L06875,SUBJ230,V1375,Creatinine,1.1,0.6,1.3,2025-03-16
L06876,SUBJ230,V1376,ALT,14.17,7.0,56.0,2025-03-24
L06877,SUBJ230,V1376,AST,35.42,10.0,40.0,2025-03-24
L06878,SUBJ230,V1376,Hemoglobin,14.7,12.0,16.0,2025-03-24
L06879,SUBJ230,V1376,WBC,9.76,4.0,11.0,2025-03-24
L06880,SUBJ230,V1376,Creatinine,1.19,0.6,1.3,2025-03-24
L06881,SUBJ230,V1377,ALT,34.93,7.0,56.0,2025-03-31
L06882,SUBJ230,V1377,AST,34.39,10.0,40.0,2025-03-31
L06883,SUBJ230,V1377,Hemoglobin,15.45,12.0,16.0,2025-03-31
L06884,SUBJ230,V1377,WBC,2.01,4.0,11.0,2025-03-31
L06885,SUBJ230,V1377,Creatinine,1.07,0.6,1.3,2025-03-31
L06886,SUBJ230,V1378,ALT,40.41,7.0,56.0,2025-04-06
L06887,SUBJ230,V1378,AST,26.52,10.0,40.0,2025-04-06
L06888,SUBJ230,V1378,Hemoglobin,15.11,12.0,16.0,2025-04-06
L06889,SUBJ230,V1378,WBC,7.84,4.0,11.0,2025-04-06
L06890,SUBJ230,V1378,Creatinine,0.77,0.6,1.3,2025-04-06
L06891,SUBJ230,V1379,ALT,35.91,7.0,56.0,2025-04-13
L06892,SUBJ230,V1379,AST,18.47,10.0,40.0,2025-04-13
L06893,SUBJ230,V1379,Hemoglobin,15.47,12.0,16.0,2025-04-13
L06894,SUBJ230,V1379,WBC,10.2,4.0,11.0,2025-04-13
L06895,SUBJ230,V1379,Creatinine,0.81,0.6,1.3,2025-04-13
L06896,SUBJ230,V1380,ALT,10.16,7.0,56.0,2025-04-20
L06897,SUBJ230,V1380,AST,17.28,10.0,40.0,2025-04-20
L06898,SUBJ230,V1380,Hemoglobin,23.3,12.0,16.0,2025-04-20
L06899,SUBJ230,V1380,WBC,15.65,4.0,11.0,2025-04-20
L06900,SUBJ230,V1380,Creatinine,1.07,0.6,1.3,2025-04-20
L06901,SUBJ231,V1381,ALT,18.42,7.0,56.0,2025-02-06
L06902,SUBJ231,V1381,AST,44.41,10.0,40.0,2025-02-06
L06903,SUBJ231,V1381,Hemoglobin,15.0,12.0,16.0,2025-02-06
L06904,SUBJ231,V1381,WBC,10.96,4.0,11.0,2025-02-06
L06905,SUBJ231,V1381,Creatinine,0.75,0.6,1.3,2025-02-06
L06906,SUBJ231,V1382,ALT,50.22,7.0,56.0,2025-02-16
L06907,SUBJ231,V1382,AST,34.56,10.0,40.0,2025-02-16
L06908,SUBJ231,V1382,Hemoglobin,12.43,12.0,16.0,2025-02-16
L06909,SUBJ231,V1382,WBC,9.25,4.0,11.0,2025-02-16
L06910,SUBJ231,V1382,Creatinine,0.69,0.6,1.3,2025-02-16
L06911,SUBJ231,V1383,ALT,50.01,7.0,56.0,2025-02-23
L06912,SUBJ231,V1383,AST,28.85,10.0,40.0,2025-02-23
L06913,SUBJ231,V1383,Hemoglobin,13.04,12.0,16.0,2025-02-23
L06914,SUBJ231,V1383,WBC,6.86,4.0,11.0,2025-02-23
L06915,SUBJ231,V1383,Creatinine,0.98,0.6,1.3,2025-02-23
L06916,SUBJ231,V1384,ALT,34.11,7.0,56.0,2025-02-28
L06917,SUBJ231,V1384,AST,17.9,10.0,40.0,2025-02-28
L06918,SUBJ231,V1384,Hemoglobin,14.3,12.0,16.0,2025-02-28
L06919,SUBJ231,V1384,WBC,6.54,4.0,11.0,2025-02-28
L06920,SUBJ231,V1384,Creatinine,1.04,0.6,1.3,2025-02-28
L06921,SUBJ231,V1385,ALT,48.29,7.0,56.0,2025-03-07
L06922,SUBJ231,V1385,AST,14.69,10.0,40.0,2025-03-07
L06923,SUBJ231,V1385,Hemoglobin,9.97,12.0,16.0,2025-03-07
L06924,SUBJ231,V1385,WBC,5.53,4.0,11.0,2025-03-07
L06925,SUBJ231,V1385,Creatinine,1.01,0.6,1.3,2025-03-07
L06926,SUBJ231,V1386,ALT,28.17,7.0,56.0,2025-03-15
L06927,SUBJ231,V1386,AST,23.01,10.0,40.0,2025-03-15
L06928,SUBJ231,V1386,Hemoglobin,15.08,12.0,16.0,2025-03-15
L06929,SUBJ231,V1386,WBC,9.24,4.0,11.0,2025-03-15
L06930,SUBJ231,V1386,Creatinine,0.69,0.6,1.3,2025-03-15
L06931,SUBJ232,V1387,ALT,40.17,7.0,56.0,2025-01-25
L06932,SUBJ232,V1387,AST,36.86,10.0,40.0,2025-01-25
L06933,SUBJ232,V1387,Hemoglobin,13.15,12.0,16.0,2025-01-25
L06934,SUBJ232,V1387,WBC,6.76,4.0,11.0,2025-01-25
L06935,SUBJ232,V1387,Creatinine,0.67,0.6,1.3,2025-01-25
L06936,SUBJ232,V1388,ALT,28.01,7.0,56.0,2025-01-31
L06937,SUBJ232,V1388,AST,35.56,10.0,40.0,2025-01-31
L06938,SUBJ232,V1388,Hemoglobin,15.24,12.0,16.0,2025-01-31
L06939,SUBJ232,V1388,WBC,7.41,4.0,11.0,2025-01-31
L06940,SUBJ232,V1388,Creatinine,0.65,0.6,1.3,2025-01-31
L06941,SUBJ232,V1389,ALT,24.93,7.0,56.0,2025-02-07
L06942,SUBJ232,V1389,AST,12.79,10.0,40.0,2025-02-07
L06943,SUBJ232,V1389,Hemoglobin,13.81,12.0,16.0,2025-02-07
L06944,SUBJ232,V1389,WBC,9.23,4.0,11.0,2025-02-07
L06945,SUBJ232,V1389,Creatinine,-0.64,0.6,1.3,2025-02-07
L06946,SUBJ232,V1390,ALT,22.54,7.0,56.0,2025-02-15
L06947,SUBJ232,V1390,AST,20.67,10.0,40.0,2025-02-15
L06948,SUBJ232,V1390,Hemoglobin,15.44,12.0,16.0,2025-02-15
L06949,SUBJ232,V1390,WBC,8.28,4.0,11.0,2025-02-15
L06950,SUBJ232,V1390,Creatinine,,0.6,1.3,2025-02-15
L06951,SUBJ232,V1391,ALT,24.58,7.0,56.0,2025-02-20
L06952,SUBJ232,V1391,AST,25.06,10.0,40.0,2025-02-20
L06953,SUBJ232,V1391,Hemoglobin,15.82,12.0,16.0,2025-02-20
L06954,SUBJ232,V1391,WBC,8.32,4.0,11.0,2025-02-20
L06955,SUBJ232,V1391,Creatinine,0.77,0.6,1.3,2025-02-20
L06956,SUBJ232,V1392,ALT,47.19,7.0,56.0,2025-03-03
L06957,SUBJ232,V1392,AST,38.16,10.0,40.0,2025-03-03
L06958,SUBJ232,V1392,Hemoglobin,14.62,12.0,16.0,2025-03-03
L06959,SUBJ232,V1392,WBC,6.83,4.0,11.0,2025-03-03
L06960,SUBJ232,V1392,Creatinine,1.14,0.6,1.3,2025-03-03
L06961,SUBJ233,V1393,ALT,15.31,7.0,56.0,2025-01-21
L06962,SUBJ233,V1393,AST,,10.0,40.0,2025-01-21
L06963,SUBJ233,V1393,Hemoglobin,12.36,12.0,16.0,2025-01-21
L06964,SUBJ233,V1393,WBC,2.77,4.0,11.0,2025-01-21
L06965,SUBJ233,V1393,Creatinine,1.2,0.6,1.3,2025-01-21
L06966,SUBJ233,V1394,ALT,39.83,7.0,56.0,2025-01-24
L06967,SUBJ233,V1394,AST,25.74,10.0,40.0,2025-01-24
L06968,SUBJ233,V1394,Hemoglobin,18.65,12.0,16.0,2025-01-24
L06969,SUBJ233,V1394,WBC,5.54,4.0,11.0,2025-01-24
L06970,SUBJ233,V1394,Creatinine,1.29,0.6,1.3,2025-01-24
L06971,SUBJ233,V1395,ALT,52.92,7.0,56.0,2025-02-03
L06972,SUBJ233,V1395,AST,29.12,10.0,40.0,2025-02-03
L06973,SUBJ233,V1395,Hemoglobin,,12.0,16.0,2025-02-03
L06974,SUBJ233,V1395,WBC,5.65,4.0,11.0,2025-02-03
L06975,SUBJ233,V1395,Creatinine,0.73,0.6,1.3,2025-02-03
L06976,SUBJ233,V1396,ALT,33.2,7.0,56.0,2025-02-11
L06977,SUBJ233,V1396,AST,28.46,10.0,40.0,2025-02-11
L06978,SUBJ233,V1396,Hemoglobin,15.01,12.0,16.0,2025-02-11
L06979,SUBJ233,V1396,WBC,10.86,4.0,11.0,2025-02-11
L06980,SUBJ233,V1396,Creatinine,0.84,0.6,1.3,2025-02-11
L06981,SUBJ233,V1397,ALT,33.66,7.0,56.0,2025-02-15
L06982,SUBJ233,V1397,AST,34.55,10.0,40.0,2025-02-15
L06983,SUBJ233,V1397,Hemoglobin,12.52,12.0,16.0,2025-02-15
L06984,SUBJ233,V1397,WBC,4.13,4.0,11.0,2025-02-15
L06985,SUBJ233,V1397,Creatinine,1.28,0.6,1.3,2025-02-15
L06986,SUBJ233,V1398,ALT,9.2,7.0,56.0,2025-02-23
L06987,SUBJ233,V1398,AST,12.16,10.0,40.0,2025-02-23
L06988,SUBJ233,V1398,Hemoglobin,15.82,12.0,16.0,2025-02-23
L06989,SUBJ233,V1398,WBC,5.85,4.0,11.0,2025-02-23
L06990,SUBJ233,V1398,Creatinine,0.65,0.6,1.3,2025-02-23
L06991,SUBJ234,V1399,ALT,19.88,7.0,56.0,2025-03-05
L06992,SUBJ234,V1399,AST,36.52,10.0,40.0,2025-03-05
L06993,SUBJ234,V1399,Hemoglobin,13.54,12.0,16.0,2025-03-05
L06994,SUBJ234,V1399,WBC,5.82,4.0,11.0,2025-03-05
L06995,SUBJ234,V1399,Creatinine,0.66,0.6,1.3,2025-03-05
L06996,SUBJ234,V1400,ALT,36.12,7.0,56.0,2025-03-15
L06997,SUBJ234,V1400,AST,23.62,10.0,40.0,2025-03-15
L06998,SUBJ234,V1400,Hemoglobin,14.31,12.0,16.0,2025-03-15
L06999,SUBJ234,V1400,WBC,8.01,4.0,11.0,2025-03-15
L07000,SUBJ234,V1400,Creatinine,1.3,0.6,1.3,2025-03-15
L07001,SUBJ234,V1401,ALT,7.95,7.0,56.0,2025-03-20
L07002,SUBJ234,V1401,AST,27.49,10.0,40.0,2025-03-20
L07003,SUBJ234,V1401,Hemoglobin,12.17,12.0,16.0,2025-03-20
L07004,SUBJ234,V1401,WBC,6.52,4.0,11.0,2025-03-20
L07005,SUBJ234,V1401,Creatinine,1.22,0.6,1.3,2025-03-20
L07006,SUBJ234,V1402,ALT,33.71,7.0,56.0,2025-03-27
L07007,SUBJ234,V1402,AST,29.77,10.0,40.0,2025-03-27
L07008,SUBJ234,V1402,Hemoglobin,15.79,12.0,16.0,2025-03-27
L07009,SUBJ234,V1402,WBC,10.59,4.0,11.0,2025-03-27
L07010,SUBJ234,V1402,Creatinine,0.66,0.6,1.3,2025-03-27
L07011,SUBJ234,V1403,ALT,,7.0,56.0,2025-04-05
L07012,SUBJ234,V1403,AST,22.57,10.0,40.0,2025-04-05
L07013,SUBJ234,V1403,Hemoglobin,14.06,12.0,16.0,2025-04-05
L07014,SUBJ234,V1403,WBC,6.76,4.0,11.0,2025-04-05
L07015,SUBJ234,V1403,Creatinine,1.05,0.6,1.3,2025-04-05
L07016,SUBJ234,V1404,ALT,45.35,7.0,56.0,2025-04-13
L07017,SUBJ234,V1404,AST,8.97,10.0,40.0,2025-04-13
L07018,SUBJ234,V1404,Hemoglobin,13.01,12.0,16.0,2025-04-13
L07019,SUBJ234,V1404,WBC,6.35,4.0,11.0,2025-04-13
L07020,SUBJ234,V1404,Creatinine,1.19,0.6,1.3,2025-04-13
L07021,SUBJ235,V1405,ALT,10.72,7.0,56.0,2025-01-06
L07022,SUBJ235,V1405,AST,15.97,10.0,40.0,2025-01-06
L07023,SUBJ235,V1405,Hemoglobin,13.86,12.0,16.0,2025-01-06
L07024,SUBJ235,V1405,WBC,4.96,4.0,11.0,2025-01-06
L07025,SUBJ235,V1405,Creatinine,0.65,0.6,1.3,2025-01-06
L07026,SUBJ235,V1406,ALT,41.49,7.0,56.0,2025-01-12
L07027,SUBJ235,V1406,AST,24.5,10.0,40.0,2025-01-12
L07028,SUBJ235,V1406,Hemoglobin,12.74,12.0,16.0,2025-01-12
L07029,SUBJ235,V1406,WBC,6.87,4.0,11.0,2025-01-12
L07030,SUBJ235,V1406,Creatinine,1.28,0.6,1.3,2025-01-12
L07031,SUBJ235,V1407,ALT,5.86,7.0,56.0,2025-01-18
L07032,SUBJ235,V1407,AST,18.49,10.0,40.0,2025-01-18
L07033,SUBJ235,V1407,Hemoglobin,12.54,12.0,16.0,2025-01-18
L07034,SUBJ235,V1407,WBC,5.46,4.0,11.0,2025-01-18
L07035,SUBJ235,V1407,Creatinine,0.94,0.6,1.3,2025-01-18
L07036,SUBJ235,V1408,ALT,22.77,7.0,56.0,2025-01-27
L07037,SUBJ235,V1408,AST,12.37,10.0,40.0,2025-01-27
L07038,SUBJ235,V1408,Hemoglobin,12.56,12.0,16.0,2025-01-27
L07039,SUBJ235,V1408,WBC,6.81,4.0,11.0,2025-01-27
L07040,SUBJ235,V1408,Creatinine,0.95,0.6,1.3,2025-01-27
L07041,SUBJ235,V1409,ALT,50.93,7.0,56.0,2025-02-01
L07042,SUBJ235,V1409,AST,14.33,10.0,40.0,2025-02-01
L07043,SUBJ235,V1409,Hemoglobin,10.38,12.0,16.0,2025-02-01
L07044,SUBJ235,V1409,WBC,6.3,4.0,11.0,2025-02-01
L07045,SUBJ235,V1409,Creatinine,1.1,0.6,1.3,2025-02-01
L07046,SUBJ235,V1410,ALT,13.23,7.0,56.0,2025-02-08
L07047,SUBJ235,V1410,AST,20.95,10.0,40.0,2025-02-08
L07048,SUBJ235,V1410,Hemoglobin,13.67,12.0,16.0,2025-02-08
L07049,SUBJ235,V1410,WBC,15.9,4.0,11.0,2025-02-08
L07050,SUBJ235,V1410,Creatinine,0.66,0.6,1.3,2025-02-08
L07051,SUBJ236,V1411,ALT,45.96,7.0,56.0,2025-02-02
L07052,SUBJ236,V1411,AST,7.26,10.0,40.0,2025-02-02
L07053,SUBJ236,V1411,Hemoglobin,13.58,12.0,16.0,2025-02-02
L07054,SUBJ236,V1411,WBC,8.88,4.0,11.0,2025-02-02
L07055,SUBJ236,V1411,Creatinine,0.97,0.6,1.3,2025-02-02
L07056,SUBJ236,V1412,ALT,5.8,7.0,56.0,2025-02-12
L07057,SUBJ236,V1412,AST,30.38,10.0,40.0,2025-02-12
L07058,SUBJ236,V1412,Hemoglobin,14.62,12.0,16.0,2025-02-12
L07059,SUBJ236,V1412,WBC,14.14,4.0,11.0,2025-02-12
L07060,SUBJ236,V1412,Creatinine,,0.6,1.3,2025-02-12
L07061,SUBJ236,V1413,ALT,20.91,7.0,56.0,2025-02-18
L07062,SUBJ236,V1413,AST,34.48,10.0,40.0,2025-02-18
L07063,SUBJ236,V1413,Hemoglobin,15.51,12.0,16.0,2025-02-18
L07064,SUBJ236,V1413,WBC,,4.0,11.0,2025-02-18
L07065,SUBJ236,V1413,Creatinine,0.66,0.6,1.3,2025-02-18
L07066,SUBJ236,V1414,ALT,23.03,7.0,56.0,2025-02-25
L07067,SUBJ236,V1414,AST,42.37,10.0,40.0,2025-02-25
L07068,SUBJ236,V1414,Hemoglobin,12.82,12.0,16.0,2025-02-25
L07069,SUBJ236,V1414,WBC,2.07,4.0,11.0,2025-02-25
L07070,SUBJ236,V1414,Creatinine,0.7,0.6,1.3,2025-02-25
L07071,SUBJ236,V1415,ALT,16.63,7.0,56.0,2025-03-05
L07072,SUBJ236,V1415,AST,27.13,10.0,40.0,2025-03-05
L07073,SUBJ236,V1415,Hemoglobin,,12.0,16.0,2025-03-05
L07074,SUBJ236,V1415,WBC,19.85,4.0,11.0,2025-03-05
L07075,SUBJ236,V1415,Creatinine,1.02,0.6,1.3,2025-03-05
L07076,SUBJ236,V1416,ALT,41.31,7.0,56.0,2025-03-12
L07077,SUBJ236,V1416,AST,22.41,10.0,40.0,2025-03-12
L07078,SUBJ236,V1416,Hemoglobin,14.6,12.0,16.0,2025-03-12
L07079,SUBJ236,V1416,WBC,6.07,4.0,11.0,2025-03-12
L07080,SUBJ236,V1416,Creatinine,1.19,0.6,1.3,2025-03-12
L07081,SUBJ237,V1417,ALT,34.8,7.0,56.0,2025-03-05
L07082,SUBJ237,V1417,AST,29.54,10.0,40.0,2025-03-05
L07083,SUBJ237,V1417,Hemoglobin,14.04,12.0,16.0,2025-03-05
L07084,SUBJ237,V1417,WBC,4.21,4.0,11.0,2025-03-05
L07085,SUBJ237,V1417,Creatinine,1.07,0.6,1.3,2025-03-05
L07086,SUBJ237,V1418,ALT,51.54,7.0,56.0,2025-03-09
L07087,SUBJ237,V1418,AST,7.93,10.0,40.0,2025-03-09
L07088,SUBJ237,V1418,Hemoglobin,15.34,12.0,16.0,2025-03-09
L07089,SUBJ237,V1418,WBC,5.37,4.0,11.0,2025-03-09
L07090,SUBJ237,V1418,Creatinine,0.83,0.6,1.3,2025-03-09
L07091,SUBJ237,V1419,ALT,41.32,7.0,56.0,2025-03-15
L07092,SUBJ237,V1419,AST,7.47,10.0,40.0,2025-03-15
L07093,SUBJ237,V1419,Hemoglobin,13.18,12.0,16.0,2025-03-15
L07094,SUBJ237,V1419,WBC,,4.0,11.0,2025-03-15
L07095,SUBJ237,V1419,Creatinine,1.27,0.6,1.3,2025-03-15
L07096,SUBJ237,V1420,ALT,5.49,7.0,56.0,2025-03-25
L07097,SUBJ237,V1420,AST,25.22,10.0,40.0,2025-03-25
L07098,SUBJ237,V1420,Hemoglobin,13.16,12.0,16.0,2025-03-25
L07099,SUBJ237,V1420,WBC,9.41,4.0,11.0,2025-03-25
L07100,SUBJ237,V1420,Creatinine,0.67,0.6,1.3,2025-03-25
L07101,SUBJ237,V1421,ALT,,7.0,56.0,2025-03-31
L07102,SUBJ237,V1421,AST,36.24,10.0,40.0,2025-03-31
L07103,SUBJ237,V1421,Hemoglobin,12.7,12.0,16.0,2025-03-31
L07104,SUBJ237,V1421,WBC,9.24,4.0,11.0,2025-03-31
L07105,SUBJ237,V1421,Creatinine,,0.6,1.3,2025-03-31
L07106,SUBJ237,V1422,ALT,49.64,7.0,56.0,2025-04-09
L07107,SUBJ237,V1422,AST,34.32,10.0,40.0,2025-04-09
L07108,SUBJ237,V1422,Hemoglobin,14.22,12.0,16.0,2025-04-09
L07109,SUBJ237,V1422,WBC,2.98,4.0,11.0,2025-04-09
L07110,SUBJ237,V1422,Creatinine,1.07,0.6,1.3,2025-04-09
L07111,SUBJ238,V1423,ALT,21.88,7.0,56.0,2025-01-30
L07112,SUBJ238,V1423,AST,18.89,10.0,40.0,2025-01-30
L07113,SUBJ238,V1423,Hemoglobin,,12.0,16.0,2025-01-30
L07114,SUBJ238,V1423,WBC,5.26,4.0,11.0,2025-01-30
L07115,SUBJ238,V1423,Creatinine,0.83,0.6,1.3,2025-01-30
L07116,SUBJ238,V1424,ALT,45.07,7.0,56.0,2025-02-06
L07117,SUBJ238,V1424,AST,26.06,10.0,40.0,2025-02-06
L07118,SUBJ238,V1424,Hemoglobin,15.15,12.0,16.0,2025-02-06
L07119,SUBJ238,V1424,WBC,7.16,4.0,11.0,2025-02-06
L07120,SUBJ238,V1424,Creatinine,0.82,0.6,1.3,2025-02-06
L07121,SUBJ238,V1425,ALT,45.92,7.0,56.0,2025-02-15
L07122,SUBJ238,V1425,AST,8.67,10.0,40.0,2025-02-15
L07123,SUBJ238,V1425,Hemoglobin,13.53,12.0,16.0,2025-02-15
L07124,SUBJ238,V1425,WBC,4.58,4.0,11.0,2025-02-15
L07125,SUBJ238,V1425,Creatinine,,0.6,1.3,2025-02-15
L07126,SUBJ238,V1426,ALT,16.85,7.0,56.0,2025-02-21
L07127,SUBJ238,V1426,AST,15.51,10.0,40.0,2025-02-21
L07128,SUBJ238,V1426,Hemoglobin,15.17,12.0,16.0,2025-02-21
L07129,SUBJ238,V1426,WBC,15.58,4.0,11.0,2025-02-21
L07130,SUBJ238,V1426,Creatinine,-1.67,0.6,1.3,2025-02-21
L07131,SUBJ238,V1427,ALT,37.72,7.0,56.0,2025-03-03
L07132,SUBJ238,V1427,AST,38.09,10.0,40.0,2025-03-03
L07133,SUBJ238,V1427,Hemoglobin,14.51,12.0,16.0,2025-03-03
L07134,SUBJ238,V1427,WBC,9.53,4.0,11.0,2025-03-03
L07135,SUBJ238,V1427,Creatinine,0.99,0.6,1.3,2025-03-03
L07136,SUBJ238,V1428,ALT,13.59,7.0,56.0,2025-03-07
L07137,SUBJ238,V1428,AST,17.77,10.0,40.0,2025-03-07
L07138,SUBJ238,V1428,Hemoglobin,10.61,12.0,16.0,2025-03-07
L07139,SUBJ238,V1428,WBC,4.36,4.0,11.0,2025-03-07
L07140,SUBJ238,V1428,Creatinine,-2.03,0.6,1.3,2025-03-07
L07141,SUBJ239,V1429,ALT,46.19,7.0,56.0,2025-01-26
L07142,SUBJ239,V1429,AST,11.99,10.0,40.0,2025-01-26
L07143,SUBJ239,V1429,Hemoglobin,12.3,12.0,16.0,2025-01-26
L07144,SUBJ239,V1429,WBC,8.56,4.0,11.0,2025-01-26
L07145,SUBJ239,V1429,Creatinine,1.29,0.6,1.3,2025-01-26
L07146,SUBJ239,V1430,ALT,64.23,7.0,56.0,2025-02-05
L07147,SUBJ239,V1430,AST,11.17,10.0,40.0,2025-02-05
L07148,SUBJ239,V1430,Hemoglobin,13.76,12.0,16.0,2025-02-05
L07149,SUBJ239,V1430,WBC,6.92,4.0,11.0,2025-02-05
L07150,SUBJ239,V1430,Creatinine,0.96,0.6,1.3,2025-02-05
L07151,SUBJ239,V1431,ALT,8.39,7.0,56.0,2025-02-12
L07152,SUBJ239,V1431,AST,16.24,10.0,40.0,2025-02-12
L07153,SUBJ239,V1431,Hemoglobin,15.49,12.0,16.0,2025-02-12
L07154,SUBJ239,V1431,WBC,5.83,4.0,11.0,2025-02-12
L07155,SUBJ239,V1431,Creatinine,5.95,0.6,1.3,2025-02-12
L07156,SUBJ239,V1432,ALT,50.11,7.0,56.0,2025-02-15
L07157,SUBJ239,V1432,AST,18.11,10.0,40.0,2025-02-15
L07158,SUBJ239,V1432,Hemoglobin,15.56,12.0,16.0,2025-02-15
L07159,SUBJ239,V1432,WBC,5.56,4.0,11.0,2025-02-15
L07160,SUBJ239,V1432,Creatinine,0.93,0.6,1.3,2025-02-15
L07161,SUBJ239,V1433,ALT,39.28,7.0,56.0,2025-02-24
L07162,SUBJ239,V1433,AST,38.85,10.0,40.0,2025-02-24
L07163,SUBJ239,V1433,Hemoglobin,14.76,12.0,16.0,2025-02-24
L07164,SUBJ239,V1433,WBC,6.8,4.0,11.0,2025-02-24
L07165,SUBJ239,V1433,Creatinine,0.74,0.6,1.3,2025-02-24
L07166,SUBJ239,V1434,ALT,49.73,7.0,56.0,2025-03-02
L07167,SUBJ239,V1434,AST,,10.0,40.0,2025-03-02
L07168,SUBJ239,V1434,Hemoglobin,15.53,12.0,16.0,2025-03-02
L07169,SUBJ239,V1434,WBC,5.71,4.0,11.0,2025-03-02
L07170,SUBJ239,V1434,Creatinine,1.11,0.6,1.3,2025-03-02
L07171,SUBJ240,V1435,ALT,20.77,7.0,56.0,2025-01-25
L07172,SUBJ240,V1435,AST,13.47,10.0,40.0,2025-01-25
L07173,SUBJ240,V1435,Hemoglobin,12.08,12.0,16.0,2025-01-25
L07174,SUBJ240,V1435,WBC,5.57,4.0,11.0,2025-01-25
L07175,SUBJ240,V1435,Creatinine,1.27,0.6,1.3,2025-01-25
L07176,SUBJ240,V1436,ALT,13.99,7.0,56.0,2025-02-01
L07177,SUBJ240,V1436,AST,20.67,10.0,40.0,2025-02-01
L07178,SUBJ240,V1436,Hemoglobin,12.22,12.0,16.0,2025-02-01
L07179,SUBJ240,V1436,WBC,9.43,4.0,11.0,2025-02-01
L07180,SUBJ240,V1436,Creatinine,0.75,0.6,1.3,2025-02-01
L07181,SUBJ240,V1437,ALT,49.92,7.0,56.0,2025-02-09
L07182,SUBJ240,V1437,AST,11.46,10.0,40.0,2025-02-09
L07183,SUBJ240,V1437,Hemoglobin,15.81,12.0,16.0,2025-02-09
L07184,SUBJ240,V1437,WBC,5.62,4.0,11.0,2025-02-09
L07185,SUBJ240,V1437,Creatinine,0.75,0.6,1.3,2025-02-09
L07186,SUBJ240,V1438,ALT,34.24,7.0,56.0,2025-02-15
L07187,SUBJ240,V1438,AST,25.41,10.0,40.0,2025-02-15
L07188,SUBJ240,V1438,Hemoglobin,14.31,12.0,16.0,2025-02-15
L07189,SUBJ240,V1438,WBC,5.7,4.0,11.0,2025-02-15
L07190,SUBJ240,V1438,Creatinine,1.25,0.6,1.3,2025-02-15
L07191,SUBJ240,V1439,ALT,,7.0,56.0,2025-02-22
L07192,SUBJ240,V1439,AST,33.96,10.0,40.0,2025-02-22
L07193,SUBJ240,V1439,Hemoglobin,15.01,12.0,16.0,2025-02-22
L07194,SUBJ240,V1439,WBC,2.11,4.0,11.0,2025-02-22
L07195,SUBJ240,V1439,Creatinine,1.02,0.6,1.3,2025-02-22
L07196,SUBJ240,V1440,ALT,5.15,7.0,56.0,2025-03-03
L07197,SUBJ240,V1440,AST,31.03,10.0,40.0,2025-03-03
L07198,SUBJ240,V1440,Hemoglobin,10.98,12.0,16.0,2025-03-03
L07199,SUBJ240,V1440,WBC,4.1,4.0,11.0,2025-03-03
L07200,SUBJ240,V1440,Creatinine,0.8,0.6,1.3,2025-03-03
L07201,SUBJ241,V1441,ALT,12.63,7.0,56.0,2025-01-15
L07202,SUBJ241,V1441,AST,42.83,10.0,40.0,2025-01-15
L07203,SUBJ241,V1441,Hemoglobin,14.96,12.0,16.0,2025-01-15
L07204,SUBJ241,V1441,WBC,12.84,4.0,11.0,2025-01-15
L07205,SUBJ241,V1441,Creatinine,1.08,0.6,1.3,2025-01-15
L07206,SUBJ241,V1442,ALT,19.29,7.0,56.0,2025-01-21
L07207,SUBJ241,V1442,AST,14.3,10.0,40.0,2025-01-21
L07208,SUBJ241,V1442,Hemoglobin,14.25,12.0,16.0,2025-01-21
L07209,SUBJ241,V1442,WBC,6.39,4.0,11.0,2025-01-21
L07210,SUBJ241,V1442,Creatinine,1.26,0.6,1.3,2025-01-21
L07211,SUBJ241,V1443,ALT,21.58,7.0,56.0,2025-01-30
L07212,SUBJ241,V1443,AST,35.83,10.0,40.0,2025-01-30
L07213,SUBJ241,V1443,Hemoglobin,12.11,12.0,16.0,2025-01-30
L07214,SUBJ241,V1443,WBC,7.94,4.0,11.0,2025-01-30
L07215,SUBJ241,V1443,Creatinine,1.18,0.6,1.3,2025-01-30
L07216,SUBJ241,V1444,ALT,41.1,7.0,56.0,2025-02-03
L07217,SUBJ241,V1444,AST,27.99,10.0,40.0,2025-02-03
L07218,SUBJ241,V1444,Hemoglobin,13.55,12.0,16.0,2025-02-03
L07219,SUBJ241,V1444,WBC,7.39,4.0,11.0,2025-02-03
L07220,SUBJ241,V1444,Creatinine,7.16,0.6,1.3,2025-02-03
L07221,SUBJ241,V1445,ALT,27.05,7.0,56.0,2025-02-14
L07222,SUBJ241,V1445,AST,30.11,10.0,40.0,2025-02-14
L07223,SUBJ241,V1445,Hemoglobin,13.05,12.0,16.0,2025-02-14
L07224,SUBJ241,V1445,WBC,2.79,4.0,11.0,2025-02-14
L07225,SUBJ241,V1445,Creatinine,1.0,0.6,1.3,2025-02-14
L07226,SUBJ241,V1446,ALT,8.65,7.0,56.0,2025-02-21
L07227,SUBJ241,V1446,AST,24.32,10.0,40.0,2025-02-21
L07228,SUBJ241,V1446,Hemoglobin,13.47,12.0,16.0,2025-02-21
L07229,SUBJ241,V1446,WBC,4.72,4.0,11.0,2025-02-21
L07230,SUBJ241,V1446,Creatinine,0.85,0.6,1.3,2025-02-21
L07231,SUBJ242,V1447,ALT,20.65,7.0,56.0,2025-01-27
L07232,SUBJ242,V1447,AST,10.41,10.0,40.0,2025-01-27
L07233,SUBJ242,V1447,Hemoglobin,9.41,12.0,16.0,2025-01-27
L07234,SUBJ242,V1447,WBC,9.47,4.0,11.0,2025-01-27
L07235,SUBJ242,V1447,Creatinine,4.12,0.6,1.3,2025-01-27
L07236,SUBJ242,V1448,ALT,5.69,7.0,56.0,2025-02-03
L07237,SUBJ242,V1448,AST,13.02,10.0,40.0,2025-02-03
L07238,SUBJ242,V1448,Hemoglobin,12.79,12.0,16.0,2025-02-03
L07239,SUBJ242,V1448,WBC,8.81,4.0,11.0,2025-02-03
L07240,SUBJ242,V1448,Creatinine,0.79,0.6,1.3,2025-02-03
L07241,SUBJ242,V1449,ALT,59.52,7.0,56.0,2025-02-09
L07242,SUBJ242,V1449,AST,7.76,10.0,40.0,2025-02-09
L07243,SUBJ242,V1449,Hemoglobin,12.71,12.0,16.0,2025-02-09
L07244,SUBJ242,V1449,WBC,7.47,4.0,11.0,2025-02-09
L07245,SUBJ242,V1449,Creatinine,,0.6,1.3,2025-02-09
L07246,SUBJ242,V1450,ALT,40.23,7.0,56.0,2025-02-15
L07247,SUBJ242,V1450,AST,28.73,10.0,40.0,2025-02-15
L07248,SUBJ242,V1450,Hemoglobin,13.47,12.0,16.0,2025-02-15
L07249,SUBJ242,V1450,WBC,9.03,4.0,11.0,2025-02-15
L07250,SUBJ242,V1450,Creatinine,0.89,0.6,1.3,2025-02-15
L07251,SUBJ242,V1451,ALT,21.37,7.0,56.0,2025-02-22
L07252,SUBJ242,V1451,AST,27.59,10.0,40.0,2025-02-22
L07253,SUBJ242,V1451,Hemoglobin,,12.0,16.0,2025-02-22
L07254,SUBJ242,V1451,WBC,4.88,4.0,11.0,2025-02-22
L07255,SUBJ242,V1451,Creatinine,0.71,0.6,1.3,2025-02-22
L07256,SUBJ242,V1452,ALT,53.56,7.0,56.0,2025-02-28
L07257,SUBJ242,V1452,AST,38.17,10.0,40.0,2025-02-28
L07258,SUBJ242,V1452,Hemoglobin,14.09,12.0,16.0,2025-02-28
L07259,SUBJ242,V1452,WBC,8.71,4.0,11.0,2025-02-28
L07260,SUBJ242,V1452,Creatinine,0.83,0.6,1.3,2025-02-28
L07261,SUBJ243,V1453,ALT,45.95,7.0,56.0,2025-01-29
L07262,SUBJ243,V1453,AST,45.78,10.0,40.0,2025-01-29
L07263,SUBJ243,V1453,Hemoglobin,12.73,12.0,16.0,2025-01-29
L07264,SUBJ243,V1453,WBC,4.79,4.0,11.0,2025-01-29
L07265,SUBJ243,V1453,Creatinine,1.29,0.6,1.3,2025-01-29
L07266,SUBJ243,V1454,ALT,40.24,7.0,56.0,2025-02-05
L07267,SUBJ243,V1454,AST,38.29,10.0,40.0,2025-02-05
L07268,SUBJ243,V1454,Hemoglobin,15.75,12.0,16.0,2025-02-05
L07269,SUBJ243,V1454,WBC,4.71,4.0,11.0,2025-02-05
L07270,SUBJ243,V1454,Creatinine,0.86,0.6,1.3,2025-02-05
L07271,SUBJ243,V1455,ALT,27.23,7.0,56.0,2025-02-15
L07272,SUBJ243,V1455,AST,,10.0,40.0,2025-02-15
L07273,SUBJ243,V1455,Hemoglobin,13.88,12.0,16.0,2025-02-15
L07274,SUBJ243,V1455,WBC,9.29,4.0,11.0,2025-02-15
L07275,SUBJ243,V1455,Creatinine,4.81,0.6,1.3,2025-02-15
L07276,SUBJ243,V1456,ALT,45.32,7.0,56.0,2025-02-19
L07277,SUBJ243,V1456,AST,43.91,10.0,40.0,2025-02-19
L07278,SUBJ243,V1456,Hemoglobin,15.36,12.0,16.0,2025-02-19
L07279,SUBJ243,V1456,WBC,9.61,4.0,11.0,2025-02-19
L07280,SUBJ243,V1456,Creatinine,1.02,0.6,1.3,2025-02-19
L07281,SUBJ243,V1457,ALT,26.24,7.0,56.0,2025-02-27
L07282,SUBJ243,V1457,AST,30.41,10.0,40.0,2025-02-27
L07283,SUBJ243,V1457,Hemoglobin,13.48,12.0,16.0,2025-02-27
L07284,SUBJ243,V1457,WBC,6.8,4.0,11.0,2025-02-27
L07285,SUBJ243,V1457,Creatinine,0.84,0.6,1.3,2025-02-27
L07286,SUBJ243,V1458,ALT,37.61,7.0,56.0,2025-03-05
L07287,SUBJ243,V1458,AST,21.9,10.0,40.0,2025-03-05
L07288,SUBJ243,V1458,Hemoglobin,15.76,12.0,16.0,2025-03-05
L07289,SUBJ243,V1458,WBC,9.84,4.0,11.0,2025-03-05
L07290,SUBJ243,V1458,Creatinine,,0.6,1.3,2025-03-05
L07291,SUBJ244,V1459,ALT,4.99,7.0,56.0,2025-03-29
L07292,SUBJ244,V1459,AST,13.86,10.0,40.0,2025-03-29
L07293,SUBJ244,V1459,Hemoglobin,12.66,12.0,16.0,2025-03-29
L07294,SUBJ244,V1459,WBC,5.93,4.0,11.0,2025-03-29
L07295,SUBJ244,V1459,Creatinine,0.63,0.6,1.3,2025-03-29
L07296,SUBJ244,V1460,ALT,25.78,7.0,56.0,2025-04-05
L07297,SUBJ244,V1460,AST,12.63,10.0,40.0,2025-04-05
L07298,SUBJ244,V1460,Hemoglobin,14.71,12.0,16.0,2025-04-05
L07299,SUBJ244,V1460,WBC,7.65,4.0,11.0,2025-04-05
L07300,SUBJ244,V1460,Creatinine,0.89,0.6,1.3,2025-04-05
L07301,SUBJ244,V1461,ALT,50.14,7.0,56.0,2025-04-11
L07302,SUBJ244,V1461,AST,35.59,10.0,40.0,2025-04-11
L07303,SUBJ244,V1461,Hemoglobin,15.04,12.0,16.0,2025-04-11
L07304,SUBJ244,V1461,WBC,7.89,4.0,11.0,2025-04-11
L07305,SUBJ244,V1461,Creatinine,0.78,0.6,1.3,2025-04-11
L07306,SUBJ244,V1462,ALT,52.41,7.0,56.0,2025-04-17
L07307,SUBJ244,V1462,AST,12.71,10.0,40.0,2025-04-17
L07308,SUBJ244,V1462,Hemoglobin,13.9,12.0,16.0,2025-04-17
L07309,SUBJ244,V1462,WBC,7.9,4.0,11.0,2025-04-17
L07310,SUBJ244,V1462,Creatinine,1.29,0.6,1.3,2025-04-17
L07311,SUBJ244,V1463,ALT,37.89,7.0,56.0,2025-04-25
L07312,SUBJ244,V1463,AST,12.56,10.0,40.0,2025-04-25
L07313,SUBJ244,V1463,Hemoglobin,9.66,12.0,16.0,2025-04-25
L07314,SUBJ244,V1463,WBC,9.72,4.0,11.0,2025-04-25
L07315,SUBJ244,V1463,Creatinine,10.0,0.6,1.3,2025-04-25
L07316,SUBJ244,V1464,ALT,5.44,7.0,56.0,2025-04-30
L07317,SUBJ244,V1464,AST,39.71,10.0,40.0,2025-04-30
L07318,SUBJ244,V1464,Hemoglobin,12.72,12.0,16.0,2025-04-30
L07319,SUBJ244,V1464,WBC,10.25,4.0,11.0,2025-04-30
L07320,SUBJ244,V1464,Creatinine,1.03,0.6,1.3,2025-04-30
L07321,SUBJ245,V1465,ALT,,7.0,56.0,2025-03-22
L07322,SUBJ245,V1465,AST,39.71,10.0,40.0,2025-03-22
L07323,SUBJ245,V1465,Hemoglobin,12.31,12.0,16.0,2025-03-22
L07324,SUBJ245,V1465,WBC,5.42,4.0,11.0,2025-03-22
L07325,SUBJ245,V1465,Creatinine,0.94,0.6,1.3,2025-03-22
L07326,SUBJ245,V1466,ALT,27.79,7.0,56.0,2025-03-31
L07327,SUBJ245,V1466,AST,36.12,10.0,40.0,2025-03-31
L07328,SUBJ245,V1466,Hemoglobin,15.29,12.0,16.0,2025-03-31
L07329,SUBJ245,V1466,WBC,9.47,4.0,11.0,2025-03-31
L07330,SUBJ245,V1466,Creatinine,0.97,0.6,1.3,2025-03-31
L07331,SUBJ245,V1467,ALT,33.82,7.0,56.0,2025-04-07
L07332,SUBJ245,V1467,AST,24.63,10.0,40.0,2025-04-07
L07333,SUBJ245,V1467,Hemoglobin,14.5,12.0,16.0,2025-04-07
L07334,SUBJ245,V1467,WBC,8.32,4.0,11.0,2025-04-07
L07335,SUBJ245,V1467,Creatinine,0.64,0.6,1.3,2025-04-07
L07336,SUBJ245,V1468,ALT,12.98,7.0,56.0,2025-04-12
L07337,SUBJ245,V1468,AST,27.18,10.0,40.0,2025-04-12
L07338,SUBJ245,V1468,Hemoglobin,13.16,12.0,16.0,2025-04-12
L07339,SUBJ245,V1468,WBC,9.74,4.0,11.0,2025-04-12
L07340,SUBJ245,V1468,Creatinine,,0.6,1.3,2025-04-12
L07341,SUBJ245,V1469,ALT,27.96,7.0,56.0,2025-04-18
L07342,SUBJ245,V1469,AST,27.87,10.0,40.0,2025-04-18
L07343,SUBJ245,V1469,Hemoglobin,12.3,12.0,16.0,2025-04-18
L07344,SUBJ245,V1469,WBC,5.5,4.0,11.0,2025-04-18
L07345,SUBJ245,V1469,Creatinine,0.75,0.6,1.3,2025-04-18
L07346,SUBJ245,V1470,ALT,64.05,7.0,56.0,2025-04-28
L07347,SUBJ245,V1470,AST,21.12,10.0,40.0,2025-04-28
L07348,SUBJ245,V1470,Hemoglobin,13.75,12.0,16.0,2025-04-28
L07349,SUBJ245,V1470,WBC,6.04,4.0,11.0,2025-04-28
L07350,SUBJ245,V1470,Creatinine,1.2,0.6,1.3,2025-04-28
L07351,SUBJ246,V1471,ALT,,7.0,56.0,2025-02-27
L07352,SUBJ246,V1471,AST,34.74,10.0,40.0,2025-02-27
L07353,SUBJ246,V1471,Hemoglobin,14.05,12.0,16.0,2025-02-27
L07354,SUBJ246,V1471,WBC,9.6,4.0,11.0,2025-02-27
L07355,SUBJ246,V1471,Creatinine,0.97,0.6,1.3,2025-02-27
L07356,SUBJ246,V1472,ALT,5.69,7.0,56.0,2025-03-06
L07357,SUBJ246,V1472,AST,37.04,10.0,40.0,2025-03-06
L07358,SUBJ246,V1472,Hemoglobin,13.01,12.0,16.0,2025-03-06
L07359,SUBJ246,V1472,WBC,5.92,4.0,11.0,2025-03-06
L07360,SUBJ246,V1472,Creatinine,0.92,0.6,1.3,2025-03-06
L07361,SUBJ246,V1473,ALT,24.05,7.0,56.0,2025-03-13
L07362,SUBJ246,V1473,AST,47.42,10.0,40.0,2025-03-13
L07363,SUBJ246,V1473,Hemoglobin,14.2,12.0,16.0,2025-03-13
L07364,SUBJ246,V1473,WBC,8.64,4.0,11.0,2025-03-13
L07365,SUBJ246,V1473,Creatinine,1.18,0.6,1.3,2025-03-13
L07366,SUBJ246,V1474,ALT,63.76,7.0,56.0,2025-03-21
L07367,SUBJ246,V1474,AST,8.97,10.0,40.0,2025-03-21
L07368,SUBJ246,V1474,Hemoglobin,13.94,12.0,16.0,2025-03-21
L07369,SUBJ246,V1474,WBC,10.06,4.0,11.0,2025-03-21
L07370,SUBJ246,V1474,Creatinine,0.67,0.6,1.3,2025-03-21
L07371,SUBJ246,V1475,ALT,8.87,7.0,56.0,2025-03-27
L07372,SUBJ246,V1475,AST,16.08,10.0,40.0,2025-03-27
L07373,SUBJ246,V1475,Hemoglobin,,12.0,16.0,2025-03-27
L07374,SUBJ246,V1475,WBC,8.57,4.0,11.0,2025-03-27
L07375,SUBJ246,V1475,Creatinine,0.96,0.6,1.3,2025-03-27
L07376,SUBJ246,V1476,ALT,10.13,7.0,56.0,2025-04-06
L07377,SUBJ246,V1476,AST,21.07,10.0,40.0,2025-04-06
L07378,SUBJ246,V1476,Hemoglobin,13.76,12.0,16.0,2025-04-06
L07379,SUBJ246,V1476,WBC,6.67,4.0,11.0,2025-04-06
L07380,SUBJ246,V1476,Creatinine,0.65,0.6,1.3,2025-04-06
L07381,SUBJ247,V1477,ALT,11.35,7.0,56.0,2025-02-21
L07382,SUBJ247,V1477,AST,34.45,10.0,40.0,2025-02-21
L07383,SUBJ247,V1477,Hemoglobin,12.2,12.0,16.0,2025-02-21
L07384,SUBJ247,V1477,WBC,9.87,4.0,11.0,2025-02-21
L07385,SUBJ247,V1477,Creatinine,0.76,0.6,1.3,2025-02-21
L07386,SUBJ247,V1478,ALT,54.34,7.0,56.0,2025-03-01
L07387,SUBJ247,V1478,AST,38.0,10.0,40.0,2025-03-01
L07388,SUBJ247,V1478,Hemoglobin,12.18,12.0,16.0,2025-03-01
L07389,SUBJ247,V1478,WBC,5.49,4.0,11.0,2025-03-01
L07390,SUBJ247,V1478,Creatinine,1.25,0.6,1.3,2025-03-01
L07391,SUBJ247,V1479,ALT,7.21,7.0,56.0,2025-03-04
L07392,SUBJ247,V1479,AST,33.95,10.0,40.0,2025-03-04
L07393,SUBJ247,V1479,Hemoglobin,13.79,12.0,16.0,2025-03-04
L07394,SUBJ247,V1479,WBC,10.82,4.0,11.0,2025-03-04
L07395,SUBJ247,V1479,Creatinine,-0.99,0.6,1.3,2025-03-04
L07396,SUBJ247,V1480,ALT,41.26,7.0,56.0,2025-03-15
L07397,SUBJ247,V1480,AST,27.48,10.0,40.0,2025-03-15
L07398,SUBJ247,V1480,Hemoglobin,15.79,12.0,16.0,2025-03-15
L07399,SUBJ247,V1480,WBC,10.98,4.0,11.0,2025-03-15
L07400,SUBJ247,V1480,Creatinine,1.06,0.6,1.3,2025-03-15
L07401,SUBJ247,V1481,ALT,30.38,7.0,56.0,2025-03-18
L07402,SUBJ247,V1481,AST,34.15,10.0,40.0,2025-03-18
L07403,SUBJ247,V1481,Hemoglobin,14.33,12.0,16.0,2025-03-18
L07404,SUBJ247,V1481,WBC,5.71,4.0,11.0,2025-03-18
L07405,SUBJ247,V1481,Creatinine,1.19,0.6,1.3,2025-03-18
L07406,SUBJ247,V1482,ALT,36.74,7.0,56.0,2025-03-25
L07407,SUBJ247,V1482,AST,38.29,10.0,40.0,2025-03-25
L07408,SUBJ247,V1482,Hemoglobin,13.88,12.0,16.0,2025-03-25
L07409,SUBJ247,V1482,WBC,16.34,4.0,11.0,2025-03-25
L07410,SUBJ247,V1482,Creatinine,-0.78,0.6,1.3,2025-03-25
L07411,SUBJ248,V1483,ALT,4.51,7.0,56.0,2025-01-02
L07412,SUBJ248,V1483,AST,19.98,10.0,40.0,2025-01-02
L07413,SUBJ248,V1483,Hemoglobin,13.41,12.0,16.0,2025-01-02
L07414,SUBJ248,V1483,WBC,11.0,4.0,11.0,2025-01-02
L07415,SUBJ248,V1483,Creatinine,1.14,0.6,1.3,2025-01-02
L07416,SUBJ248,V1484,ALT,34.46,7.0,56.0,2025-01-13
L07417,SUBJ248,V1484,AST,33.35,10.0,40.0,2025-01-13
L07418,SUBJ248,V1484,Hemoglobin,12.8,12.0,16.0,2025-01-13
L07419,SUBJ248,V1484,WBC,5.92,4.0,11.0,2025-01-13
L07420,SUBJ248,V1484,Creatinine,,0.6,1.3,2025-01-13
L07421,SUBJ248,V1485,ALT,9.83,7.0,56.0,2025-01-18
L07422,SUBJ248,V1485,AST,27.36,10.0,40.0,2025-01-18
L07423,SUBJ248,V1485,Hemoglobin,13.21,12.0,16.0,2025-01-18
L07424,SUBJ248,V1485,WBC,9.06,4.0,11.0,2025-01-18
L07425,SUBJ248,V1485,Creatinine,0.72,0.6,1.3,2025-01-18
L07426,SUBJ248,V1486,ALT,12.9,7.0,56.0,2025-01-25
L07427,SUBJ248,V1486,AST,31.64,10.0,40.0,2025-01-25
L07428,SUBJ248,V1486,Hemoglobin,13.26,12.0,16.0,2025-01-25
L07429,SUBJ248,V1486,WBC,9.04,4.0,11.0,2025-01-25
L07430,SUBJ248,V1486,Creatinine,0.79,0.6,1.3,2025-01-25
L07431,SUBJ248,V1487,ALT,14.62,7.0,56.0,2025-02-03
L07432,SUBJ248,V1487,AST,35.22,10.0,40.0,2025-02-03
L07433,SUBJ248,V1487,Hemoglobin,13.78,12.0,16.0,2025-02-03
L07434,SUBJ248,V1487,WBC,7.45,4.0,11.0,2025-02-03
L07435,SUBJ248,V1487,Creatinine,0.93,0.6,1.3,2025-02-03
L07436,SUBJ248,V1488,ALT,49.93,7.0,56.0,2025-02-07
L07437,SUBJ248,V1488,AST,39.22,10.0,40.0,2025-02-07
L07438,SUBJ248,V1488,Hemoglobin,13.71,12.0,16.0,2025-02-07
L07439,SUBJ248,V1488,WBC,4.11,4.0,11.0,2025-02-07
L07440,SUBJ248,V1488,Creatinine,0.8,0.6,1.3,2025-02-07
L07441,SUBJ249,V1489,ALT,45.88,7.0,56.0,2025-03-13
L07442,SUBJ249,V1489,AST,,10.0,40.0,2025-03-13
L07443,SUBJ249,V1489,Hemoglobin,12.92,12.0,16.0,2025-03-13
L07444,SUBJ249,V1489,WBC,8.44,4.0,11.0,2025-03-13
L07445,SUBJ249,V1489,Creatinine,0.75,0.6,1.3,2025-03-13
L07446,SUBJ249,V1490,ALT,36.28,7.0,56.0,2025-03-20
L07447,SUBJ249,V1490,AST,24.54,10.0,40.0,2025-03-20
L07448,SUBJ249,V1490,Hemoglobin,,12.0,16.0,2025-03-20
L07449,SUBJ249,V1490,WBC,5.44,4.0,11.0,2025-03-20
L07450,SUBJ249,V1490,Creatinine,0.86,0.6,1.3,2025-03-20
L07451,SUBJ249,V1491,ALT,26.39,7.0,56.0,2025-03-29
L07452,SUBJ249,V1491,AST,27.93,10.0,40.0,2025-03-29
L07453,SUBJ249,V1491,Hemoglobin,12.2,12.0,16.0,2025-03-29
L07454,SUBJ249,V1491,WBC,9.59,4.0,11.0,2025-03-29
L07455,SUBJ249,V1491,Creatinine,0.67,0.6,1.3,2025-03-29
L07456,SUBJ249,V1492,ALT,30.45,7.0,56.0,2025-04-02
L07457,SUBJ249,V1492,AST,31.27,10.0,40.0,2025-04-02
L07458,SUBJ249,V1492,Hemoglobin,23.78,12.0,16.0,2025-04-02
L07459,SUBJ249,V1492,WBC,7.15,4.0,11.0,2025-04-02
L07460,SUBJ249,V1492,Creatinine,1.21,0.6,1.3,2025-04-02
L07461,SUBJ249,V1493,ALT,32.35,7.0,56.0,2025-04-13
L07462,SUBJ249,V1493,AST,31.62,10.0,40.0,2025-04-13
L07463,SUBJ249,V1493,Hemoglobin,14.74,12.0,16.0,2025-04-13
L07464,SUBJ249,V1493,WBC,7.7,4.0,11.0,2025-04-13
L07465,SUBJ249,V1493,Creatinine,1.11,0.6,1.3,2025-04-13
L07466,SUBJ249,V1494,ALT,13.94,7.0,56.0,2025-04-17
L07467,SUBJ249,V1494,AST,10.18,10.0,40.0,2025-04-17
L07468,SUBJ249,V1494,Hemoglobin,15.74,12.0,16.0,2025-04-17
L07469,SUBJ249,V1494,WBC,10.76,4.0,11.0,2025-04-17
L07470,SUBJ249,V1494,Creatinine,0.83,0.6,1.3,2025-04-17
L07471,SUBJ250,V1495,ALT,55.81,7.0,56.0,2025-02-11
L07472,SUBJ250,V1495,AST,34.32,10.0,40.0,2025-02-11
L07473,SUBJ250,V1495,Hemoglobin,14.81,12.0,16.0,2025-02-11
L07474,SUBJ250,V1495,WBC,7.67,4.0,11.0,2025-02-11
L07475,SUBJ250,V1495,Creatinine,0.66,0.6,1.3,2025-02-11
L07476,SUBJ250,V1496,ALT,20.35,7.0,56.0,2025-02-20
L07477,SUBJ250,V1496,AST,27.03,10.0,40.0,2025-02-20
L07478,SUBJ250,V1496,Hemoglobin,14.55,12.0,16.0,2025-02-20
L07479,SUBJ250,V1496,WBC,9.35,4.0,11.0,2025-02-20
L07480,SUBJ250,V1496,Creatinine,0.76,0.6,1.3,2025-02-20
L07481,SUBJ250,V1497,ALT,31.1,7.0,56.0,2025-02-26
L07482,SUBJ250,V1497,AST,34.08,10.0,40.0,2025-02-26
L07483,SUBJ250,V1497,Hemoglobin,13.92,12.0,16.0,2025-02-26
L07484,SUBJ250,V1497,WBC,6.61,4.0,11.0,2025-02-26
L07485,SUBJ250,V1497,Creatinine,0.93,0.6,1.3,2025-02-26
L07486,SUBJ250,V1498,ALT,10.58,7.0,56.0,2025-03-05
L07487,SUBJ250,V1498,AST,24.51,10.0,40.0,2025-03-05
L07488,SUBJ250,V1498,Hemoglobin,,12.0,16.0,2025-03-05
L07489,SUBJ250,V1498,WBC,8.41,4.0,11.0,2025-03-05
L07490,SUBJ250,V1498,Creatinine,1.19,0.6,1.3,2025-03-05
L07491,SUBJ250,V1499,ALT,12.0,7.0,56.0,2025-03-13
L07492,SUBJ250,V1499,AST,10.62,10.0,40.0,2025-03-13
L07493,SUBJ250,V1499,Hemoglobin,13.37,12.0,16.0,2025-03-13
L07494,SUBJ250,V1499,WBC,1.24,4.0,11.0,2025-03-13
L07495,SUBJ250,V1499,Creatinine,0.74,0.6,1.3,2025-03-13
L07496,SUBJ250,V1500,ALT,5.73,7.0,56.0,2025-03-18
L07497,SUBJ250,V1500,AST,32.33,10.0,40.0,2025-03-18
L07498,SUBJ250,V1500,Hemoglobin,,12.0,16.0,2025-03-18
L07499,SUBJ250,V1500,WBC,7.52,4.0,11.0,2025-03-18
L07500,SUBJ250,V1500,Creatinine,0.62,0.6,1.3,2025-03-18
L07501,SUBJ251,V1501,ALT,30.57,7.0,56.0,2025-02-25
L07502,SUBJ251,V1501,AST,35.56,10.0,40.0,2025-02-25
L07503,SUBJ251,V1501,Hemoglobin,13.36,12.0,16.0,2025-02-25
L07504,SUBJ251,V1501,WBC,6.67,4.0,11.0,2025-02-25
L07505,SUBJ251,V1501,Creatinine,1.27,0.6,1.3,2025-02-25
L07506,SUBJ251,V1502,ALT,,7.0,56.0,2025-03-03
L07507,SUBJ251,V1502,AST,13.64,10.0,40.0,2025-03-03
L07508,SUBJ251,V1502,Hemoglobin,13.7,12.0,16.0,2025-03-03
L07509,SUBJ251,V1502,WBC,9.02,4.0,11.0,2025-03-03
L07510,SUBJ251,V1502,Creatinine,0.65,0.6,1.3,2025-03-03
L07511,SUBJ251,V1503,ALT,34.03,7.0,56.0,2025-03-10
L07512,SUBJ251,V1503,AST,44.07,10.0,40.0,2025-03-10
L07513,SUBJ251,V1503,Hemoglobin,13.03,12.0,16.0,2025-03-10
L07514,SUBJ251,V1503,WBC,4.48,4.0,11.0,2025-03-10
L07515,SUBJ251,V1503,Creatinine,1.27,0.6,1.3,2025-03-10
L07516,SUBJ251,V1504,ALT,42.66,7.0,56.0,2025-03-16
L07517,SUBJ251,V1504,AST,25.12,10.0,40.0,2025-03-16
L07518,SUBJ251,V1504,Hemoglobin,9.72,12.0,16.0,2025-03-16
L07519,SUBJ251,V1504,WBC,17.77,4.0,11.0,2025-03-16
L07520,SUBJ251,V1504,Creatinine,1.08,0.6,1.3,2025-03-16
L07521,SUBJ251,V1505,ALT,42.05,7.0,56.0,2025-03-23
L07522,SUBJ251,V1505,AST,,10.0,40.0,2025-03-23
L07523,SUBJ251,V1505,Hemoglobin,14.9,12.0,16.0,2025-03-23
L07524,SUBJ251,V1505,WBC,9.74,4.0,11.0,2025-03-23
L07525,SUBJ251,V1505,Creatinine,,0.6,1.3,2025-03-23
L07526,SUBJ251,V1506,ALT,12.6,7.0,56.0,2025-04-02
L07527,SUBJ251,V1506,AST,16.14,10.0,40.0,2025-04-02
L07528,SUBJ251,V1506,Hemoglobin,14.49,12.0,16.0,2025-04-02
L07529,SUBJ251,V1506,WBC,6.99,4.0,11.0,2025-04-02
L07530,SUBJ251,V1506,Creatinine,,0.6,1.3,2025-04-02
L07531,SUBJ252,V1507,ALT,32.89,7.0,56.0,2025-03-08
L07532,SUBJ252,V1507,AST,25.33,10.0,40.0,2025-03-08
L07533,SUBJ252,V1507,Hemoglobin,13.25,12.0,16.0,2025-03-08
L07534,SUBJ252,V1507,WBC,5.02,4.0,11.0,2025-03-08
L07535,SUBJ252,V1507,Creatinine,0.77,0.6,1.3,2025-03-08
L07536,SUBJ252,V1508,ALT,,7.0,56.0,2025-03-19
L07537,SUBJ252,V1508,AST,11.2,10.0,40.0,2025-03-19
L07538,SUBJ252,V1508,Hemoglobin,,12.0,16.0,2025-03-19
L07539,SUBJ252,V1508,WBC,7.72,4.0,11.0,2025-03-19
L07540,SUBJ252,V1508,Creatinine,0.82,0.6,1.3,2025-03-19
L07541,SUBJ252,V1509,ALT,,7.0,56.0,2025-03-23
L07542,SUBJ252,V1509,AST,16.33,10.0,40.0,2025-03-23
L07543,SUBJ252,V1509,Hemoglobin,12.8,12.0,16.0,2025-03-23
L07544,SUBJ252,V1509,WBC,5.85,4.0,11.0,2025-03-23
L07545,SUBJ252,V1509,Creatinine,4.89,0.6,1.3,2025-03-23
L07546,SUBJ252,V1510,ALT,49.42,7.0,56.0,2025-03-31
L07547,SUBJ252,V1510,AST,7.04,10.0,40.0,2025-03-31
L07548,SUBJ252,V1510,Hemoglobin,13.9,12.0,16.0,2025-03-31
L07549,SUBJ252,V1510,WBC,4.04,4.0,11.0,2025-03-31
L07550,SUBJ252,V1510,Creatinine,0.9,0.6,1.3,2025-03-31
L07551,SUBJ252,V1511,ALT,39.71,7.0,56.0,2025-04-08
L07552,SUBJ252,V1511,AST,39.28,10.0,40.0,2025-04-08
L07553,SUBJ252,V1511,Hemoglobin,14.81,12.0,16.0,2025-04-08
L07554,SUBJ252,V1511,WBC,,4.0,11.0,2025-04-08
L07555,SUBJ252,V1511,Creatinine,1.0,0.6,1.3,2025-04-08
L07556,SUBJ252,V1512,ALT,16.53,7.0,56.0,2025-04-14
L07557,SUBJ252,V1512,AST,21.06,10.0,40.0,2025-04-14
L07558,SUBJ252,V1512,Hemoglobin,12.67,12.0,16.0,2025-04-14
L07559,SUBJ252,V1512,WBC,6.52,4.0,11.0,2025-04-14
L07560,SUBJ252,V1512,Creatinine,0.93,0.6,1.3,2025-04-14
L07561,SUBJ253,V1513,ALT,37.34,7.0,56.0,2025-03-17
L07562,SUBJ253,V1513,AST,22.24,10.0,40.0,2025-03-17
L07563,SUBJ253,V1513,Hemoglobin,12.01,12.0,16.0,2025-03-17
L07564,SUBJ253,V1513,WBC,5.32,4.0,11.0,2025-03-17
L07565,SUBJ253,V1513,Creatinine,,0.6,1.3,2025-03-17
L07566,SUBJ253,V1514,ALT,12.97,7.0,56.0,2025-03-26
L07567,SUBJ253,V1514,AST,36.64,10.0,40.0,2025-03-26
L07568,SUBJ253,V1514,Hemoglobin,14.46,12.0,16.0,2025-03-26
L07569,SUBJ253,V1514,WBC,8.43,4.0,11.0,2025-03-26
L07570,SUBJ253,V1514,Creatinine,0.65,0.6,1.3,2025-03-26
L07571,SUBJ253,V1515,ALT,61.11,7.0,56.0,2025-04-04
L07572,SUBJ253,V1515,AST,20.39,10.0,40.0,2025-04-04
L07573,SUBJ253,V1515,Hemoglobin,12.93,12.0,16.0,2025-04-04
L07574,SUBJ253,V1515,WBC,5.73,4.0,11.0,2025-04-04
L07575,SUBJ253,V1515,Creatinine,,0.6,1.3,2025-04-04
L07576,SUBJ253,V1516,ALT,9.83,7.0,56.0,2025-04-07
L07577,SUBJ253,V1516,AST,34.24,10.0,40.0,2025-04-07
L07578,SUBJ253,V1516,Hemoglobin,12.53,12.0,16.0,2025-04-07
L07579,SUBJ253,V1516,WBC,10.29,4.0,11.0,2025-04-07
L07580,SUBJ253,V1516,Creatinine,1.3,0.6,1.3,2025-04-07
L07581,SUBJ253,V1517,ALT,25.04,7.0,56.0,2025-04-18
L07582,SUBJ253,V1517,AST,16.73,10.0,40.0,2025-04-18
L07583,SUBJ253,V1517,Hemoglobin,13.47,12.0,16.0,2025-04-18
L07584,SUBJ253,V1517,WBC,10.06,4.0,11.0,2025-04-18
L07585,SUBJ253,V1517,Creatinine,0.79,0.6,1.3,2025-04-18
L07586,SUBJ253,V1518,ALT,16.58,7.0,56.0,2025-04-22
L07587,SUBJ253,V1518,AST,8.34,10.0,40.0,2025-04-22
L07588,SUBJ253,V1518,Hemoglobin,12.63,12.0,16.0,2025-04-22
L07589,SUBJ253,V1518,WBC,10.08,4.0,11.0,2025-04-22
L07590,SUBJ253,V1518,Creatinine,0.75,0.6,1.3,2025-04-22
L07591,SUBJ254,V1519,ALT,45.71,7.0,56.0,2025-03-14
L07592,SUBJ254,V1519,AST,39.96,10.0,40.0,2025-03-14
L07593,SUBJ254,V1519,Hemoglobin,12.68,12.0,16.0,2025-03-14
L07594,SUBJ254,V1519,WBC,6.1,4.0,11.0,2025-03-14
L07595,SUBJ254,V1519,Creatinine,0.99,0.6,1.3,2025-03-14
L07596,SUBJ254,V1520,ALT,54.6,7.0,56.0,2025-03-20
L07597,SUBJ254,V1520,AST,22.64,10.0,40.0,2025-03-20
L07598,SUBJ254,V1520,Hemoglobin,14.62,12.0,16.0,2025-03-20
L07599,SUBJ254,V1520,WBC,10.9,4.0,11.0,2025-03-20
L07600,SUBJ254,V1520,Creatinine,1.26,0.6,1.3,2025-03-20
L07601,SUBJ254,V1521,ALT,16.44,7.0,56.0,2025-03-28
L07602,SUBJ254,V1521,AST,27.89,10.0,40.0,2025-03-28
L07603,SUBJ254,V1521,Hemoglobin,13.86,12.0,16.0,2025-03-28
L07604,SUBJ254,V1521,WBC,9.05,4.0,11.0,2025-03-28
L07605,SUBJ254,V1521,Creatinine,-1.62,0.6,1.3,2025-03-28
L07606,SUBJ254,V1522,ALT,12.25,7.0,56.0,2025-04-04
L07607,SUBJ254,V1522,AST,,10.0,40.0,2025-04-04
L07608,SUBJ254,V1522,Hemoglobin,13.2,12.0,16.0,2025-04-04
L07609,SUBJ254,V1522,WBC,9.54,4.0,11.0,2025-04-04
L07610,SUBJ254,V1522,Creatinine,0.74,0.6,1.3,2025-04-04
L07611,SUBJ254,V1523,ALT,33.58,7.0,56.0,2025-04-12
L07612,SUBJ254,V1523,AST,31.29,10.0,40.0,2025-04-12
L07613,SUBJ254,V1523,Hemoglobin,14.08,12.0,16.0,2025-04-12
L07614,SUBJ254,V1523,WBC,8.15,4.0,11.0,2025-04-12
L07615,SUBJ254,V1523,Creatinine,0.61,0.6,1.3,2025-04-12
L07616,SUBJ254,V1524,ALT,53.46,7.0,56.0,2025-04-21
L07617,SUBJ254,V1524,AST,32.76,10.0,40.0,2025-04-21
L07618,SUBJ254,V1524,Hemoglobin,14.75,12.0,16.0,2025-04-21
L07619,SUBJ254,V1524,WBC,2.3,4.0,11.0,2025-04-21
L07620,SUBJ254,V1524,Creatinine,-1.41,0.6,1.3,2025-04-21
L07621,SUBJ255,V1525,ALT,47.69,7.0,56.0,2025-01-18
L07622,SUBJ255,V1525,AST,,10.0,40.0,2025-01-18
L07623,SUBJ255,V1525,Hemoglobin,12.17,12.0,16.0,2025-01-18
L07624,SUBJ255,V1525,WBC,20.21,4.0,11.0,2025-01-18
L07625,SUBJ255,V1525,Creatinine,0.93,0.6,1.3,2025-01-18
L07626,SUBJ255,V1526,ALT,37.14,7.0,56.0,2025-01-26
L07627,SUBJ255,V1526,AST,43.88,10.0,40.0,2025-01-26
L07628,SUBJ255,V1526,Hemoglobin,14.12,12.0,16.0,2025-01-26
L07629,SUBJ255,V1526,WBC,,4.0,11.0,2025-01-26
L07630,SUBJ255,V1526,Creatinine,0.61,0.6,1.3,2025-01-26
L07631,SUBJ255,V1527,ALT,29.44,7.0,56.0,2025-02-03
L07632,SUBJ255,V1527,AST,13.42,10.0,40.0,2025-02-03
L07633,SUBJ255,V1527,Hemoglobin,12.66,12.0,16.0,2025-02-03
L07634,SUBJ255,V1527,WBC,6.15,4.0,11.0,2025-02-03
L07635,SUBJ255,V1527,Creatinine,0.85,0.6,1.3,2025-02-03
L07636,SUBJ255,V1528,ALT,13.96,7.0,56.0,2025-02-12
L07637,SUBJ255,V1528,AST,37.82,10.0,40.0,2025-02-12
L07638,SUBJ255,V1528,Hemoglobin,13.32,12.0,16.0,2025-02-12
L07639,SUBJ255,V1528,WBC,5.18,4.0,11.0,2025-02-12
L07640,SUBJ255,V1528,Creatinine,1.15,0.6,1.3,2025-02-12
L07641,SUBJ255,V1529,ALT,,7.0,56.0,2025-02-17
L07642,SUBJ255,V1529,AST,15.39,10.0,40.0,2025-02-17
L07643,SUBJ255,V1529,Hemoglobin,14.46,12.0,16.0,2025-02-17
L07644,SUBJ255,V1529,WBC,1.8,4.0,11.0,2025-02-17
L07645,SUBJ255,V1529,Creatinine,1.1,0.6,1.3,2025-02-17
L07646,SUBJ255,V1530,ALT,37.11,7.0,56.0,2025-02-23
L07647,SUBJ255,V1530,AST,8.57,10.0,40.0,2025-02-23
L07648,SUBJ255,V1530,Hemoglobin,,12.0,16.0,2025-02-23
L07649,SUBJ255,V1530,WBC,17.51,4.0,11.0,2025-02-23
L07650,SUBJ255,V1530,Creatinine,1.19,0.6,1.3,2025-02-23
L07651,SUBJ256,V1531,ALT,27.89,7.0,56.0,2025-02-15
L07652,SUBJ256,V1531,AST,11.8,10.0,40.0,2025-02-15
L07653,SUBJ256,V1531,Hemoglobin,12.21,12.0,16.0,2025-02-15
L07654,SUBJ256,V1531,WBC,2.95,4.0,11.0,2025-02-15
L07655,SUBJ256,V1531,Creatinine,,0.6,1.3,2025-02-15
L07656,SUBJ256,V1532,ALT,47.4,7.0,56.0,2025-02-21
L07657,SUBJ256,V1532,AST,31.6,10.0,40.0,2025-02-21
L07658,SUBJ256,V1532,Hemoglobin,12.4,12.0,16.0,2025-02-21
L07659,SUBJ256,V1532,WBC,9.28,4.0,11.0,2025-02-21
L07660,SUBJ256,V1532,Creatinine,0.71,0.6,1.3,2025-02-21
L07661,SUBJ256,V1533,ALT,31.17,7.0,56.0,2025-03-03
L07662,SUBJ256,V1533,AST,12.08,10.0,40.0,2025-03-03
L07663,SUBJ256,V1533,Hemoglobin,15.18,12.0,16.0,2025-03-03
L07664,SUBJ256,V1533,WBC,4.56,4.0,11.0,2025-03-03
L07665,SUBJ256,V1533,Creatinine,1.08,0.6,1.3,2025-03-03
L07666,SUBJ256,V1534,ALT,50.76,7.0,56.0,2025-03-10
L07667,SUBJ256,V1534,AST,34.44,10.0,40.0,2025-03-10
L07668,SUBJ256,V1534,Hemoglobin,15.27,12.0,16.0,2025-03-10
L07669,SUBJ256,V1534,WBC,6.3,4.0,11.0,2025-03-10
L07670,SUBJ256,V1534,Creatinine,1.07,0.6,1.3,2025-03-10
L07671,SUBJ256,V1535,ALT,35.83,7.0,56.0,2025-03-17
L07672,SUBJ256,V1535,AST,13.53,10.0,40.0,2025-03-17
L07673,SUBJ256,V1535,Hemoglobin,13.77,12.0,16.0,2025-03-17
L07674,SUBJ256,V1535,WBC,9.73,4.0,11.0,2025-03-17
L07675,SUBJ256,V1535,Creatinine,0.76,0.6,1.3,2025-03-17
L07676,SUBJ256,V1536,ALT,57.66,7.0,56.0,2025-03-23
L07677,SUBJ256,V1536,AST,35.11,10.0,40.0,2025-03-23
L07678,SUBJ256,V1536,Hemoglobin,,12.0,16.0,2025-03-23
L07679,SUBJ256,V1536,WBC,6.11,4.0,11.0,2025-03-23
L07680,SUBJ256,V1536,Creatinine,0.82,0.6,1.3,2025-03-23
L07681,SUBJ257,V1537,ALT,28.33,7.0,56.0,2025-03-27
L07682,SUBJ257,V1537,AST,20.51,10.0,40.0,2025-03-27
L07683,SUBJ257,V1537,Hemoglobin,14.01,12.0,16.0,2025-03-27
L07684,SUBJ257,V1537,WBC,,4.0,11.0,2025-03-27
L07685,SUBJ257,V1537,Creatinine,,0.6,1.3,2025-03-27
L07686,SUBJ257,V1538,ALT,44.52,7.0,56.0,2025-03-31
L07687,SUBJ257,V1538,AST,38.35,10.0,40.0,2025-03-31
L07688,SUBJ257,V1538,Hemoglobin,14.4,12.0,16.0,2025-03-31
L07689,SUBJ257,V1538,WBC,16.18,4.0,11.0,2025-03-31
L07690,SUBJ257,V1538,Creatinine,0.64,0.6,1.3,2025-03-31
L07691,SUBJ257,V1539,ALT,53.11,7.0,56.0,2025-04-09
L07692,SUBJ257,V1539,AST,23.03,10.0,40.0,2025-04-09
L07693,SUBJ257,V1539,Hemoglobin,12.09,12.0,16.0,2025-04-09
L07694,SUBJ257,V1539,WBC,10.56,4.0,11.0,2025-04-09
L07695,SUBJ257,V1539,Creatinine,1.29,0.6,1.3,2025-04-09
L07696,SUBJ257,V1540,ALT,,7.0,56.0,2025-04-16
L07697,SUBJ257,V1540,AST,37.85,10.0,40.0,2025-04-16
L07698,SUBJ257,V1540,Hemoglobin,12.64,12.0,16.0,2025-04-16
L07699,SUBJ257,V1540,WBC,5.9,4.0,11.0,2025-04-16
L07700,SUBJ257,V1540,Creatinine,0.96,0.6,1.3,2025-04-16
L07701,SUBJ257,V1541,ALT,31.53,7.0,56.0,2025-04-21
L07702,SUBJ257,V1541,AST,7.13,10.0,40.0,2025-04-21
L07703,SUBJ257,V1541,Hemoglobin,13.14,12.0,16.0,2025-04-21
L07704,SUBJ257,V1541,WBC,7.15,4.0,11.0,2025-04-21
L07705,SUBJ257,V1541,Creatinine,0.62,0.6,1.3,2025-04-21
L07706,SUBJ257,V1542,ALT,19.69,7.0,56.0,2025-04-30
L07707,SUBJ257,V1542,AST,34.92,10.0,40.0,2025-04-30
L07708,SUBJ257,V1542,Hemoglobin,15.17,12.0,16.0,2025-04-30
L07709,SUBJ257,V1542,WBC,10.71,4.0,11.0,2025-04-30
L07710,SUBJ257,V1542,Creatinine,0.83,0.6,1.3,2025-04-30
L07711,SUBJ258,V1543,ALT,53.27,7.0,56.0,2025-02-09
L07712,SUBJ258,V1543,AST,28.11,10.0,40.0,2025-02-09
L07713,SUBJ258,V1543,Hemoglobin,15.3,12.0,16.0,2025-02-09
L07714,SUBJ258,V1543,WBC,9.57,4.0,11.0,2025-02-09
L07715,SUBJ258,V1543,Creatinine,0.67,0.6,1.3,2025-02-09
L07716,SUBJ258,V1544,ALT,4.81,7.0,56.0,2025-02-16
L07717,SUBJ258,V1544,AST,33.12,10.0,40.0,2025-02-16
L07718,SUBJ258,V1544,Hemoglobin,,12.0,16.0,2025-02-16
L07719,SUBJ258,V1544,WBC,4.21,4.0,11.0,2025-02-16
L07720,SUBJ258,V1544,Creatinine,-1.18,0.6,1.3,2025-02-16
L07721,SUBJ258,V1545,ALT,51.19,7.0,56.0,2025-02-19
L07722,SUBJ258,V1545,AST,7.63,10.0,40.0,2025-02-19
L07723,SUBJ258,V1545,Hemoglobin,12.12,12.0,16.0,2025-02-19
L07724,SUBJ258,V1545,WBC,10.35,4.0,11.0,2025-02-19
L07725,SUBJ258,V1545,Creatinine,1.19,0.6,1.3,2025-02-19
L07726,SUBJ258,V1546,ALT,5.35,7.0,56.0,2025-02-27
L07727,SUBJ258,V1546,AST,10.0,10.0,40.0,2025-02-27
L07728,SUBJ258,V1546,Hemoglobin,15.14,12.0,16.0,2025-02-27
L07729,SUBJ258,V1546,WBC,10.29,4.0,11.0,2025-02-27
L07730,SUBJ258,V1546,Creatinine,1.09,0.6,1.3,2025-02-27
L07731,SUBJ258,V1547,ALT,39.82,7.0,56.0,2025-03-07
L07732,SUBJ258,V1547,AST,,10.0,40.0,2025-03-07
L07733,SUBJ258,V1547,Hemoglobin,13.13,12.0,16.0,2025-03-07
L07734,SUBJ258,V1547,WBC,5.57,4.0,11.0,2025-03-07
L07735,SUBJ258,V1547,Creatinine,1.25,0.6,1.3,2025-03-07
L07736,SUBJ258,V1548,ALT,44.66,7.0,56.0,2025-03-15
L07737,SUBJ258,V1548,AST,35.31,10.0,40.0,2025-03-15
L07738,SUBJ258,V1548,Hemoglobin,13.49,12.0,16.0,2025-03-15
L07739,SUBJ258,V1548,WBC,5.41,4.0,11.0,2025-03-15
L07740,SUBJ258,V1548,Creatinine,0.84,0.6,1.3,2025-03-15
L07741,SUBJ259,V1549,ALT,47.53,7.0,56.0,2025-01-06
L07742,SUBJ259,V1549,AST,38.85,10.0,40.0,2025-01-06
L07743,SUBJ259,V1549,Hemoglobin,12.37,12.0,16.0,2025-01-06
L07744,SUBJ259,V1549,WBC,,4.0,11.0,2025-01-06
L07745,SUBJ259,V1549,Creatinine,0.61,0.6,1.3,2025-01-06
L07746,SUBJ259,V1550,ALT,30.02,7.0,56.0,2025-01-12
L07747,SUBJ259,V1550,AST,22.18,10.0,40.0,2025-01-12
L07748,SUBJ259,V1550,Hemoglobin,15.93,12.0,16.0,2025-01-12
L07749,SUBJ259,V1550,WBC,5.56,4.0,11.0,2025-01-12
L07750,SUBJ259,V1550,Creatinine,1.09,0.6,1.3,2025-01-12
L07751,SUBJ259,V1551,ALT,36.2,7.0,56.0,2025-01-18
L07752,SUBJ259,V1551,AST,13.55,10.0,40.0,2025-01-18
L07753,SUBJ259,V1551,Hemoglobin,12.47,12.0,16.0,2025-01-18
L07754,SUBJ259,V1551,WBC,1.3,4.0,11.0,2025-01-18
L07755,SUBJ259,V1551,Creatinine,0.64,0.6,1.3,2025-01-18
L07756,SUBJ259,V1552,ALT,31.29,7.0,56.0,2025-01-26
L07757,SUBJ259,V1552,AST,11.9,10.0,40.0,2025-01-26
L07758,SUBJ259,V1552,Hemoglobin,13.79,12.0,16.0,2025-01-26
L07759,SUBJ259,V1552,WBC,5.62,4.0,11.0,2025-01-26
L07760,SUBJ259,V1552,Creatinine,1.18,0.6,1.3,2025-01-26
L07761,SUBJ259,V1553,ALT,55.95,7.0,56.0,2025-02-02
L07762,SUBJ259,V1553,AST,11.28,10.0,40.0,2025-02-02
L07763,SUBJ259,V1553,Hemoglobin,13.63,12.0,16.0,2025-02-02
L07764,SUBJ259,V1553,WBC,5.22,4.0,11.0,2025-02-02
L07765,SUBJ259,V1553,Creatinine,1.17,0.6,1.3,2025-02-02
L07766,SUBJ259,V1554,ALT,40.96,7.0,56.0,2025-02-10
L07767,SUBJ259,V1554,AST,21.5,10.0,40.0,2025-02-10
L07768,SUBJ259,V1554,Hemoglobin,14.61,12.0,16.0,2025-02-10
L07769,SUBJ259,V1554,WBC,10.24,4.0,11.0,2025-02-10
L07770,SUBJ259,V1554,Creatinine,0.94,0.6,1.3,2025-02-10
L07771,SUBJ260,V1555,ALT,29.81,7.0,56.0,2025-01-31
L07772,SUBJ260,V1555,AST,26.65,10.0,40.0,2025-01-31
L07773,SUBJ260,V1555,Hemoglobin,14.73,12.0,16.0,2025-01-31
L07774,SUBJ260,V1555,WBC,10.61,4.0,11.0,2025-01-31
L07775,SUBJ260,V1555,Creatinine,0.97,0.6,1.3,2025-01-31
L07776,SUBJ260,V1556,ALT,43.85,7.0,56.0,2025-02-05
L07777,SUBJ260,V1556,AST,23.55,10.0,40.0,2025-02-05
L07778,SUBJ260,V1556,Hemoglobin,,12.0,16.0,2025-02-05
L07779,SUBJ260,V1556,WBC,8.85,4.0,11.0,2025-02-05
L07780,SUBJ260,V1556,Creatinine,1.27,0.6,1.3,2025-02-05
L07781,SUBJ260,V1557,ALT,51.88,7.0,56.0,2025-02-11
L07782,SUBJ260,V1557,AST,20.25,10.0,40.0,2025-02-11
L07783,SUBJ260,V1557,Hemoglobin,12.06,12.0,16.0,2025-02-11
L07784,SUBJ260,V1557,WBC,9.34,4.0,11.0,2025-02-11
L07785,SUBJ260,V1557,Creatinine,1.09,0.6,1.3,2025-02-11
L07786,SUBJ260,V1558,ALT,23.07,7.0,56.0,2025-02-18
L07787,SUBJ260,V1558,AST,22.0,10.0,40.0,2025-02-18
L07788,SUBJ260,V1558,Hemoglobin,15.58,12.0,16.0,2025-02-18
L07789,SUBJ260,V1558,WBC,9.85,4.0,11.0,2025-02-18
L07790,SUBJ260,V1558,Creatinine,1.03,0.6,1.3,2025-02-18
L07791,SUBJ260,V1559,ALT,,7.0,56.0,2025-02-25
L07792,SUBJ260,V1559,AST,37.72,10.0,40.0,2025-02-25
L07793,SUBJ260,V1559,Hemoglobin,14.45,12.0,16.0,2025-02-25
L07794,SUBJ260,V1559,WBC,16.34,4.0,11.0,2025-02-25
L07795,SUBJ260,V1559,Creatinine,1.05,0.6,1.3,2025-02-25
L07796,SUBJ260,V1560,ALT,42.73,7.0,56.0,2025-03-04
L07797,SUBJ260,V1560,AST,15.27,10.0,40.0,2025-03-04
L07798,SUBJ260,V1560,Hemoglobin,15.82,12.0,16.0,2025-03-04
L07799,SUBJ260,V1560,WBC,,4.0,11.0,2025-03-04
L07800,SUBJ260,V1560,Creatinine,0.65,0.6,1.3,2025-03-04
L07801,SUBJ261,V1561,ALT,62.23,7.0,56.0,2025-01-16
L07802,SUBJ261,V1561,AST,33.87,10.0,40.0,2025-01-16
L07803,SUBJ261,V1561,Hemoglobin,13.81,12.0,16.0,2025-01-16
L07804,SUBJ261,V1561,WBC,4.05,4.0,11.0,2025-01-16
L07805,SUBJ261,V1561,Creatinine,1.28,0.6,1.3,2025-01-16
L07806,SUBJ261,V1562,ALT,53.46,7.0,56.0,2025-01-23
L07807,SUBJ261,V1562,AST,8.15,10.0,40.0,2025-01-23
L07808,SUBJ261,V1562,Hemoglobin,13.66,12.0,16.0,2025-01-23
L07809,SUBJ261,V1562,WBC,2.73,4.0,11.0,2025-01-23
L07810,SUBJ261,V1562,Creatinine,0.6,0.6,1.3,2025-01-23
L07811,SUBJ261,V1563,ALT,47.88,7.0,56.0,2025-01-30
L07812,SUBJ261,V1563,AST,11.07,10.0,40.0,2025-01-30
L07813,SUBJ261,V1563,Hemoglobin,12.85,12.0,16.0,2025-01-30
L07814,SUBJ261,V1563,WBC,8.55,4.0,11.0,2025-01-30
L07815,SUBJ261,V1563,Creatinine,0.74,0.6,1.3,2025-01-30
L07816,SUBJ261,V1564,ALT,,7.0,56.0,2025-02-06
L07817,SUBJ261,V1564,AST,35.58,10.0,40.0,2025-02-06
L07818,SUBJ261,V1564,Hemoglobin,14.87,12.0,16.0,2025-02-06
L07819,SUBJ261,V1564,WBC,9.27,4.0,11.0,2025-02-06
L07820,SUBJ261,V1564,Creatinine,-0.65,0.6,1.3,2025-02-06
L07821,SUBJ261,V1565,ALT,45.35,7.0,56.0,2025-02-16
L07822,SUBJ261,V1565,AST,29.76,10.0,40.0,2025-02-16
L07823,SUBJ261,V1565,Hemoglobin,14.33,12.0,16.0,2025-02-16
L07824,SUBJ261,V1565,WBC,,4.0,11.0,2025-02-16
L07825,SUBJ261,V1565,Creatinine,1.21,0.6,1.3,2025-02-16
L07826,SUBJ261,V1566,ALT,5.86,7.0,56.0,2025-02-21
L07827,SUBJ261,V1566,AST,8.95,10.0,40.0,2025-02-21
L07828,SUBJ261,V1566,Hemoglobin,13.74,12.0,16.0,2025-02-21
L07829,SUBJ261,V1566,WBC,5.52,4.0,11.0,2025-02-21
L07830,SUBJ261,V1566,Creatinine,0.93,0.6,1.3,2025-02-21
L07831,SUBJ262,V1567,ALT,29.72,7.0,56.0,2025-02-20
L07832,SUBJ262,V1567,AST,36.72,10.0,40.0,2025-02-20
L07833,SUBJ262,V1567,Hemoglobin,15.22,12.0,16.0,2025-02-20
L07834,SUBJ262,V1567,WBC,,4.0,11.0,2025-02-20
L07835,SUBJ262,V1567,Creatinine,1.06,0.6,1.3,2025-02-20
L07836,SUBJ262,V1568,ALT,42.05,7.0,56.0,2025-02-28
L07837,SUBJ262,V1568,AST,21.07,10.0,40.0,2025-02-28
L07838,SUBJ262,V1568,Hemoglobin,12.64,12.0,16.0,2025-02-28
L07839,SUBJ262,V1568,WBC,5.83,4.0,11.0,2025-02-28
L07840,SUBJ262,V1568,Creatinine,8.92,0.6,1.3,2025-02-28
L07841,SUBJ262,V1569,ALT,12.68,7.0,56.0,2025-03-08
L07842,SUBJ262,V1569,AST,12.04,10.0,40.0,2025-03-08
L07843,SUBJ262,V1569,Hemoglobin,17.68,12.0,16.0,2025-03-08
L07844,SUBJ262,V1569,WBC,8.24,4.0,11.0,2025-03-08
L07845,SUBJ262,V1569,Creatinine,0.72,0.6,1.3,2025-03-08
L07846,SUBJ262,V1570,ALT,51.77,7.0,56.0,2025-03-13
L07847,SUBJ262,V1570,AST,34.98,10.0,40.0,2025-03-13
L07848,SUBJ262,V1570,Hemoglobin,12.7,12.0,16.0,2025-03-13
L07849,SUBJ262,V1570,WBC,6.9,4.0,11.0,2025-03-13
L07850,SUBJ262,V1570,Creatinine,0.91,0.6,1.3,2025-03-13
L07851,SUBJ262,V1571,ALT,5.62,7.0,56.0,2025-03-20
L07852,SUBJ262,V1571,AST,14.18,10.0,40.0,2025-03-20
L07853,SUBJ262,V1571,Hemoglobin,13.89,12.0,16.0,2025-03-20
L07854,SUBJ262,V1571,WBC,7.04,4.0,11.0,2025-03-20
L07855,SUBJ262,V1571,Creatinine,1.13,0.6,1.3,2025-03-20
L07856,SUBJ262,V1572,ALT,22.66,7.0,56.0,2025-03-25
L07857,SUBJ262,V1572,AST,27.45,10.0,40.0,2025-03-25
L07858,SUBJ262,V1572,Hemoglobin,12.57,12.0,16.0,2025-03-25
L07859,SUBJ262,V1572,WBC,5.15,4.0,11.0,2025-03-25
L07860,SUBJ262,V1572,Creatinine,0.64,0.6,1.3,2025-03-25
L07861,SUBJ263,V1573,ALT,21.83,7.0,56.0,2025-02-07
L07862,SUBJ263,V1573,AST,23.31,10.0,40.0,2025-02-07
L07863,SUBJ263,V1573,Hemoglobin,13.74,12.0,16.0,2025-02-07
L07864,SUBJ263,V1573,WBC,6.37,4.0,11.0,2025-02-07
L07865,SUBJ263,V1573,Creatinine,2.73,0.6,1.3,2025-02-07
L07866,SUBJ263,V1574,ALT,27.65,7.0,56.0,2025-02-13
L07867,SUBJ263,V1574,AST,12.1,10.0,40.0,2025-02-13
L07868,SUBJ263,V1574,Hemoglobin,13.38,12.0,16.0,2025-02-13
L07869,SUBJ263,V1574,WBC,,4.0,11.0,2025-02-13
L07870,SUBJ263,V1574,Creatinine,1.06,0.6,1.3,2025-02-13
L07871,SUBJ263,V1575,ALT,12.28,7.0,56.0,2025-02-18
L07872,SUBJ263,V1575,AST,23.2,10.0,40.0,2025-02-18
L07873,SUBJ263,V1575,Hemoglobin,18.59,12.0,16.0,2025-02-18
L07874,SUBJ263,V1575,WBC,8.13,4.0,11.0,2025-02-18
L07875,SUBJ263,V1575,Creatinine,0.99,0.6,1.3,2025-02-18
L07876,SUBJ263,V1576,ALT,33.09,7.0,56.0,2025-02-26
L07877,SUBJ263,V1576,AST,7.76,10.0,40.0,2025-02-26
L07878,SUBJ263,V1576,Hemoglobin,14.67,12.0,16.0,2025-02-26
L07879,SUBJ263,V1576,WBC,9.92,4.0,11.0,2025-02-26
L07880,SUBJ263,V1576,Creatinine,0.82,0.6,1.3,2025-02-26
L07881,SUBJ263,V1577,ALT,38.25,7.0,56.0,2025-03-04
L07882,SUBJ263,V1577,AST,12.13,10.0,40.0,2025-03-04
L07883,SUBJ263,V1577,Hemoglobin,13.61,12.0,16.0,2025-03-04
L07884,SUBJ263,V1577,WBC,8.5,4.0,11.0,2025-03-04
L07885,SUBJ263,V1577,Creatinine,1.29,0.6,1.3,2025-03-04
L07886,SUBJ263,V1578,ALT,38.11,7.0,56.0,2025-03-11
L07887,SUBJ263,V1578,AST,37.32,10.0,40.0,2025-03-11
L07888,SUBJ263,V1578,Hemoglobin,15.31,12.0,16.0,2025-03-11
L07889,SUBJ263,V1578,WBC,10.82,4.0,11.0,2025-03-11
L07890,SUBJ263,V1578,Creatinine,1.11,0.6,1.3,2025-03-11
L07891,SUBJ264,V1579,ALT,25.04,7.0,56.0,2025-02-08
L07892,SUBJ264,V1579,AST,17.07,10.0,40.0,2025-02-08
L07893,SUBJ264,V1579,Hemoglobin,14.83,12.0,16.0,2025-02-08
L07894,SUBJ264,V1579,WBC,9.91,4.0,11.0,2025-02-08
L07895,SUBJ264,V1579,Creatinine,1.07,0.6,1.3,2025-02-08
L07896,SUBJ264,V1580,ALT,10.38,7.0,56.0,2025-02-15
L07897,SUBJ264,V1580,AST,7.07,10.0,40.0,2025-02-15
L07898,SUBJ264,V1580,Hemoglobin,14.66,12.0,16.0,2025-02-15
L07899,SUBJ264,V1580,WBC,9.63,4.0,11.0,2025-02-15
L07900,SUBJ264,V1580,Creatinine,,0.6,1.3,2025-02-15
L07901,SUBJ264,V1581,ALT,36.31,7.0,56.0,2025-02-20
L07902,SUBJ264,V1581,AST,24.98,10.0,40.0,2025-02-20
L07903,SUBJ264,V1581,Hemoglobin,13.39,12.0,16.0,2025-02-20
L07904,SUBJ264,V1581,WBC,7.22,4.0,11.0,2025-02-20
L07905,SUBJ264,V1581,Creatinine,0.9,0.6,1.3,2025-02-20
L07906,SUBJ264,V1582,ALT,60.09,7.0,56.0,2025-03-02
L07907,SUBJ264,V1582,AST,22.43,10.0,40.0,2025-03-02
L07908,SUBJ264,V1582,Hemoglobin,14.35,12.0,16.0,2025-03-02
L07909,SUBJ264,V1582,WBC,7.56,4.0,11.0,2025-03-02
L07910,SUBJ264,V1582,Creatinine,,0.6,1.3,2025-03-02
L07911,SUBJ264,V1583,ALT,63.21,7.0,56.0,2025-03-10
L07912,SUBJ264,V1583,AST,29.12,10.0,40.0,2025-03-10
L07913,SUBJ264,V1583,Hemoglobin,14.39,12.0,16.0,2025-03-10
L07914,SUBJ264,V1583,WBC,5.52,4.0,11.0,2025-03-10
L07915,SUBJ264,V1583,Creatinine,1.16,0.6,1.3,2025-03-10
L07916,SUBJ264,V1584,ALT,40.85,7.0,56.0,2025-03-13
L07917,SUBJ264,V1584,AST,,10.0,40.0,2025-03-13
L07918,SUBJ264,V1584,Hemoglobin,15.05,12.0,16.0,2025-03-13
L07919,SUBJ264,V1584,WBC,19.5,4.0,11.0,2025-03-13
L07920,SUBJ264,V1584,Creatinine,1.24,0.6,1.3,2025-03-13
L07921,SUBJ265,V1585,ALT,51.99,7.0,56.0,2025-02-15
L07922,SUBJ265,V1585,AST,19.06,10.0,40.0,2025-02-15
L07923,SUBJ265,V1585,Hemoglobin,14.14,12.0,16.0,2025-02-15
L07924,SUBJ265,V1585,WBC,9.21,4.0,11.0,2025-02-15
L07925,SUBJ265,V1585,Creatinine,1.03,0.6,1.3,2025-02-15
L07926,SUBJ265,V1586,ALT,33.65,7.0,56.0,2025-02-22
L07927,SUBJ265,V1586,AST,7.68,10.0,40.0,2025-02-22
L07928,SUBJ265,V1586,Hemoglobin,15.72,12.0,16.0,2025-02-22
L07929,SUBJ265,V1586,WBC,10.42,4.0,11.0,2025-02-22
L07930,SUBJ265,V1586,Creatinine,0.68,0.6,1.3,2025-02-22
L07931,SUBJ265,V1587,ALT,10.95,7.0,56.0,2025-03-03
L07932,SUBJ265,V1587,AST,18.27,10.0,40.0,2025-03-03
L07933,SUBJ265,V1587,Hemoglobin,14.62,12.0,16.0,2025-03-03
L07934,SUBJ265,V1587,WBC,1.82,4.0,11.0,2025-03-03
L07935,SUBJ265,V1587,Creatinine,1.15,0.6,1.3,2025-03-03
L07936,SUBJ265,V1588,ALT,40.59,7.0,56.0,2025-03-09
L07937,SUBJ265,V1588,AST,30.39,10.0,40.0,2025-03-09
L07938,SUBJ265,V1588,Hemoglobin,13.28,12.0,16.0,2025-03-09
L07939,SUBJ265,V1588,WBC,9.92,4.0,11.0,2025-03-09
L07940,SUBJ265,V1588,Creatinine,0.66,0.6,1.3,2025-03-09
L07941,SUBJ265,V1589,ALT,45.29,7.0,56.0,2025-03-15
L07942,SUBJ265,V1589,AST,23.25,10.0,40.0,2025-03-15
L07943,SUBJ265,V1589,Hemoglobin,14.29,12.0,16.0,2025-03-15
L07944,SUBJ265,V1589,WBC,7.84,4.0,11.0,2025-03-15
L07945,SUBJ265,V1589,Creatinine,0.79,0.6,1.3,2025-03-15
L07946,SUBJ265,V1590,ALT,10.99,7.0,56.0,2025-03-21
L07947,SUBJ265,V1590,AST,,10.0,40.0,2025-03-21
L07948,SUBJ265,V1590,Hemoglobin,13.95,12.0,16.0,2025-03-21
L07949,SUBJ265,V1590,WBC,1.58,4.0,11.0,2025-03-21
L07950,SUBJ265,V1590,Creatinine,0.87,0.6,1.3,2025-03-21
L07951,SUBJ266,V1591,ALT,25.22,7.0,56.0,2025-02-04
L07952,SUBJ266,V1591,AST,28.24,10.0,40.0,2025-02-04
L07953,SUBJ266,V1591,Hemoglobin,13.48,12.0,16.0,2025-02-04
L07954,SUBJ266,V1591,WBC,17.48,4.0,11.0,2025-02-04
L07955,SUBJ266,V1591,Creatinine,1.14,0.6,1.3,2025-02-04
L07956,SUBJ266,V1592,ALT,23.8,7.0,56.0,2025-02-11
L07957,SUBJ266,V1592,AST,37.08,10.0,40.0,2025-02-11
L07958,SUBJ266,V1592,Hemoglobin,14.51,12.0,16.0,2025-02-11
L07959,SUBJ266,V1592,WBC,5.8,4.0,11.0,2025-02-11
L07960,SUBJ266,V1592,Creatinine,1.27,0.6,1.3,2025-02-11
L07961,SUBJ266,V1593,ALT,52.93,7.0,56.0,2025-02-16
L07962,SUBJ266,V1593,AST,19.74,10.0,40.0,2025-02-16
L07963,SUBJ266,V1593,Hemoglobin,13.57,12.0,16.0,2025-02-16
L07964,SUBJ266,V1593,WBC,,4.0,11.0,2025-02-16
L07965,SUBJ266,V1593,Creatinine,1.16,0.6,1.3,2025-02-16
L07966,SUBJ266,V1594,ALT,5.98,7.0,56.0,2025-02-22
L07967,SUBJ266,V1594,AST,39.61,10.0,40.0,2025-02-22
L07968,SUBJ266,V1594,Hemoglobin,15.34,12.0,16.0,2025-02-22
L07969,SUBJ266,V1594,WBC,4.24,4.0,11.0,2025-02-22
L07970,SUBJ266,V1594,Creatinine,0.67,0.6,1.3,2025-02-22
L07971,SUBJ266,V1595,ALT,20.25,7.0,56.0,2025-03-01
L07972,SUBJ266,V1595,AST,27.86,10.0,40.0,2025-03-01
L07973,SUBJ266,V1595,Hemoglobin,12.41,12.0,16.0,2025-03-01
L07974,SUBJ266,V1595,WBC,7.51,4.0,11.0,2025-03-01
L07975,SUBJ266,V1595,Creatinine,,0.6,1.3,2025-03-01
L07976,SUBJ266,V1596,ALT,23.31,7.0,56.0,2025-03-09
L07977,SUBJ266,V1596,AST,22.67,10.0,40.0,2025-03-09
L07978,SUBJ266,V1596,Hemoglobin,13.26,12.0,16.0,2025-03-09
L07979,SUBJ266,V1596,WBC,10.48,4.0,11.0,2025-03-09
L07980,SUBJ266,V1596,Creatinine,0.85,0.6,1.3,2025-03-09
L07981,SUBJ267,V1597,ALT,39.78,7.0,56.0,2025-03-04
L07982,SUBJ267,V1597,AST,11.02,10.0,40.0,2025-03-04
L07983,SUBJ267,V1597,Hemoglobin,14.21,12.0,16.0,2025-03-04
L07984,SUBJ267,V1597,WBC,12.86,4.0,11.0,2025-03-04
L07985,SUBJ267,V1597,Creatinine,0.78,0.6,1.3,2025-03-04
L07986,SUBJ267,V1598,ALT,57.17,7.0,56.0,2025-03-08
L07987,SUBJ267,V1598,AST,29.63,10.0,40.0,2025-03-08
L07988,SUBJ267,V1598,Hemoglobin,14.86,12.0,16.0,2025-03-08
L07989,SUBJ267,V1598,WBC,6.35,4.0,11.0,2025-03-08
L07990,SUBJ267,V1598,Creatinine,0.69,0.6,1.3,2025-03-08
L07991,SUBJ267,V1599,ALT,19.49,7.0,56.0,2025-03-15
L07992,SUBJ267,V1599,AST,34.74,10.0,40.0,2025-03-15
L07993,SUBJ267,V1599,Hemoglobin,13.64,12.0,16.0,2025-03-15
L07994,SUBJ267,V1599,WBC,9.36,4.0,11.0,2025-03-15
L07995,SUBJ267,V1599,Creatinine,0.68,0.6,1.3,2025-03-15
L07996,SUBJ267,V1600,ALT,28.07,7.0,56.0,2025-03-22
L07997,SUBJ267,V1600,AST,,10.0,40.0,2025-03-22
L07998,SUBJ267,V1600,Hemoglobin,12.41,12.0,16.0,2025-03-22
L07999,SUBJ267,V1600,WBC,9.48,4.0,11.0,2025-03-22
L08000,SUBJ267,V1600,Creatinine,0.74,0.6,1.3,2025-03-22
L08001,SUBJ267,V1601,ALT,64.15,7.0,56.0,2025-03-30
L08002,SUBJ267,V1601,AST,36.74,10.0,40.0,2025-03-30
L08003,SUBJ267,V1601,Hemoglobin,14.68,12.0,16.0,2025-03-30
L08004,SUBJ267,V1601,WBC,14.12,4.0,11.0,2025-03-30
L08005,SUBJ267,V1601,Creatinine,0.64,0.6,1.3,2025-03-30
L08006,SUBJ267,V1602,ALT,27.43,7.0,56.0,2025-04-08
L08007,SUBJ267,V1602,AST,11.33,10.0,40.0,2025-04-08
L08008,SUBJ267,V1602,Hemoglobin,13.76,12.0,16.0,2025-04-08
L08009,SUBJ267,V1602,WBC,,4.0,11.0,2025-04-08
L08010,SUBJ267,V1602,Creatinine,1.28,0.6,1.3,2025-04-08
L08011,SUBJ268,V1603,ALT,43.04,7.0,56.0,2025-01-30
L08012,SUBJ268,V1603,AST,30.06,10.0,40.0,2025-01-30
L08013,SUBJ268,V1603,Hemoglobin,15.07,12.0,16.0,2025-01-30
L08014,SUBJ268,V1603,WBC,,4.0,11.0,2025-01-30
L08015,SUBJ268,V1603,Creatinine,0.91,0.6,1.3,2025-01-30
L08016,SUBJ268,V1604,ALT,43.08,7.0,56.0,2025-02-04
L08017,SUBJ268,V1604,AST,37.68,10.0,40.0,2025-02-04
L08018,SUBJ268,V1604,Hemoglobin,15.4,12.0,16.0,2025-02-04
L08019,SUBJ268,V1604,WBC,4.19,4.0,11.0,2025-02-04
L08020,SUBJ268,V1604,Creatinine,10.2,0.6,1.3,2025-02-04
L08021,SUBJ268,V1605,ALT,43.72,7.0,56.0,2025-02-09
L08022,SUBJ268,V1605,AST,19.1,10.0,40.0,2025-02-09
L08023,SUBJ268,V1605,Hemoglobin,12.26,12.0,16.0,2025-02-09
L08024,SUBJ268,V1605,WBC,9.64,4.0,11.0,2025-02-09
L08025,SUBJ268,V1605,Creatinine,-2.22,0.6,1.3,2025-02-09
L08026,SUBJ268,V1606,ALT,24.4,7.0,56.0,2025-02-18
L08027,SUBJ268,V1606,AST,22.76,10.0,40.0,2025-02-18
L08028,SUBJ268,V1606,Hemoglobin,12.87,12.0,16.0,2025-02-18
L08029,SUBJ268,V1606,WBC,2.03,4.0,11.0,2025-02-18
L08030,SUBJ268,V1606,Creatinine,0.83,0.6,1.3,2025-02-18
L08031,SUBJ268,V1607,ALT,8.95,7.0,56.0,2025-02-23
L08032,SUBJ268,V1607,AST,23.22,10.0,40.0,2025-02-23
L08033,SUBJ268,V1607,Hemoglobin,14.87,12.0,16.0,2025-02-23
L08034,SUBJ268,V1607,WBC,5.96,4.0,11.0,2025-02-23
L08035,SUBJ268,V1607,Creatinine,0.67,0.6,1.3,2025-02-23
L08036,SUBJ268,V1608,ALT,17.51,7.0,56.0,2025-03-04
L08037,SUBJ268,V1608,AST,29.91,10.0,40.0,2025-03-04
L08038,SUBJ268,V1608,Hemoglobin,12.52,12.0,16.0,2025-03-04
L08039,SUBJ268,V1608,WBC,9.34,4.0,11.0,2025-03-04
L08040,SUBJ268,V1608,Creatinine,0.74,0.6,1.3,2025-03-04
L08041,SUBJ269,V1609,ALT,10.85,7.0,56.0,2025-01-12
L08042,SUBJ269,V1609,AST,33.52,10.0,40.0,2025-01-12
L08043,SUBJ269,V1609,Hemoglobin,13.31,12.0,16.0,2025-01-12
L08044,SUBJ269,V1609,WBC,4.31,4.0,11.0,2025-01-12
L08045,SUBJ269,V1609,Creatinine,-2.06,0.6,1.3,2025-01-12
L08046,SUBJ269,V1610,ALT,12.19,7.0,56.0,2025-01-19
L08047,SUBJ269,V1610,AST,27.57,10.0,40.0,2025-01-19
L08048,SUBJ269,V1610,Hemoglobin,13.43,12.0,16.0,2025-01-19
L08049,SUBJ269,V1610,WBC,9.67,4.0,11.0,2025-01-19
L08050,SUBJ269,V1610,Creatinine,0.75,0.6,1.3,2025-01-19
L08051,SUBJ269,V1611,ALT,49.87,7.0,56.0,2025-01-24
L08052,SUBJ269,V1611,AST,37.88,10.0,40.0,2025-01-24
L08053,SUBJ269,V1611,Hemoglobin,12.53,12.0,16.0,2025-01-24
L08054,SUBJ269,V1611,WBC,6.63,4.0,11.0,2025-01-24
L08055,SUBJ269,V1611,Creatinine,1.18,0.6,1.3,2025-01-24
L08056,SUBJ269,V1612,ALT,41.37,7.0,56.0,2025-02-03
L08057,SUBJ269,V1612,AST,13.13,10.0,40.0,2025-02-03
L08058,SUBJ269,V1612,Hemoglobin,15.75,12.0,16.0,2025-02-03
L08059,SUBJ269,V1612,WBC,2.06,4.0,11.0,2025-02-03
L08060,SUBJ269,V1612,Creatinine,0.94,0.6,1.3,2025-02-03
L08061,SUBJ269,V1613,ALT,10.29,7.0,56.0,2025-02-08
L08062,SUBJ269,V1613,AST,17.56,10.0,40.0,2025-02-08
L08063,SUBJ269,V1613,Hemoglobin,12.39,12.0,16.0,2025-02-08
L08064,SUBJ269,V1613,WBC,4.07,4.0,11.0,2025-02-08
L08065,SUBJ269,V1613,Creatinine,0.76,0.6,1.3,2025-02-08
L08066,SUBJ269,V1614,ALT,62.25,7.0,56.0,2025-02-14
L08067,SUBJ269,V1614,AST,26.62,10.0,40.0,2025-02-14
L08068,SUBJ269,V1614,Hemoglobin,15.78,12.0,16.0,2025-02-14
L08069,SUBJ269,V1614,WBC,5.68,4.0,11.0,2025-02-14
L08070,SUBJ269,V1614,Creatinine,0.95,0.6,1.3,2025-02-14
L08071,SUBJ270,V1615,ALT,,7.0,56.0,2025-03-29
L08072,SUBJ270,V1615,AST,24.56,10.0,40.0,2025-03-29
L08073,SUBJ270,V1615,Hemoglobin,15.32,12.0,16.0,2025-03-29
L08074,SUBJ270,V1615,WBC,4.68,4.0,11.0,2025-03-29
L08075,SUBJ270,V1615,Creatinine,1.12,0.6,1.3,2025-03-29
L08076,SUBJ270,V1616,ALT,36.32,7.0,56.0,2025-04-05
L08077,SUBJ270,V1616,AST,39.77,10.0,40.0,2025-04-05
L08078,SUBJ270,V1616,Hemoglobin,14.72,12.0,16.0,2025-04-05
L08079,SUBJ270,V1616,WBC,10.36,4.0,11.0,2025-04-05
L08080,SUBJ270,V1616,Creatinine,8.87,0.6,1.3,2025-04-05
L08081,SUBJ270,V1617,ALT,36.57,7.0,56.0,2025-04-12
L08082,SUBJ270,V1617,AST,13.77,10.0,40.0,2025-04-12
L08083,SUBJ270,V1617,Hemoglobin,14.82,12.0,16.0,2025-04-12
L08084,SUBJ270,V1617,WBC,9.57,4.0,11.0,2025-04-12
L08085,SUBJ270,V1617,Creatinine,1.11,0.6,1.3,2025-04-12
L08086,SUBJ270,V1618,ALT,21.8,7.0,56.0,2025-04-15
L08087,SUBJ270,V1618,AST,11.39,10.0,40.0,2025-04-15
L08088,SUBJ270,V1618,Hemoglobin,,12.0,16.0,2025-04-15
L08089,SUBJ270,V1618,WBC,8.96,4.0,11.0,2025-04-15
L08090,SUBJ270,V1618,Creatinine,,0.6,1.3,2025-04-15
L08091,SUBJ270,V1619,ALT,40.23,7.0,56.0,2025-04-26
L08092,SUBJ270,V1619,AST,29.11,10.0,40.0,2025-04-26
L08093,SUBJ270,V1619,Hemoglobin,,12.0,16.0,2025-04-26
L08094,SUBJ270,V1619,WBC,7.98,4.0,11.0,2025-04-26
L08095,SUBJ270,V1619,Creatinine,1.16,0.6,1.3,2025-04-26
L08096,SUBJ270,V1620,ALT,15.08,7.0,56.0,2025-05-02
L08097,SUBJ270,V1620,AST,8.56,10.0,40.0,2025-05-02
L08098,SUBJ270,V1620,Hemoglobin,15.04,12.0,16.0,2025-05-02
L08099,SUBJ270,V1620,WBC,,4.0,11.0,2025-05-02
L08100,SUBJ270,V1620,Creatinine,1.03,0.6,1.3,2025-05-02
L08101,SUBJ271,V1621,ALT,45.49,7.0,56.0,2025-03-29
L08102,SUBJ271,V1621,AST,33.76,10.0,40.0,2025-03-29
L08103,SUBJ271,V1621,Hemoglobin,12.32,12.0,16.0,2025-03-29
L08104,SUBJ271,V1621,WBC,7.11,4.0,11.0,2025-03-29
L08105,SUBJ271,V1621,Creatinine,1.27,0.6,1.3,2025-03-29
L08106,SUBJ271,V1622,ALT,47.27,7.0,56.0,2025-04-03
L08107,SUBJ271,V1622,AST,29.72,10.0,40.0,2025-04-03
L08108,SUBJ271,V1622,Hemoglobin,13.39,12.0,16.0,2025-04-03
L08109,SUBJ271,V1622,WBC,6.2,4.0,11.0,2025-04-03
L08110,SUBJ271,V1622,Creatinine,0.99,0.6,1.3,2025-04-03
L08111,SUBJ271,V1623,ALT,46.82,7.0,56.0,2025-04-08
L08112,SUBJ271,V1623,AST,37.55,10.0,40.0,2025-04-08
L08113,SUBJ271,V1623,Hemoglobin,13.7,12.0,16.0,2025-04-08
L08114,SUBJ271,V1623,WBC,4.53,4.0,11.0,2025-04-08
L08115,SUBJ271,V1623,Creatinine,0.83,0.6,1.3,2025-04-08
L08116,SUBJ271,V1624,ALT,5.79,7.0,56.0,2025-04-15
L08117,SUBJ271,V1624,AST,18.76,10.0,40.0,2025-04-15
L08118,SUBJ271,V1624,Hemoglobin,14.88,12.0,16.0,2025-04-15
L08119,SUBJ271,V1624,WBC,4.72,4.0,11.0,2025-04-15
L08120,SUBJ271,V1624,Creatinine,,0.6,1.3,2025-04-15
L08121,SUBJ271,V1625,ALT,,7.0,56.0,2025-04-25
L08122,SUBJ271,V1625,AST,26.04,10.0,40.0,2025-04-25
L08123,SUBJ271,V1625,Hemoglobin,13.84,12.0,16.0,2025-04-25
L08124,SUBJ271,V1625,WBC,,4.0,11.0,2025-04-25
L08125,SUBJ271,V1625,Creatinine,1.24,0.6,1.3,2025-04-25
L08126,SUBJ271,V1626,ALT,55.05,7.0,56.0,2025-05-02
L08127,SUBJ271,V1626,AST,13.33,10.0,40.0,2025-05-02
L08128,SUBJ271,V1626,Hemoglobin,13.76,12.0,16.0,2025-05-02
L08129,SUBJ271,V1626,WBC,9.31,4.0,11.0,2025-05-02
L08130,SUBJ271,V1626,Creatinine,0.94,0.6,1.3,2025-05-02
L08131,SUBJ272,V1627,ALT,11.82,7.0,56.0,2025-01-19
L08132,SUBJ272,V1627,AST,39.84,10.0,40.0,2025-01-19
L08133,SUBJ272,V1627,Hemoglobin,12.22,12.0,16.0,2025-01-19
L08134,SUBJ272,V1627,WBC,7.77,4.0,11.0,2025-01-19
L08135,SUBJ272,V1627,Creatinine,1.19,0.6,1.3,2025-01-19
L08136,SUBJ272,V1628,ALT,46.41,7.0,56.0,2025-01-26
L08137,SUBJ272,V1628,AST,7.18,10.0,40.0,2025-01-26
L08138,SUBJ272,V1628,Hemoglobin,13.64,12.0,16.0,2025-01-26
L08139,SUBJ272,V1628,WBC,9.14,4.0,11.0,2025-01-26
L08140,SUBJ272,V1628,Creatinine,1.07,0.6,1.3,2025-01-26
L08141,SUBJ272,V1629,ALT,36.45,7.0,56.0,2025-02-02
L08142,SUBJ272,V1629,AST,8.75,10.0,40.0,2025-02-02
L08143,SUBJ272,V1629,Hemoglobin,12.94,12.0,16.0,2025-02-02
L08144,SUBJ272,V1629,WBC,6.7,4.0,11.0,2025-02-02
L08145,SUBJ272,V1629,Creatinine,1.26,0.6,1.3,2025-02-02
L08146,SUBJ272,V1630,ALT,24.27,7.0,56.0,2025-02-09
L08147,SUBJ272,V1630,AST,16.99,10.0,40.0,2025-02-09
L08148,SUBJ272,V1630,Hemoglobin,14.92,12.0,16.0,2025-02-09
L08149,SUBJ272,V1630,WBC,20.7,4.0,11.0,2025-02-09
L08150,SUBJ272,V1630,Creatinine,1.3,0.6,1.3,2025-02-09
L08151,SUBJ272,V1631,ALT,53.56,7.0,56.0,2025-02-18
L08152,SUBJ272,V1631,AST,24.59,10.0,40.0,2025-02-18
L08153,SUBJ272,V1631,Hemoglobin,12.28,12.0,16.0,2025-02-18
L08154,SUBJ272,V1631,WBC,6.11,4.0,11.0,2025-02-18
L08155,SUBJ272,V1631,Creatinine,0.68,0.6,1.3,2025-02-18
L08156,SUBJ272,V1632,ALT,12.88,7.0,56.0,2025-02-24
L08157,SUBJ272,V1632,AST,46.78,10.0,40.0,2025-02-24
L08158,SUBJ272,V1632,Hemoglobin,14.42,12.0,16.0,2025-02-24
L08159,SUBJ272,V1632,WBC,9.05,4.0,11.0,2025-02-24
L08160,SUBJ272,V1632,Creatinine,1.01,0.6,1.3,2025-02-24
L08161,SUBJ273,V1633,ALT,24.61,7.0,56.0,2025-01-05
L08162,SUBJ273,V1633,AST,10.57,10.0,40.0,2025-01-05
L08163,SUBJ273,V1633,Hemoglobin,9.23,12.0,16.0,2025-01-05
L08164,SUBJ273,V1633,WBC,10.12,4.0,11.0,2025-01-05
L08165,SUBJ273,V1633,Creatinine,,0.6,1.3,2025-01-05
L08166,SUBJ273,V1634,ALT,15.61,7.0,56.0,2025-01-14
L08167,SUBJ273,V1634,AST,16.62,10.0,40.0,2025-01-14
L08168,SUBJ273,V1634,Hemoglobin,13.36,12.0,16.0,2025-01-14
L08169,SUBJ273,V1634,WBC,9.95,4.0,11.0,2025-01-14
L08170,SUBJ273,V1634,Creatinine,-2.05,0.6,1.3,2025-01-14
L08171,SUBJ273,V1635,ALT,4.13,7.0,56.0,2025-01-21
L08172,SUBJ273,V1635,AST,36.19,10.0,40.0,2025-01-21
L08173,SUBJ273,V1635,Hemoglobin,13.17,12.0,16.0,2025-01-21
L08174,SUBJ273,V1635,WBC,8.27,4.0,11.0,2025-01-21
L08175,SUBJ273,V1635,Creatinine,0.66,0.6,1.3,2025-01-21
L08176,SUBJ273,V1636,ALT,31.27,7.0,56.0,2025-01-28
L08177,SUBJ273,V1636,AST,15.59,10.0,40.0,2025-01-28
L08178,SUBJ273,V1636,Hemoglobin,12.08,12.0,16.0,2025-01-28
L08179,SUBJ273,V1636,WBC,5.72,4.0,11.0,2025-01-28
L08180,SUBJ273,V1636,Creatinine,0.63,0.6,1.3,2025-01-28
L08181,SUBJ273,V1637,ALT,22.56,7.0,56.0,2025-02-02
L08182,SUBJ273,V1637,AST,39.79,10.0,40.0,2025-02-02
L08183,SUBJ273,V1637,Hemoglobin,12.91,12.0,16.0,2025-02-02
L08184,SUBJ273,V1637,WBC,7.74,4.0,11.0,2025-02-02
L08185,SUBJ273,V1637,Creatinine,-1.35,0.6,1.3,2025-02-02
L08186,SUBJ273,V1638,ALT,20.78,7.0,56.0,2025-02-11
L08187,SUBJ273,V1638,AST,24.19,10.0,40.0,2025-02-11
L08188,SUBJ273,V1638,Hemoglobin,21.85,12.0,16.0,2025-02-11
L08189,SUBJ273,V1638,WBC,10.01,4.0,11.0,2025-02-11
L08190,SUBJ273,V1638,Creatinine,1.22,0.6,1.3,2025-02-11
L08191,SUBJ274,V1639,ALT,,7.0,56.0,2025-03-02
L08192,SUBJ274,V1639,AST,34.72,10.0,40.0,2025-03-02
L08193,SUBJ274,V1639,Hemoglobin,14.65,12.0,16.0,2025-03-02
L08194,SUBJ274,V1639,WBC,6.64,4.0,11.0,2025-03-02
L08195,SUBJ274,V1639,Creatinine,1.14,0.6,1.3,2025-03-02
L08196,SUBJ274,V1640,ALT,26.46,7.0,56.0,2025-03-09
L08197,SUBJ274,V1640,AST,30.26,10.0,40.0,2025-03-09
L08198,SUBJ274,V1640,Hemoglobin,14.98,12.0,16.0,2025-03-09
L08199,SUBJ274,V1640,WBC,7.0,4.0,11.0,2025-03-09
L08200,SUBJ274,V1640,Creatinine,0.73,0.6,1.3,2025-03-09
L08201,SUBJ274,V1641,ALT,31.12,7.0,56.0,2025-03-17
L08202,SUBJ274,V1641,AST,49.35,10.0,40.0,2025-03-17
L08203,SUBJ274,V1641,Hemoglobin,15.36,12.0,16.0,2025-03-17
L08204,SUBJ274,V1641,WBC,4.19,4.0,11.0,2025-03-17
L08205,SUBJ274,V1641,Creatinine,1.12,0.6,1.3,2025-03-17
L08206,SUBJ274,V1642,ALT,59.63,7.0,56.0,2025-03-24
L08207,SUBJ274,V1642,AST,26.98,10.0,40.0,2025-03-24
L08208,SUBJ274,V1642,Hemoglobin,15.42,12.0,16.0,2025-03-24
L08209,SUBJ274,V1642,WBC,6.95,4.0,11.0,2025-03-24
L08210,SUBJ274,V1642,Creatinine,1.07,0.6,1.3,2025-03-24
L08211,SUBJ274,V1643,ALT,20.68,7.0,56.0,2025-04-03
L08212,SUBJ274,V1643,AST,7.77,10.0,40.0,2025-04-03
L08213,SUBJ274,V1643,Hemoglobin,15.58,12.0,16.0,2025-04-03
L08214,SUBJ274,V1643,WBC,5.12,4.0,11.0,2025-04-03
L08215,SUBJ274,V1643,Creatinine,0.75,0.6,1.3,2025-04-03
L08216,SUBJ274,V1644,ALT,,7.0,56.0,2025-04-10
L08217,SUBJ274,V1644,AST,12.95,10.0,40.0,2025-04-10
L08218,SUBJ274,V1644,Hemoglobin,14.71,12.0,16.0,2025-04-10
L08219,SUBJ274,V1644,WBC,7.73,4.0,11.0,2025-04-10
L08220,SUBJ274,V1644,Creatinine,1.17,0.6,1.3,2025-04-10
L08221,SUBJ275,V1645,ALT,37.38,7.0,56.0,2025-01-11
L08222,SUBJ275,V1645,AST,30.0,10.0,40.0,2025-01-11
L08223,SUBJ275,V1645,Hemoglobin,16.0,12.0,16.0,2025-01-11
L08224,SUBJ275,V1645,WBC,5.2,4.0,11.0,2025-01-11
L08225,SUBJ275,V1645,Creatinine,1.22,0.6,1.3,2025-01-11
L08226,SUBJ275,V1646,ALT,12.89,7.0,56.0,2025-01-14
L08227,SUBJ275,V1646,AST,32.52,10.0,40.0,2025-01-14
L08228,SUBJ275,V1646,Hemoglobin,14.16,12.0,16.0,2025-01-14
L08229,SUBJ275,V1646,WBC,,4.0,11.0,2025-01-14
L08230,SUBJ275,V1646,Creatinine,0.75,0.6,1.3,2025-01-14
L08231,SUBJ275,V1647,ALT,34.65,7.0,56.0,2025-01-24
L08232,SUBJ275,V1647,AST,31.7,10.0,40.0,2025-01-24
L08233,SUBJ275,V1647,Hemoglobin,12.87,12.0,16.0,2025-01-24
L08234,SUBJ275,V1647,WBC,4.76,4.0,11.0,2025-01-24
L08235,SUBJ275,V1647,Creatinine,1.22,0.6,1.3,2025-01-24
L08236,SUBJ275,V1648,ALT,10.71,7.0,56.0,2025-01-30
L08237,SUBJ275,V1648,AST,49.6,10.0,40.0,2025-01-30
L08238,SUBJ275,V1648,Hemoglobin,13.75,12.0,16.0,2025-01-30
L08239,SUBJ275,V1648,WBC,8.22,4.0,11.0,2025-01-30
L08240,SUBJ275,V1648,Creatinine,0.7,0.6,1.3,2025-01-30
L08241,SUBJ275,V1649,ALT,7.19,7.0,56.0,2025-02-07
L08242,SUBJ275,V1649,AST,17.91,10.0,40.0,2025-02-07
L08243,SUBJ275,V1649,Hemoglobin,15.65,12.0,16.0,2025-02-07
L08244,SUBJ275,V1649,WBC,8.77,4.0,11.0,2025-02-07
L08245,SUBJ275,V1649,Creatinine,0.83,0.6,1.3,2025-02-07
L08246,SUBJ275,V1650,ALT,17.43,7.0,56.0,2025-02-11
L08247,SUBJ275,V1650,AST,16.45,10.0,40.0,2025-02-11
L08248,SUBJ275,V1650,Hemoglobin,15.84,12.0,16.0,2025-02-11
L08249,SUBJ275,V1650,WBC,4.97,4.0,11.0,2025-02-11
L08250,SUBJ275,V1650,Creatinine,0.85,0.6,1.3,2025-02-11
L08251,SUBJ276,V1651,ALT,52.08,7.0,56.0,2025-02-21
L08252,SUBJ276,V1651,AST,35.28,10.0,40.0,2025-02-21
L08253,SUBJ276,V1651,Hemoglobin,14.07,12.0,16.0,2025-02-21
L08254,SUBJ276,V1651,WBC,9.71,4.0,11.0,2025-02-21
L08255,SUBJ276,V1651,Creatinine,8.43,0.6,1.3,2025-02-21
L08256,SUBJ276,V1652,ALT,60.46,7.0,56.0,2025-02-24
L08257,SUBJ276,V1652,AST,22.55,10.0,40.0,2025-02-24
L08258,SUBJ276,V1652,Hemoglobin,14.23,12.0,16.0,2025-02-24
L08259,SUBJ276,V1652,WBC,8.36,4.0,11.0,2025-02-24
L08260,SUBJ276,V1652,Creatinine,-1.6,0.6,1.3,2025-02-24
L08261,SUBJ276,V1653,ALT,55.67,7.0,56.0,2025-03-03
L08262,SUBJ276,V1653,AST,10.73,10.0,40.0,2025-03-03
L08263,SUBJ276,V1653,Hemoglobin,12.81,12.0,16.0,2025-03-03
L08264,SUBJ276,V1653,WBC,8.0,4.0,11.0,2025-03-03
L08265,SUBJ276,V1653,Creatinine,0.71,0.6,1.3,2025-03-03
L08266,SUBJ276,V1654,ALT,37.22,7.0,56.0,2025-03-12
L08267,SUBJ276,V1654,AST,,10.0,40.0,2025-03-12
L08268,SUBJ276,V1654,Hemoglobin,14.5,12.0,16.0,2025-03-12
L08269,SUBJ276,V1654,WBC,9.92,4.0,11.0,2025-03-12
L08270,SUBJ276,V1654,Creatinine,0.68,0.6,1.3,2025-03-12
L08271,SUBJ276,V1655,ALT,53.22,7.0,56.0,2025-03-18
L08272,SUBJ276,V1655,AST,11.73,10.0,40.0,2025-03-18
L08273,SUBJ276,V1655,Hemoglobin,13.59,12.0,16.0,2025-03-18
L08274,SUBJ276,V1655,WBC,8.62,4.0,11.0,2025-03-18
L08275,SUBJ276,V1655,Creatinine,-1.2,0.6,1.3,2025-03-18
L08276,SUBJ276,V1656,ALT,35.16,7.0,56.0,2025-03-26
L08277,SUBJ276,V1656,AST,24.39,10.0,40.0,2025-03-26
L08278,SUBJ276,V1656,Hemoglobin,15.96,12.0,16.0,2025-03-26
L08279,SUBJ276,V1656,WBC,5.7,4.0,11.0,2025-03-26
L08280,SUBJ276,V1656,Creatinine,0.86,0.6,1.3,2025-03-26
L08281,SUBJ277,V1657,ALT,7.7,7.0,56.0,2025-03-02
L08282,SUBJ277,V1657,AST,16.63,10.0,40.0,2025-03-02
L08283,SUBJ277,V1657,Hemoglobin,14.82,12.0,16.0,2025-03-02
L08284,SUBJ277,V1657,WBC,10.47,4.0,11.0,2025-03-02
L08285,SUBJ277,V1657,Creatinine,0.74,0.6,1.3,2025-03-02
L08286,SUBJ277,V1658,ALT,4.53,7.0,56.0,2025-03-09
L08287,SUBJ277,V1658,AST,36.64,10.0,40.0,2025-03-09
L08288,SUBJ277,V1658,Hemoglobin,13.81,12.0,16.0,2025-03-09
L08289,SUBJ277,V1658,WBC,10.65,4.0,11.0,2025-03-09
L08290,SUBJ277,V1658,Creatinine,0.63,0.6,1.3,2025-03-09
L08291,SUBJ277,V1659,ALT,30.8,7.0,56.0,2025-03-12
L08292,SUBJ277,V1659,AST,31.17,10.0,40.0,2025-03-12
L08293,SUBJ277,V1659,Hemoglobin,13.08,12.0,16.0,2025-03-12
L08294,SUBJ277,V1659,WBC,9.52,4.0,11.0,2025-03-12
L08295,SUBJ277,V1659,Creatinine,1.21,0.6,1.3,2025-03-12
L08296,SUBJ277,V1660,ALT,39.42,7.0,56.0,2025-03-19
L08297,SUBJ277,V1660,AST,43.76,10.0,40.0,2025-03-19
L08298,SUBJ277,V1660,Hemoglobin,21.25,12.0,16.0,2025-03-19
L08299,SUBJ277,V1660,WBC,4.91,4.0,11.0,2025-03-19
L08300,SUBJ277,V1660,Creatinine,1.1,0.6,1.3,2025-03-19
L08301,SUBJ277,V1661,ALT,35.14,7.0,56.0,2025-03-30
L08302,SUBJ277,V1661,AST,15.93,10.0,40.0,2025-03-30
L08303,SUBJ277,V1661,Hemoglobin,12.9,12.0,16.0,2025-03-30
L08304,SUBJ277,V1661,WBC,10.12,4.0,11.0,2025-03-30
L08305,SUBJ277,V1661,Creatinine,0.9,0.6,1.3,2025-03-30
L08306,SUBJ277,V1662,ALT,52.59,7.0,56.0,2025-04-05
L08307,SUBJ277,V1662,AST,25.97,10.0,40.0,2025-04-05
L08308,SUBJ277,V1662,Hemoglobin,14.44,12.0,16.0,2025-04-05
L08309,SUBJ277,V1662,WBC,4.47,4.0,11.0,2025-04-05
L08310,SUBJ277,V1662,Creatinine,1.23,0.6,1.3,2025-04-05
L08311,SUBJ278,V1663,ALT,8.87,7.0,56.0,2025-02-08
L08312,SUBJ278,V1663,AST,17.61,10.0,40.0,2025-02-08
L08313,SUBJ278,V1663,Hemoglobin,15.99,12.0,16.0,2025-02-08
L08314,SUBJ278,V1663,WBC,1.93,4.0,11.0,2025-02-08
L08315,SUBJ278,V1663,Creatinine,0.66,0.6,1.3,2025-02-08
L08316,SUBJ278,V1664,ALT,44.03,7.0,56.0,2025-02-14
L08317,SUBJ278,V1664,AST,10.66,10.0,40.0,2025-02-14
L08318,SUBJ278,V1664,Hemoglobin,15.48,12.0,16.0,2025-02-14
L08319,SUBJ278,V1664,WBC,4.57,4.0,11.0,2025-02-14
L08320,SUBJ278,V1664,Creatinine,0.71,0.6,1.3,2025-02-14
L08321,SUBJ278,V1665,ALT,50.68,7.0,56.0,2025-02-22
L08322,SUBJ278,V1665,AST,34.81,10.0,40.0,2025-02-22
L08323,SUBJ278,V1665,Hemoglobin,14.28,12.0,16.0,2025-02-22
L08324,SUBJ278,V1665,WBC,9.38,4.0,11.0,2025-02-22
L08325,SUBJ278,V1665,Creatinine,0.73,0.6,1.3,2025-02-22
L08326,SUBJ278,V1666,ALT,15.32,7.0,56.0,2025-02-27
L08327,SUBJ278,V1666,AST,34.63,10.0,40.0,2025-02-27
L08328,SUBJ278,V1666,Hemoglobin,12.12,12.0,16.0,2025-02-27
L08329,SUBJ278,V1666,WBC,5.65,4.0,11.0,2025-02-27
L08330,SUBJ278,V1666,Creatinine,0.72,0.6,1.3,2025-02-27
L08331,SUBJ278,V1667,ALT,52.54,7.0,56.0,2025-03-10
L08332,SUBJ278,V1667,AST,20.27,10.0,40.0,2025-03-10
L08333,SUBJ278,V1667,Hemoglobin,15.0,12.0,16.0,2025-03-10
L08334,SUBJ278,V1667,WBC,10.69,4.0,11.0,2025-03-10
L08335,SUBJ278,V1667,Creatinine,2.75,0.6,1.3,2025-03-10
L08336,SUBJ278,V1668,ALT,30.92,7.0,56.0,2025-03-16
L08337,SUBJ278,V1668,AST,19.38,10.0,40.0,2025-03-16
L08338,SUBJ278,V1668,Hemoglobin,17.83,12.0,16.0,2025-03-16
L08339,SUBJ278,V1668,WBC,5.85,4.0,11.0,2025-03-16
L08340,SUBJ278,V1668,Creatinine,0.89,0.6,1.3,2025-03-16
L08341,SUBJ279,V1669,ALT,5.25,7.0,56.0,2025-01-10
L08342,SUBJ279,V1669,AST,21.91,10.0,40.0,2025-01-10
L08343,SUBJ279,V1669,Hemoglobin,12.52,12.0,16.0,2025-01-10
L08344,SUBJ279,V1669,WBC,10.34,4.0,11.0,2025-01-10
L08345,SUBJ279,V1669,Creatinine,0.87,0.6,1.3,2025-01-10
L08346,SUBJ279,V1670,ALT,38.52,7.0,56.0,2025-01-17
L08347,SUBJ279,V1670,AST,41.76,10.0,40.0,2025-01-17
L08348,SUBJ279,V1670,Hemoglobin,15.51,12.0,16.0,2025-01-17
L08349,SUBJ279,V1670,WBC,,4.0,11.0,2025-01-17
L08350,SUBJ279,V1670,Creatinine,2.69,0.6,1.3,2025-01-17
L08351,SUBJ279,V1671,ALT,36.31,7.0,56.0,2025-01-25
L08352,SUBJ279,V1671,AST,25.17,10.0,40.0,2025-01-25
L08353,SUBJ279,V1671,Hemoglobin,13.86,12.0,16.0,2025-01-25
L08354,SUBJ279,V1671,WBC,5.16,4.0,11.0,2025-01-25
L08355,SUBJ279,V1671,Creatinine,1.27,0.6,1.3,2025-01-25
L08356,SUBJ279,V1672,ALT,42.63,7.0,56.0,2025-01-29
L08357,SUBJ279,V1672,AST,39.06,10.0,40.0,2025-01-29
L08358,SUBJ279,V1672,Hemoglobin,14.24,12.0,16.0,2025-01-29
L08359,SUBJ279,V1672,WBC,6.3,4.0,11.0,2025-01-29
L08360,SUBJ279,V1672,Creatinine,3.19,0.6,1.3,2025-01-29
L08361,SUBJ279,V1673,ALT,12.21,7.0,56.0,2025-02-09
L08362,SUBJ279,V1673,AST,36.29,10.0,40.0,2025-02-09
L08363,SUBJ279,V1673,Hemoglobin,12.24,12.0,16.0,2025-02-09
L08364,SUBJ279,V1673,WBC,10.78,4.0,11.0,2025-02-09
L08365,SUBJ279,V1673,Creatinine,,0.6,1.3,2025-02-09
L08366,SUBJ279,V1674,ALT,14.07,7.0,56.0,2025-02-15
L08367,SUBJ279,V1674,AST,38.37,10.0,40.0,2025-02-15
L08368,SUBJ279,V1674,Hemoglobin,,12.0,16.0,2025-02-15
L08369,SUBJ279,V1674,WBC,4.39,4.0,11.0,2025-02-15
L08370,SUBJ279,V1674,Creatinine,0.75,0.6,1.3,2025-02-15
L08371,SUBJ280,V1675,ALT,46.07,7.0,56.0,2025-03-31
L08372,SUBJ280,V1675,AST,21.72,10.0,40.0,2025-03-31
L08373,SUBJ280,V1675,Hemoglobin,13.53,12.0,16.0,2025-03-31
L08374,SUBJ280,V1675,WBC,9.34,4.0,11.0,2025-03-31
L08375,SUBJ280,V1675,Creatinine,0.92,0.6,1.3,2025-03-31
L08376,SUBJ280,V1676,ALT,36.57,7.0,56.0,2025-04-03
L08377,SUBJ280,V1676,AST,12.26,10.0,40.0,2025-04-03
L08378,SUBJ280,V1676,Hemoglobin,12.27,12.0,16.0,2025-04-03
L08379,SUBJ280,V1676,WBC,9.32,4.0,11.0,2025-04-03
L08380,SUBJ280,V1676,Creatinine,1.27,0.6,1.3,2025-04-03
L08381,SUBJ280,V1677,ALT,47.88,7.0,56.0,2025-04-11
L08382,SUBJ280,V1677,AST,19.96,10.0,40.0,2025-04-11
L08383,SUBJ280,V1677,Hemoglobin,15.52,12.0,16.0,2025-04-11
L08384,SUBJ280,V1677,WBC,2.99,4.0,11.0,2025-04-11
L08385,SUBJ280,V1677,Creatinine,1.26,0.6,1.3,2025-04-11
L08386,SUBJ280,V1678,ALT,,7.0,56.0,2025-04-19
L08387,SUBJ280,V1678,AST,34.02,10.0,40.0,2025-04-19
L08388,SUBJ280,V1678,Hemoglobin,15.08,12.0,16.0,2025-04-19
L08389,SUBJ280,V1678,WBC,4.29,4.0,11.0,2025-04-19
L08390,SUBJ280,V1678,Creatinine,1.29,0.6,1.3,2025-04-19
L08391,SUBJ280,V1679,ALT,35.8,7.0,56.0,2025-04-25
L08392,SUBJ280,V1679,AST,19.97,10.0,40.0,2025-04-25
L08393,SUBJ280,V1679,Hemoglobin,12.36,12.0,16.0,2025-04-25
L08394,SUBJ280,V1679,WBC,7.26,4.0,11.0,2025-04-25
L08395,SUBJ280,V1679,Creatinine,0.64,0.6,1.3,2025-04-25
L08396,SUBJ280,V1680,ALT,49.89,7.0,56.0,2025-05-01
L08397,SUBJ280,V1680,AST,8.48,10.0,40.0,2025-05-01
L08398,SUBJ280,V1680,Hemoglobin,12.23,12.0,16.0,2025-05-01
L08399,SUBJ280,V1680,WBC,9.59,4.0,11.0,2025-05-01
L08400,SUBJ280,V1680,Creatinine,1.17,0.6,1.3,2025-05-01
L08401,SUBJ281,V1681,ALT,18.83,7.0,56.0,2025-03-07
L08402,SUBJ281,V1681,AST,36.58,10.0,40.0,2025-03-07
L08403,SUBJ281,V1681,Hemoglobin,13.31,12.0,16.0,2025-03-07
L08404,SUBJ281,V1681,WBC,9.3,4.0,11.0,2025-03-07
L08405,SUBJ281,V1681,Creatinine,1.23,0.6,1.3,2025-03-07
L08406,SUBJ281,V1682,ALT,32.84,7.0,56.0,2025-03-14
L08407,SUBJ281,V1682,AST,29.55,10.0,40.0,2025-03-14
L08408,SUBJ281,V1682,Hemoglobin,14.54,12.0,16.0,2025-03-14
L08409,SUBJ281,V1682,WBC,6.16,4.0,11.0,2025-03-14
L08410,SUBJ281,V1682,Creatinine,0.98,0.6,1.3,2025-03-14
L08411,SUBJ281,V1683,ALT,50.38,7.0,56.0,2025-03-20
L08412,SUBJ281,V1683,AST,17.86,10.0,40.0,2025-03-20
L08413,SUBJ281,V1683,Hemoglobin,9.27,12.0,16.0,2025-03-20
L08414,SUBJ281,V1683,WBC,9.85,4.0,11.0,2025-03-20
L08415,SUBJ281,V1683,Creatinine,0.8,0.6,1.3,2025-03-20
L08416,SUBJ281,V1684,ALT,30.14,7.0,56.0,2025-03-31
L08417,SUBJ281,V1684,AST,14.55,10.0,40.0,2025-03-31
L08418,SUBJ281,V1684,Hemoglobin,13.57,12.0,16.0,2025-03-31
L08419,SUBJ281,V1684,WBC,7.92,4.0,11.0,2025-03-31
L08420,SUBJ281,V1684,Creatinine,0.78,0.6,1.3,2025-03-31
L08421,SUBJ281,V1685,ALT,16.38,7.0,56.0,2025-04-05
L08422,SUBJ281,V1685,AST,36.12,10.0,40.0,2025-04-05
L08423,SUBJ281,V1685,Hemoglobin,14.14,12.0,16.0,2025-04-05
L08424,SUBJ281,V1685,WBC,5.84,4.0,11.0,2025-04-05
L08425,SUBJ281,V1685,Creatinine,,0.6,1.3,2025-04-05
L08426,SUBJ281,V1686,ALT,22.21,7.0,56.0,2025-04-14
L08427,SUBJ281,V1686,AST,12.13,10.0,40.0,2025-04-14
L08428,SUBJ281,V1686,Hemoglobin,9.65,12.0,16.0,2025-04-14
L08429,SUBJ281,V1686,WBC,5.41,4.0,11.0,2025-04-14
L08430,SUBJ281,V1686,Creatinine,,0.6,1.3,2025-04-14
L08431,SUBJ282,V1687,ALT,48.6,7.0,56.0,2025-01-18
L08432,SUBJ282,V1687,AST,23.37,10.0,40.0,2025-01-18
L08433,SUBJ282,V1687,Hemoglobin,14.66,12.0,16.0,2025-01-18
L08434,SUBJ282,V1687,WBC,7.14,4.0,11.0,2025-01-18
L08435,SUBJ282,V1687,Creatinine,,0.6,1.3,2025-01-18
L08436,SUBJ282,V1688,ALT,46.04,7.0,56.0,2025-01-25
L08437,SUBJ282,V1688,AST,26.8,10.0,40.0,2025-01-25
L08438,SUBJ282,V1688,Hemoglobin,13.86,12.0,16.0,2025-01-25
L08439,SUBJ282,V1688,WBC,7.8,4.0,11.0,2025-01-25
L08440,SUBJ282,V1688,Creatinine,1.13,0.6,1.3,2025-01-25
L08441,SUBJ282,V1689,ALT,47.16,7.0,56.0,2025-01-31
L08442,SUBJ282,V1689,AST,39.58,10.0,40.0,2025-01-31
L08443,SUBJ282,V1689,Hemoglobin,14.9,12.0,16.0,2025-01-31
L08444,SUBJ282,V1689,WBC,4.76,4.0,11.0,2025-01-31
L08445,SUBJ282,V1689,Creatinine,1.06,0.6,1.3,2025-01-31
L08446,SUBJ282,V1690,ALT,30.19,7.0,56.0,2025-02-08
L08447,SUBJ282,V1690,AST,20.22,10.0,40.0,2025-02-08
L08448,SUBJ282,V1690,Hemoglobin,15.42,12.0,16.0,2025-02-08
L08449,SUBJ282,V1690,WBC,4.72,4.0,11.0,2025-02-08
L08450,SUBJ282,V1690,Creatinine,1.23,0.6,1.3,2025-02-08
L08451,SUBJ282,V1691,ALT,33.58,7.0,56.0,2025-02-16
L08452,SUBJ282,V1691,AST,30.32,10.0,40.0,2025-02-16
L08453,SUBJ282,V1691,Hemoglobin,15.57,12.0,16.0,2025-02-16
L08454,SUBJ282,V1691,WBC,7.22,4.0,11.0,2025-02-16
L08455,SUBJ282,V1691,Creatinine,1.19,0.6,1.3,2025-02-16
L08456,SUBJ282,V1692,ALT,52.91,7.0,56.0,2025-02-23
L08457,SUBJ282,V1692,AST,8.89,10.0,40.0,2025-02-23
L08458,SUBJ282,V1692,Hemoglobin,14.17,12.0,16.0,2025-02-23
L08459,SUBJ282,V1692,WBC,5.58,4.0,11.0,2025-02-23
L08460,SUBJ282,V1692,Creatinine,1.15,0.6,1.3,2025-02-23
L08461,SUBJ283,V1693,ALT,12.14,7.0,56.0,2025-03-09
L08462,SUBJ283,V1693,AST,15.31,10.0,40.0,2025-03-09
L08463,SUBJ283,V1693,Hemoglobin,14.6,12.0,16.0,2025-03-09
L08464,SUBJ283,V1693,WBC,4.22,4.0,11.0,2025-03-09
L08465,SUBJ283,V1693,Creatinine,0.86,0.6,1.3,2025-03-09
L08466,SUBJ283,V1694,ALT,25.33,7.0,56.0,2025-03-15
L08467,SUBJ283,V1694,AST,30.29,10.0,40.0,2025-03-15
L08468,SUBJ283,V1694,Hemoglobin,,12.0,16.0,2025-03-15
L08469,SUBJ283,V1694,WBC,14.92,4.0,11.0,2025-03-15
L08470,SUBJ283,V1694,Creatinine,1.27,0.6,1.3,2025-03-15
L08471,SUBJ283,V1695,ALT,12.05,7.0,56.0,2025-03-23
L08472,SUBJ283,V1695,AST,20.66,10.0,40.0,2025-03-23
L08473,SUBJ283,V1695,Hemoglobin,13.12,12.0,16.0,2025-03-23
L08474,SUBJ283,V1695,WBC,1.17,4.0,11.0,2025-03-23
L08475,SUBJ283,V1695,Creatinine,0.93,0.6,1.3,2025-03-23
L08476,SUBJ283,V1696,ALT,44.56,7.0,56.0,2025-03-30
L08477,SUBJ283,V1696,AST,32.41,10.0,40.0,2025-03-30
L08478,SUBJ283,V1696,Hemoglobin,14.43,12.0,16.0,2025-03-30
L08479,SUBJ283,V1696,WBC,9.59,4.0,11.0,2025-03-30
L08480,SUBJ283,V1696,Creatinine,0.63,0.6,1.3,2025-03-30
L08481,SUBJ283,V1697,ALT,23.05,7.0,56.0,2025-04-06
L08482,SUBJ283,V1697,AST,16.75,10.0,40.0,2025-04-06
L08483,SUBJ283,V1697,Hemoglobin,12.79,12.0,16.0,2025-04-06
L08484,SUBJ283,V1697,WBC,2.47,4.0,11.0,2025-04-06
L08485,SUBJ283,V1697,Creatinine,1.09,0.6,1.3,2025-04-06
L08486,SUBJ283,V1698,ALT,46.64,7.0,56.0,2025-04-14
L08487,SUBJ283,V1698,AST,31.68,10.0,40.0,2025-04-14
L08488,SUBJ283,V1698,Hemoglobin,14.35,12.0,16.0,2025-04-14
L08489,SUBJ283,V1698,WBC,8.34,4.0,11.0,2025-04-14
L08490,SUBJ283,V1698,Creatinine,1.14,0.6,1.3,2025-04-14
L08491,SUBJ284,V1699,ALT,26.15,7.0,56.0,2025-01-17
L08492,SUBJ284,V1699,AST,37.32,10.0,40.0,2025-01-17
L08493,SUBJ284,V1699,Hemoglobin,14.16,12.0,16.0,2025-01-17
L08494,SUBJ284,V1699,WBC,7.44,4.0,11.0,2025-01-17
L08495,SUBJ284,V1699,Creatinine,0.78,0.6,1.3,2025-01-17
L08496,SUBJ284,V1700,ALT,26.0,7.0,56.0,2025-01-27
L08497,SUBJ284,V1700,AST,23.3,10.0,40.0,2025-01-27
L08498,SUBJ284,V1700,Hemoglobin,12.41,12.0,16.0,2025-01-27
L08499,SUBJ284,V1700,WBC,7.77,4.0,11.0,2025-01-27
L08500,SUBJ284,V1700,Creatinine,0.65,0.6,1.3,2025-01-27
L08501,SUBJ284,V1701,ALT,15.11,7.0,56.0,2025-01-30
L08502,SUBJ284,V1701,AST,26.23,10.0,40.0,2025-01-30
L08503,SUBJ284,V1701,Hemoglobin,14.83,12.0,16.0,2025-01-30
L08504,SUBJ284,V1701,WBC,7.12,4.0,11.0,2025-01-30
L08505,SUBJ284,V1701,Creatinine,0.95,0.6,1.3,2025-01-30
L08506,SUBJ284,V1702,ALT,47.16,7.0,56.0,2025-02-09
L08507,SUBJ284,V1702,AST,14.37,10.0,40.0,2025-02-09
L08508,SUBJ284,V1702,Hemoglobin,13.82,12.0,16.0,2025-02-09
L08509,SUBJ284,V1702,WBC,15.33,4.0,11.0,2025-02-09
L08510,SUBJ284,V1702,Creatinine,0.65,0.6,1.3,2025-02-09
L08511,SUBJ284,V1703,ALT,52.08,7.0,56.0,2025-02-16
L08512,SUBJ284,V1703,AST,31.04,10.0,40.0,2025-02-16
L08513,SUBJ284,V1703,Hemoglobin,13.8,12.0,16.0,2025-02-16
L08514,SUBJ284,V1703,WBC,4.84,4.0,11.0,2025-02-16
L08515,SUBJ284,V1703,Creatinine,-0.47,0.6,1.3,2025-02-16
L08516,SUBJ284,V1704,ALT,30.07,7.0,56.0,2025-02-20
L08517,SUBJ284,V1704,AST,7.4,10.0,40.0,2025-02-20
L08518,SUBJ284,V1704,Hemoglobin,12.95,12.0,16.0,2025-02-20
L08519,SUBJ284,V1704,WBC,10.27,4.0,11.0,2025-02-20
L08520,SUBJ284,V1704,Creatinine,0.62,0.6,1.3,2025-02-20
L08521,SUBJ285,V1705,ALT,,7.0,56.0,2025-03-07
L08522,SUBJ285,V1705,AST,28.15,10.0,40.0,2025-03-07
L08523,SUBJ285,V1705,Hemoglobin,14.09,12.0,16.0,2025-03-07
L08524,SUBJ285,V1705,WBC,8.64,4.0,11.0,2025-03-07
L08525,SUBJ285,V1705,Creatinine,-0.83,0.6,1.3,2025-03-07
L08526,SUBJ285,V1706,ALT,34.99,7.0,56.0,2025-03-13
L08527,SUBJ285,V1706,AST,35.87,10.0,40.0,2025-03-13
L08528,SUBJ285,V1706,Hemoglobin,14.86,12.0,16.0,2025-03-13
L08529,SUBJ285,V1706,WBC,7.58,4.0,11.0,2025-03-13
L08530,SUBJ285,V1706,Creatinine,0.84,0.6,1.3,2025-03-13
L08531,SUBJ285,V1707,ALT,32.31,7.0,56.0,2025-03-18
L08532,SUBJ285,V1707,AST,25.17,10.0,40.0,2025-03-18
L08533,SUBJ285,V1707,Hemoglobin,15.62,12.0,16.0,2025-03-18
L08534,SUBJ285,V1707,WBC,6.73,4.0,11.0,2025-03-18
L08535,SUBJ285,V1707,Creatinine,0.95,0.6,1.3,2025-03-18
L08536,SUBJ285,V1708,ALT,54.79,7.0,56.0,2025-03-26
L08537,SUBJ285,V1708,AST,35.33,10.0,40.0,2025-03-26
L08538,SUBJ285,V1708,Hemoglobin,15.95,12.0,16.0,2025-03-26
L08539,SUBJ285,V1708,WBC,15.93,4.0,11.0,2025-03-26
L08540,SUBJ285,V1708,Creatinine,0.9,0.6,1.3,2025-03-26
L08541,SUBJ285,V1709,ALT,61.01,7.0,56.0,2025-04-02
L08542,SUBJ285,V1709,AST,18.07,10.0,40.0,2025-04-02
L08543,SUBJ285,V1709,Hemoglobin,12.28,12.0,16.0,2025-04-02
L08544,SUBJ285,V1709,WBC,5.95,4.0,11.0,2025-04-02
L08545,SUBJ285,V1709,Creatinine,1.16,0.6,1.3,2025-04-02
L08546,SUBJ285,V1710,ALT,7.47,7.0,56.0,2025-04-09
L08547,SUBJ285,V1710,AST,32.37,10.0,40.0,2025-04-09
L08548,SUBJ285,V1710,Hemoglobin,13.87,12.0,16.0,2025-04-09
L08549,SUBJ285,V1710,WBC,9.06,4.0,11.0,2025-04-09
L08550,SUBJ285,V1710,Creatinine,1.06,0.6,1.3,2025-04-09
L08551,SUBJ286,V1711,ALT,55.17,7.0,56.0,2025-01-08
L08552,SUBJ286,V1711,AST,25.5,10.0,40.0,2025-01-08
L08553,SUBJ286,V1711,Hemoglobin,13.69,12.0,16.0,2025-01-08
L08554,SUBJ286,V1711,WBC,9.38,4.0,11.0,2025-01-08
L08555,SUBJ286,V1711,Creatinine,,0.6,1.3,2025-01-08
L08556,SUBJ286,V1712,ALT,40.44,7.0,56.0,2025-01-17
L08557,SUBJ286,V1712,AST,26.33,10.0,40.0,2025-01-17
L08558,SUBJ286,V1712,Hemoglobin,14.72,12.0,16.0,2025-01-17
L08559,SUBJ286,V1712,WBC,8.44,4.0,11.0,2025-01-17
L08560,SUBJ286,V1712,Creatinine,1.25,0.6,1.3,2025-01-17
L08561,SUBJ286,V1713,ALT,14.18,7.0,56.0,2025-01-23
L08562,SUBJ286,V1713,AST,31.45,10.0,40.0,2025-01-23
L08563,SUBJ286,V1713,Hemoglobin,25.12,12.0,16.0,2025-01-23
L08564,SUBJ286,V1713,WBC,7.13,4.0,11.0,2025-01-23
L08565,SUBJ286,V1713,Creatinine,1.07,0.6,1.3,2025-01-23
L08566,SUBJ286,V1714,ALT,54.97,7.0,56.0,2025-01-31
L08567,SUBJ286,V1714,AST,24.65,10.0,40.0,2025-01-31
L08568,SUBJ286,V1714,Hemoglobin,13.93,12.0,16.0,2025-01-31
L08569,SUBJ286,V1714,WBC,5.07,4.0,11.0,2025-01-31
L08570,SUBJ286,V1714,Creatinine,-0.54,0.6,1.3,2025-01-31
L08571,SUBJ286,V1715,ALT,49.75,7.0,56.0,2025-02-07
L08572,SUBJ286,V1715,AST,25.68,10.0,40.0,2025-02-07
L08573,SUBJ286,V1715,Hemoglobin,14.97,12.0,16.0,2025-02-07
L08574,SUBJ286,V1715,WBC,4.98,4.0,11.0,2025-02-07
L08575,SUBJ286,V1715,Creatinine,-1.55,0.6,1.3,2025-02-07
L08576,SUBJ286,V1716,ALT,23.12,7.0,56.0,2025-02-14
L08577,SUBJ286,V1716,AST,32.0,10.0,40.0,2025-02-14
L08578,SUBJ286,V1716,Hemoglobin,9.75,12.0,16.0,2025-02-14
L08579,SUBJ286,V1716,WBC,6.13,4.0,11.0,2025-02-14
L08580,SUBJ286,V1716,Creatinine,0.93,0.6,1.3,2025-02-14
L08581,SUBJ287,V1717,ALT,21.49,7.0,56.0,2025-03-21
L08582,SUBJ287,V1717,AST,20.86,10.0,40.0,2025-03-21
L08583,SUBJ287,V1717,Hemoglobin,14.22,12.0,16.0,2025-03-21
L08584,SUBJ287,V1717,WBC,5.13,4.0,11.0,2025-03-21
L08585,SUBJ287,V1717,Creatinine,1.28,0.6,1.3,2025-03-21
L08586,SUBJ287,V1718,ALT,22.41,7.0,56.0,2025-03-28
L08587,SUBJ287,V1718,AST,33.39,10.0,40.0,2025-03-28
L08588,SUBJ287,V1718,Hemoglobin,14.39,12.0,16.0,2025-03-28
L08589,SUBJ287,V1718,WBC,6.8,4.0,11.0,2025-03-28
L08590,SUBJ287,V1718,Creatinine,1.13,0.6,1.3,2025-03-28
L08591,SUBJ287,V1719,ALT,5.98,7.0,56.0,2025-04-04
L08592,SUBJ287,V1719,AST,33.35,10.0,40.0,2025-04-04
L08593,SUBJ287,V1719,Hemoglobin,15.9,12.0,16.0,2025-04-04
L08594,SUBJ287,V1719,WBC,7.96,4.0,11.0,2025-04-04
L08595,SUBJ287,V1719,Creatinine,1.06,0.6,1.3,2025-04-04
L08596,SUBJ287,V1720,ALT,63.02,7.0,56.0,2025-04-11
L08597,SUBJ287,V1720,AST,39.35,10.0,40.0,2025-04-11
L08598,SUBJ287,V1720,Hemoglobin,12.81,12.0,16.0,2025-04-11
L08599,SUBJ287,V1720,WBC,10.38,4.0,11.0,2025-04-11
L08600,SUBJ287,V1720,Creatinine,1.19,0.6,1.3,2025-04-11
L08601,SUBJ287,V1721,ALT,27.19,7.0,56.0,2025-04-19
L08602,SUBJ287,V1721,AST,36.92,10.0,40.0,2025-04-19
L08603,SUBJ287,V1721,Hemoglobin,15.34,12.0,16.0,2025-04-19
L08604,SUBJ287,V1721,WBC,10.51,4.0,11.0,2025-04-19
L08605,SUBJ287,V1721,Creatinine,1.04,0.6,1.3,2025-04-19
L08606,SUBJ287,V1722,ALT,39.82,7.0,56.0,2025-04-25
L08607,SUBJ287,V1722,AST,11.31,10.0,40.0,2025-04-25
L08608,SUBJ287,V1722,Hemoglobin,13.98,12.0,16.0,2025-04-25
L08609,SUBJ287,V1722,WBC,9.53,4.0,11.0,2025-04-25
L08610,SUBJ287,V1722,Creatinine,0.66,0.6,1.3,2025-04-25
L08611,SUBJ288,V1723,ALT,44.48,7.0,56.0,2025-03-02
L08612,SUBJ288,V1723,AST,11.82,10.0,40.0,2025-03-02
L08613,SUBJ288,V1723,Hemoglobin,12.68,12.0,16.0,2025-03-02
L08614,SUBJ288,V1723,WBC,8.32,4.0,11.0,2025-03-02
L08615,SUBJ288,V1723,Creatinine,0.77,0.6,1.3,2025-03-02
L08616,SUBJ288,V1724,ALT,14.77,7.0,56.0,2025-03-12
L08617,SUBJ288,V1724,AST,15.62,10.0,40.0,2025-03-12
L08618,SUBJ288,V1724,Hemoglobin,14.41,12.0,16.0,2025-03-12
L08619,SUBJ288,V1724,WBC,5.31,4.0,11.0,2025-03-12
L08620,SUBJ288,V1724,Creatinine,0.93,0.6,1.3,2025-03-12
L08621,SUBJ288,V1725,ALT,47.87,7.0,56.0,2025-03-15
L08622,SUBJ288,V1725,AST,13.55,10.0,40.0,2025-03-15
L08623,SUBJ288,V1725,Hemoglobin,13.5,12.0,16.0,2025-03-15
L08624,SUBJ288,V1725,WBC,10.81,4.0,11.0,2025-03-15
L08625,SUBJ288,V1725,Creatinine,1.26,0.6,1.3,2025-03-15
L08626,SUBJ288,V1726,ALT,20.91,7.0,56.0,2025-03-25
L08627,SUBJ288,V1726,AST,38.18,10.0,40.0,2025-03-25
L08628,SUBJ288,V1726,Hemoglobin,13.46,12.0,16.0,2025-03-25
L08629,SUBJ288,V1726,WBC,7.21,4.0,11.0,2025-03-25
L08630,SUBJ288,V1726,Creatinine,0.77,0.6,1.3,2025-03-25
L08631,SUBJ288,V1727,ALT,49.38,7.0,56.0,2025-04-02
L08632,SUBJ288,V1727,AST,39.22,10.0,40.0,2025-04-02
L08633,SUBJ288,V1727,Hemoglobin,,12.0,16.0,2025-04-02
L08634,SUBJ288,V1727,WBC,4.68,4.0,11.0,2025-04-02
L08635,SUBJ288,V1727,Creatinine,0.7,0.6,1.3,2025-04-02
L08636,SUBJ288,V1728,ALT,45.11,7.0,56.0,2025-04-07
L08637,SUBJ288,V1728,AST,35.34,10.0,40.0,2025-04-07
L08638,SUBJ288,V1728,Hemoglobin,12.49,12.0,16.0,2025-04-07
L08639,SUBJ288,V1728,WBC,9.89,4.0,11.0,2025-04-07
L08640,SUBJ288,V1728,Creatinine,0.62,0.6,1.3,2025-04-07
L08641,SUBJ289,V1729,ALT,63.38,7.0,56.0,2025-01-01
L08642,SUBJ289,V1729,AST,33.55,10.0,40.0,2025-01-01
L08643,SUBJ289,V1729,Hemoglobin,15.84,12.0,16.0,2025-01-01
L08644,SUBJ289,V1729,WBC,7.99,4.0,11.0,2025-01-01
L08645,SUBJ289,V1729,Creatinine,,0.6,1.3,2025-01-01
L08646,SUBJ289,V1730,ALT,53.17,7.0,56.0,2025-01-12
L08647,SUBJ289,V1730,AST,16.22,10.0,40.0,2025-01-12
L08648,SUBJ289,V1730,Hemoglobin,14.21,12.0,16.0,2025-01-12
L08649,SUBJ289,V1730,WBC,2.97,4.0,11.0,2025-01-12
L08650,SUBJ289,V1730,Creatinine,0.63,0.6,1.3,2025-01-12
L08651,SUBJ289,V1731,ALT,15.61,7.0,56.0,2025-01-19
L08652,SUBJ289,V1731,AST,8.63,10.0,40.0,2025-01-19
L08653,SUBJ289,V1731,Hemoglobin,13.81,12.0,16.0,2025-01-19
L08654,SUBJ289,V1731,WBC,4.93,4.0,11.0,2025-01-19
L08655,SUBJ289,V1731,Creatinine,0.8,0.6,1.3,2025-01-19
L08656,SUBJ289,V1732,ALT,33.16,7.0,56.0,2025-01-26
L08657,SUBJ289,V1732,AST,25.27,10.0,40.0,2025-01-26
L08658,SUBJ289,V1732,Hemoglobin,12.28,12.0,16.0,2025-01-26
L08659,SUBJ289,V1732,WBC,8.63,4.0,11.0,2025-01-26
L08660,SUBJ289,V1732,Creatinine,1.21,0.6,1.3,2025-01-26
L08661,SUBJ289,V1733,ALT,5.28,7.0,56.0,2025-01-30
L08662,SUBJ289,V1733,AST,24.55,10.0,40.0,2025-01-30
L08663,SUBJ289,V1733,Hemoglobin,,12.0,16.0,2025-01-30
L08664,SUBJ289,V1733,WBC,20.6,4.0,11.0,2025-01-30
L08665,SUBJ289,V1733,Creatinine,1.06,0.6,1.3,2025-01-30
L08666,SUBJ289,V1734,ALT,50.03,7.0,56.0,2025-02-09
L08667,SUBJ289,V1734,AST,13.0,10.0,40.0,2025-02-09
L08668,SUBJ289,V1734,Hemoglobin,10.84,12.0,16.0,2025-02-09
L08669,SUBJ289,V1734,WBC,6.96,4.0,11.0,2025-02-09
L08670,SUBJ289,V1734,Creatinine,,0.6,1.3,2025-02-09
L08671,SUBJ290,V1735,ALT,14.48,7.0,56.0,2025-01-24
L08672,SUBJ290,V1735,AST,32.96,10.0,40.0,2025-01-24
L08673,SUBJ290,V1735,Hemoglobin,12.97,12.0,16.0,2025-01-24
L08674,SUBJ290,V1735,WBC,1.3,4.0,11.0,2025-01-24
L08675,SUBJ290,V1735,Creatinine,4.77,0.6,1.3,2025-01-24
L08676,SUBJ290,V1736,ALT,29.74,7.0,56.0,2025-01-29
L08677,SUBJ290,V1736,AST,18.79,10.0,40.0,2025-01-29
L08678,SUBJ290,V1736,Hemoglobin,12.37,12.0,16.0,2025-01-29
L08679,SUBJ290,V1736,WBC,7.62,4.0,11.0,2025-01-29
L08680,SUBJ290,V1736,Creatinine,0.91,0.6,1.3,2025-01-29
L08681,SUBJ290,V1737,ALT,22.93,7.0,56.0,2025-02-06
L08682,SUBJ290,V1737,AST,18.0,10.0,40.0,2025-02-06
L08683,SUBJ290,V1737,Hemoglobin,10.42,12.0,16.0,2025-02-06
L08684,SUBJ290,V1737,WBC,5.71,4.0,11.0,2025-02-06
L08685,SUBJ290,V1737,Creatinine,0.71,0.6,1.3,2025-02-06
L08686,SUBJ290,V1738,ALT,55.8,7.0,56.0,2025-02-11
L08687,SUBJ290,V1738,AST,13.9,10.0,40.0,2025-02-11
L08688,SUBJ290,V1738,Hemoglobin,14.69,12.0,16.0,2025-02-11
L08689,SUBJ290,V1738,WBC,20.66,4.0,11.0,2025-02-11
L08690,SUBJ290,V1738,Creatinine,0.89,0.6,1.3,2025-02-11
L08691,SUBJ290,V1739,ALT,51.03,7.0,56.0,2025-02-18
L08692,SUBJ290,V1739,AST,18.89,10.0,40.0,2025-02-18
L08693,SUBJ290,V1739,Hemoglobin,12.65,12.0,16.0,2025-02-18
L08694,SUBJ290,V1739,WBC,7.61,4.0,11.0,2025-02-18
L08695,SUBJ290,V1739,Creatinine,5.61,0.6,1.3,2025-02-18
L08696,SUBJ290,V1740,ALT,62.92,7.0,56.0,2025-02-26
L08697,SUBJ290,V1740,AST,24.94,10.0,40.0,2025-02-26
L08698,SUBJ290,V1740,Hemoglobin,12.73,12.0,16.0,2025-02-26
L08699,SUBJ290,V1740,WBC,4.29,4.0,11.0,2025-02-26
L08700,SUBJ290,V1740,Creatinine,0.81,0.6,1.3,2025-02-26
L08701,SUBJ291,V1741,ALT,22.92,7.0,56.0,2025-02-18
L08702,SUBJ291,V1741,AST,8.04,10.0,40.0,2025-02-18
L08703,SUBJ291,V1741,Hemoglobin,12.25,12.0,16.0,2025-02-18
L08704,SUBJ291,V1741,WBC,9.72,4.0,11.0,2025-02-18
L08705,SUBJ291,V1741,Creatinine,1.03,0.6,1.3,2025-02-18
L08706,SUBJ291,V1742,ALT,40.09,7.0,56.0,2025-02-23
L08707,SUBJ291,V1742,AST,24.5,10.0,40.0,2025-02-23
L08708,SUBJ291,V1742,Hemoglobin,15.3,12.0,16.0,2025-02-23
L08709,SUBJ291,V1742,WBC,10.83,4.0,11.0,2025-02-23
L08710,SUBJ291,V1742,Creatinine,0.92,0.6,1.3,2025-02-23
L08711,SUBJ291,V1743,ALT,26.28,7.0,56.0,2025-03-02
L08712,SUBJ291,V1743,AST,35.38,10.0,40.0,2025-03-02
L08713,SUBJ291,V1743,Hemoglobin,15.23,12.0,16.0,2025-03-02
L08714,SUBJ291,V1743,WBC,4.65,4.0,11.0,2025-03-02
L08715,SUBJ291,V1743,Creatinine,1.04,0.6,1.3,2025-03-02
L08716,SUBJ291,V1744,ALT,16.1,7.0,56.0,2025-03-12
L08717,SUBJ291,V1744,AST,13.49,10.0,40.0,2025-03-12
L08718,SUBJ291,V1744,Hemoglobin,14.62,12.0,16.0,2025-03-12
L08719,SUBJ291,V1744,WBC,7.79,4.0,11.0,2025-03-12
L08720,SUBJ291,V1744,Creatinine,0.6,0.6,1.3,2025-03-12
L08721,SUBJ291,V1745,ALT,34.0,7.0,56.0,2025-03-16
L08722,SUBJ291,V1745,AST,18.34,10.0,40.0,2025-03-16
L08723,SUBJ291,V1745,Hemoglobin,15.52,12.0,16.0,2025-03-16
L08724,SUBJ291,V1745,WBC,6.93,4.0,11.0,2025-03-16
L08725,SUBJ291,V1745,Creatinine,1.07,0.6,1.3,2025-03-16
L08726,SUBJ291,V1746,ALT,26.5,7.0,56.0,2025-03-22
L08727,SUBJ291,V1746,AST,25.25,10.0,40.0,2025-03-22
L08728,SUBJ291,V1746,Hemoglobin,15.52,12.0,16.0,2025-03-22
L08729,SUBJ291,V1746,WBC,10.06,4.0,11.0,2025-03-22
L08730,SUBJ291,V1746,Creatinine,1.21,0.6,1.3,2025-03-22
L08731,SUBJ292,V1747,ALT,13.53,7.0,56.0,2025-02-10
L08732,SUBJ292,V1747,AST,27.43,10.0,40.0,2025-02-10
L08733,SUBJ292,V1747,Hemoglobin,13.16,12.0,16.0,2025-02-10
L08734,SUBJ292,V1747,WBC,6.15,4.0,11.0,2025-02-10
L08735,SUBJ292,V1747,Creatinine,1.03,0.6,1.3,2025-02-10
L08736,SUBJ292,V1748,ALT,25.4,7.0,56.0,2025-02-18
L08737,SUBJ292,V1748,AST,47.67,10.0,40.0,2025-02-18
L08738,SUBJ292,V1748,Hemoglobin,14.33,12.0,16.0,2025-02-18
L08739,SUBJ292,V1748,WBC,6.9,4.0,11.0,2025-02-18
L08740,SUBJ292,V1748,Creatinine,0.63,0.6,1.3,2025-02-18
L08741,SUBJ292,V1749,ALT,17.47,7.0,56.0,2025-02-25
L08742,SUBJ292,V1749,AST,33.63,10.0,40.0,2025-02-25
L08743,SUBJ292,V1749,Hemoglobin,13.62,12.0,16.0,2025-02-25
L08744,SUBJ292,V1749,WBC,9.29,4.0,11.0,2025-02-25
L08745,SUBJ292,V1749,Creatinine,1.18,0.6,1.3,2025-02-25
L08746,SUBJ292,V1750,ALT,4.32,7.0,56.0,2025-03-01
L08747,SUBJ292,V1750,AST,30.48,10.0,40.0,2025-03-01
L08748,SUBJ292,V1750,Hemoglobin,12.41,12.0,16.0,2025-03-01
L08749,SUBJ292,V1750,WBC,9.6,4.0,11.0,2025-03-01
L08750,SUBJ292,V1750,Creatinine,1.29,0.6,1.3,2025-03-01
L08751,SUBJ292,V1751,ALT,41.14,7.0,56.0,2025-03-10
L08752,SUBJ292,V1751,AST,7.34,10.0,40.0,2025-03-10
L08753,SUBJ292,V1751,Hemoglobin,13.83,12.0,16.0,2025-03-10
L08754,SUBJ292,V1751,WBC,8.97,4.0,11.0,2025-03-10
L08755,SUBJ292,V1751,Creatinine,1.14,0.6,1.3,2025-03-10
L08756,SUBJ292,V1752,ALT,4.55,7.0,56.0,2025-03-17
L08757,SUBJ292,V1752,AST,,10.0,40.0,2025-03-17
L08758,SUBJ292,V1752,Hemoglobin,15.87,12.0,16.0,2025-03-17
L08759,SUBJ292,V1752,WBC,6.51,4.0,11.0,2025-03-17
L08760,SUBJ292,V1752,Creatinine,1.16,0.6,1.3,2025-03-17
L08761,SUBJ293,V1753,ALT,15.59,7.0,56.0,2025-02-18
L08762,SUBJ293,V1753,AST,28.05,10.0,40.0,2025-02-18
L08763,SUBJ293,V1753,Hemoglobin,,12.0,16.0,2025-02-18
L08764,SUBJ293,V1753,WBC,2.17,4.0,11.0,2025-02-18
L08765,SUBJ293,V1753,Creatinine,0.65,0.6,1.3,2025-02-18
L08766,SUBJ293,V1754,ALT,51.39,7.0,56.0,2025-02-28
L08767,SUBJ293,V1754,AST,21.61,10.0,40.0,2025-02-28
L08768,SUBJ293,V1754,Hemoglobin,12.11,12.0,16.0,2025-02-28
L08769,SUBJ293,V1754,WBC,9.33,4.0,11.0,2025-02-28
L08770,SUBJ293,V1754,Creatinine,0.61,0.6,1.3,2025-02-28
L08771,SUBJ293,V1755,ALT,51.52,7.0,56.0,2025-03-04
L08772,SUBJ293,V1755,AST,11.19,10.0,40.0,2025-03-04
L08773,SUBJ293,V1755,Hemoglobin,13.95,12.0,16.0,2025-03-04
L08774,SUBJ293,V1755,WBC,10.68,4.0,11.0,2025-03-04
L08775,SUBJ293,V1755,Creatinine,,0.6,1.3,2025-03-04
L08776,SUBJ293,V1756,ALT,,7.0,56.0,2025-03-14
L08777,SUBJ293,V1756,AST,22.68,10.0,40.0,2025-03-14
L08778,SUBJ293,V1756,Hemoglobin,14.48,12.0,16.0,2025-03-14
L08779,SUBJ293,V1756,WBC,10.95,4.0,11.0,2025-03-14
L08780,SUBJ293,V1756,Creatinine,1.09,0.6,1.3,2025-03-14
L08781,SUBJ293,V1757,ALT,,7.0,56.0,2025-03-19
L08782,SUBJ293,V1757,AST,10.72,10.0,40.0,2025-03-19
L08783,SUBJ293,V1757,Hemoglobin,13.63,12.0,16.0,2025-03-19
L08784,SUBJ293,V1757,WBC,4.7,4.0,11.0,2025-03-19
L08785,SUBJ293,V1757,Creatinine,1.21,0.6,1.3,2025-03-19
L08786,SUBJ293,V1758,ALT,19.5,7.0,56.0,2025-03-27
L08787,SUBJ293,V1758,AST,32.66,10.0,40.0,2025-03-27
L08788,SUBJ293,V1758,Hemoglobin,15.98,12.0,16.0,2025-03-27
L08789,SUBJ293,V1758,WBC,6.53,4.0,11.0,2025-03-27
L08790,SUBJ293,V1758,Creatinine,1.03,0.6,1.3,2025-03-27
L08791,SUBJ294,V1759,ALT,30.54,7.0,56.0,2025-02-28
L08792,SUBJ294,V1759,AST,38.85,10.0,40.0,2025-02-28
L08793,SUBJ294,V1759,Hemoglobin,12.74,12.0,16.0,2025-02-28
L08794,SUBJ294,V1759,WBC,6.73,4.0,11.0,2025-02-28
L08795,SUBJ294,V1759,Creatinine,0.69,0.6,1.3,2025-02-28
L08796,SUBJ294,V1760,ALT,20.65,7.0,56.0,2025-03-08
L08797,SUBJ294,V1760,AST,31.82,10.0,40.0,2025-03-08
L08798,SUBJ294,V1760,Hemoglobin,15.8,12.0,16.0,2025-03-08
L08799,SUBJ294,V1760,WBC,10.73,4.0,11.0,2025-03-08
L08800,SUBJ294,V1760,Creatinine,1.16,0.6,1.3,2025-03-08
L08801,SUBJ294,V1761,ALT,23.16,7.0,56.0,2025-03-14
L08802,SUBJ294,V1761,AST,18.82,10.0,40.0,2025-03-14
L08803,SUBJ294,V1761,Hemoglobin,,12.0,16.0,2025-03-14
L08804,SUBJ294,V1761,WBC,5.91,4.0,11.0,2025-03-14
L08805,SUBJ294,V1761,Creatinine,1.23,0.6,1.3,2025-03-14
L08806,SUBJ294,V1762,ALT,8.45,7.0,56.0,2025-03-25
L08807,SUBJ294,V1762,AST,26.77,10.0,40.0,2025-03-25
L08808,SUBJ294,V1762,Hemoglobin,14.69,12.0,16.0,2025-03-25
L08809,SUBJ294,V1762,WBC,8.31,4.0,11.0,2025-03-25
L08810,SUBJ294,V1762,Creatinine,0.8,0.6,1.3,2025-03-25
L08811,SUBJ294,V1763,ALT,53.43,7.0,56.0,2025-03-31
L08812,SUBJ294,V1763,AST,24.08,10.0,40.0,2025-03-31
L08813,SUBJ294,V1763,Hemoglobin,9.03,12.0,16.0,2025-03-31
L08814,SUBJ294,V1763,WBC,18.23,4.0,11.0,2025-03-31
L08815,SUBJ294,V1763,Creatinine,1.07,0.6,1.3,2025-03-31
L08816,SUBJ294,V1764,ALT,43.05,7.0,56.0,2025-04-07
L08817,SUBJ294,V1764,AST,13.94,10.0,40.0,2025-04-07
L08818,SUBJ294,V1764,Hemoglobin,14.18,12.0,16.0,2025-04-07
L08819,SUBJ294,V1764,WBC,14.62,4.0,11.0,2025-04-07
L08820,SUBJ294,V1764,Creatinine,7.87,0.6,1.3,2025-04-07
L08821,SUBJ295,V1765,ALT,11.71,7.0,56.0,2025-03-03
L08822,SUBJ295,V1765,AST,22.97,10.0,40.0,2025-03-03
L08823,SUBJ295,V1765,Hemoglobin,12.73,12.0,16.0,2025-03-03
L08824,SUBJ295,V1765,WBC,9.69,4.0,11.0,2025-03-03
L08825,SUBJ295,V1765,Creatinine,1.09,0.6,1.3,2025-03-03
L08826,SUBJ295,V1766,ALT,41.79,7.0,56.0,2025-03-08
L08827,SUBJ295,V1766,AST,23.17,10.0,40.0,2025-03-08
L08828,SUBJ295,V1766,Hemoglobin,12.34,12.0,16.0,2025-03-08
L08829,SUBJ295,V1766,WBC,4.31,4.0,11.0,2025-03-08
L08830,SUBJ295,V1766,Creatinine,1.01,0.6,1.3,2025-03-08
L08831,SUBJ295,V1767,ALT,55.96,7.0,56.0,2025-03-16
L08832,SUBJ295,V1767,AST,,10.0,40.0,2025-03-16
L08833,SUBJ295,V1767,Hemoglobin,15.47,12.0,16.0,2025-03-16
L08834,SUBJ295,V1767,WBC,7.07,4.0,11.0,2025-03-16
L08835,SUBJ295,V1767,Creatinine,-1.4,0.6,1.3,2025-03-16
L08836,SUBJ295,V1768,ALT,36.09,7.0,56.0,2025-03-21
L08837,SUBJ295,V1768,AST,28.87,10.0,40.0,2025-03-21
L08838,SUBJ295,V1768,Hemoglobin,14.07,12.0,16.0,2025-03-21
L08839,SUBJ295,V1768,WBC,10.76,4.0,11.0,2025-03-21
L08840,SUBJ295,V1768,Creatinine,,0.6,1.3,2025-03-21
L08841,SUBJ295,V1769,ALT,16.74,7.0,56.0,2025-03-28
L08842,SUBJ295,V1769,AST,10.6,10.0,40.0,2025-03-28
L08843,SUBJ295,V1769,Hemoglobin,15.53,12.0,16.0,2025-03-28
L08844,SUBJ295,V1769,WBC,19.33,4.0,11.0,2025-03-28
L08845,SUBJ295,V1769,Creatinine,1.19,0.6,1.3,2025-03-28
L08846,SUBJ295,V1770,ALT,48.88,7.0,56.0,2025-04-06
L08847,SUBJ295,V1770,AST,12.26,10.0,40.0,2025-04-06
L08848,SUBJ295,V1770,Hemoglobin,14.97,12.0,16.0,2025-04-06
L08849,SUBJ295,V1770,WBC,10.76,4.0,11.0,2025-04-06
L08850,SUBJ295,V1770,Creatinine,1.16,0.6,1.3,2025-04-06
L08851,SUBJ296,V1771,ALT,53.67,7.0,56.0,2025-01-21
L08852,SUBJ296,V1771,AST,18.55,10.0,40.0,2025-01-21
L08853,SUBJ296,V1771,Hemoglobin,13.4,12.0,16.0,2025-01-21
L08854,SUBJ296,V1771,WBC,5.88,4.0,11.0,2025-01-21
L08855,SUBJ296,V1771,Creatinine,-0.47,0.6,1.3,2025-01-21
L08856,SUBJ296,V1772,ALT,65.12,7.0,56.0,2025-01-26
L08857,SUBJ296,V1772,AST,22.02,10.0,40.0,2025-01-26
L08858,SUBJ296,V1772,Hemoglobin,12.66,12.0,16.0,2025-01-26
L08859,SUBJ296,V1772,WBC,2.51,4.0,11.0,2025-01-26
L08860,SUBJ296,V1772,Creatinine,1.04,0.6,1.3,2025-01-26
L08861,SUBJ296,V1773,ALT,44.17,7.0,56.0,2025-02-01
L08862,SUBJ296,V1773,AST,44.57,10.0,40.0,2025-02-01
L08863,SUBJ296,V1773,Hemoglobin,15.82,12.0,16.0,2025-02-01
L08864,SUBJ296,V1773,WBC,6.03,4.0,11.0,2025-02-01
L08865,SUBJ296,V1773,Creatinine,0.82,0.6,1.3,2025-02-01
L08866,SUBJ296,V1774,ALT,38.18,7.0,56.0,2025-02-07
L08867,SUBJ296,V1774,AST,37.7,10.0,40.0,2025-02-07
L08868,SUBJ296,V1774,Hemoglobin,15.69,12.0,16.0,2025-02-07
L08869,SUBJ296,V1774,WBC,6.82,4.0,11.0,2025-02-07
L08870,SUBJ296,V1774,Creatinine,0.76,0.6,1.3,2025-02-07
L08871,SUBJ296,V1775,ALT,17.08,7.0,56.0,2025-02-16
L08872,SUBJ296,V1775,AST,16.88,10.0,40.0,2025-02-16
L08873,SUBJ296,V1775,Hemoglobin,13.43,12.0,16.0,2025-02-16
L08874,SUBJ296,V1775,WBC,7.86,4.0,11.0,2025-02-16
L08875,SUBJ296,V1775,Creatinine,0.95,0.6,1.3,2025-02-16
L08876,SUBJ296,V1776,ALT,26.51,7.0,56.0,2025-02-22
L08877,SUBJ296,V1776,AST,33.89,10.0,40.0,2025-02-22
L08878,SUBJ296,V1776,Hemoglobin,12.61,12.0,16.0,2025-02-22
L08879,SUBJ296,V1776,WBC,,4.0,11.0,2025-02-22
L08880,SUBJ296,V1776,Creatinine,0.69,0.6,1.3,2025-02-22
L08881,SUBJ297,V1777,ALT,31.81,7.0,56.0,2025-02-05
L08882,SUBJ297,V1777,AST,28.96,10.0,40.0,2025-02-05
L08883,SUBJ297,V1777,Hemoglobin,12.78,12.0,16.0,2025-02-05
L08884,SUBJ297,V1777,WBC,1.67,4.0,11.0,2025-02-05
L08885,SUBJ297,V1777,Creatinine,4.06,0.6,1.3,2025-02-05
L08886,SUBJ297,V1778,ALT,22.45,7.0,56.0,2025-02-14
L08887,SUBJ297,V1778,AST,27.53,10.0,40.0,2025-02-14
L08888,SUBJ297,V1778,Hemoglobin,12.11,12.0,16.0,2025-02-14
L08889,SUBJ297,V1778,WBC,4.43,4.0,11.0,2025-02-14
L08890,SUBJ297,V1778,Creatinine,1.24,0.6,1.3,2025-02-14
L08891,SUBJ297,V1779,ALT,,7.0,56.0,2025-02-20
L08892,SUBJ297,V1779,AST,43.39,10.0,40.0,2025-02-20
L08893,SUBJ297,V1779,Hemoglobin,10.23,12.0,16.0,2025-02-20
L08894,SUBJ297,V1779,WBC,9.57,4.0,11.0,2025-02-20
L08895,SUBJ297,V1779,Creatinine,0.9,0.6,1.3,2025-02-20
L08896,SUBJ297,V1780,ALT,27.02,7.0,56.0,2025-02-26
L08897,SUBJ297,V1780,AST,34.94,10.0,40.0,2025-02-26
L08898,SUBJ297,V1780,Hemoglobin,12.63,12.0,16.0,2025-02-26
L08899,SUBJ297,V1780,WBC,10.24,4.0,11.0,2025-02-26
L08900,SUBJ297,V1780,Creatinine,0.82,0.6,1.3,2025-02-26
L08901,SUBJ297,V1781,ALT,17.85,7.0,56.0,2025-03-08
L08902,SUBJ297,V1781,AST,21.47,10.0,40.0,2025-03-08
L08903,SUBJ297,V1781,Hemoglobin,12.22,12.0,16.0,2025-03-08
L08904,SUBJ297,V1781,WBC,4.55,4.0,11.0,2025-03-08
L08905,SUBJ297,V1781,Creatinine,0.86,0.6,1.3,2025-03-08
L08906,SUBJ297,V1782,ALT,23.89,7.0,56.0,2025-03-13
L08907,SUBJ297,V1782,AST,26.04,10.0,40.0,2025-03-13
L08908,SUBJ297,V1782,Hemoglobin,12.31,12.0,16.0,2025-03-13
L08909,SUBJ297,V1782,WBC,7.41,4.0,11.0,2025-03-13
L08910,SUBJ297,V1782,Creatinine,1.1,0.6,1.3,2025-03-13
L08911,SUBJ298,V1783,ALT,12.82,7.0,56.0,2025-01-01
L08912,SUBJ298,V1783,AST,32.61,10.0,40.0,2025-01-01
L08913,SUBJ298,V1783,Hemoglobin,13.28,12.0,16.0,2025-01-01
L08914,SUBJ298,V1783,WBC,8.31,4.0,11.0,2025-01-01
L08915,SUBJ298,V1783,Creatinine,0.83,0.6,1.3,2025-01-01
L08916,SUBJ298,V1784,ALT,31.73,7.0,56.0,2025-01-10
L08917,SUBJ298,V1784,AST,12.88,10.0,40.0,2025-01-10
L08918,SUBJ298,V1784,Hemoglobin,14.3,12.0,16.0,2025-01-10
L08919,SUBJ298,V1784,WBC,7.2,4.0,11.0,2025-01-10
L08920,SUBJ298,V1784,Creatinine,-1.44,0.6,1.3,2025-01-10
L08921,SUBJ298,V1785,ALT,58.39,7.0,56.0,2025-01-16
L08922,SUBJ298,V1785,AST,34.59,10.0,40.0,2025-01-16
L08923,SUBJ298,V1785,Hemoglobin,12.92,12.0,16.0,2025-01-16
L08924,SUBJ298,V1785,WBC,,4.0,11.0,2025-01-16
L08925,SUBJ298,V1785,Creatinine,0.94,0.6,1.3,2025-01-16
L08926,SUBJ298,V1786,ALT,24.79,7.0,56.0,2025-01-22
L08927,SUBJ298,V1786,AST,37.37,10.0,40.0,2025-01-22
L08928,SUBJ298,V1786,Hemoglobin,15.19,12.0,16.0,2025-01-22
L08929,SUBJ298,V1786,WBC,4.79,4.0,11.0,2025-01-22
L08930,SUBJ298,V1786,Creatinine,1.2,0.6,1.3,2025-01-22
L08931,SUBJ298,V1787,ALT,46.49,7.0,56.0,2025-01-28
L08932,SUBJ298,V1787,AST,47.18,10.0,40.0,2025-01-28
L08933,SUBJ298,V1787,Hemoglobin,14.21,12.0,16.0,2025-01-28
L08934,SUBJ298,V1787,WBC,7.6,4.0,11.0,2025-01-28
L08935,SUBJ298,V1787,Creatinine,0.93,0.6,1.3,2025-01-28
L08936,SUBJ298,V1788,ALT,64.39,7.0,56.0,2025-02-07
L08937,SUBJ298,V1788,AST,7.87,10.0,40.0,2025-02-07
L08938,SUBJ298,V1788,Hemoglobin,12.36,12.0,16.0,2025-02-07
L08939,SUBJ298,V1788,WBC,8.65,4.0,11.0,2025-02-07
L08940,SUBJ298,V1788,Creatinine,0.8,0.6,1.3,2025-02-07
L08941,SUBJ299,V1789,ALT,19.31,7.0,56.0,2025-02-23
L08942,SUBJ299,V1789,AST,26.6,10.0,40.0,2025-02-23
L08943,SUBJ299,V1789,Hemoglobin,12.88,12.0,16.0,2025-02-23
L08944,SUBJ299,V1789,WBC,8.61,4.0,11.0,2025-02-23
L08945,SUBJ299,V1789,Creatinine,1.07,0.6,1.3,2025-02-23
L08946,SUBJ299,V1790,ALT,5.27,7.0,56.0,2025-03-02
L08947,SUBJ299,V1790,AST,26.94,10.0,40.0,2025-03-02
L08948,SUBJ299,V1790,Hemoglobin,15.4,12.0,16.0,2025-03-02
L08949,SUBJ299,V1790,WBC,6.6,4.0,11.0,2025-03-02
L08950,SUBJ299,V1790,Creatinine,1.12,0.6,1.3,2025-03-02
L08951,SUBJ299,V1791,ALT,13.93,7.0,56.0,2025-03-08
L08952,SUBJ299,V1791,AST,20.99,10.0,40.0,2025-03-08
L08953,SUBJ299,V1791,Hemoglobin,15.98,12.0,16.0,2025-03-08
L08954,SUBJ299,V1791,WBC,4.82,4.0,11.0,2025-03-08
L08955,SUBJ299,V1791,Creatinine,1.07,0.6,1.3,2025-03-08
L08956,SUBJ299,V1792,ALT,46.32,7.0,56.0,2025-03-17
L08957,SUBJ299,V1792,AST,30.06,10.0,40.0,2025-03-17
L08958,SUBJ299,V1792,Hemoglobin,12.43,12.0,16.0,2025-03-17
L08959,SUBJ299,V1792,WBC,6.92,4.0,11.0,2025-03-17
L08960,SUBJ299,V1792,Creatinine,-0.64,0.6,1.3,2025-03-17
L08961,SUBJ299,V1793,ALT,44.02,7.0,56.0,2025-03-20
L08962,SUBJ299,V1793,AST,,10.0,40.0,2025-03-20
L08963,SUBJ299,V1793,Hemoglobin,13.93,12.0,16.0,2025-03-20
L08964,SUBJ299,V1793,WBC,5.77,4.0,11.0,2025-03-20
L08965,SUBJ299,V1793,Creatinine,0.62,0.6,1.3,2025-03-20
L08966,SUBJ299,V1794,ALT,,7.0,56.0,2025-03-30
L08967,SUBJ299,V1794,AST,32.15,10.0,40.0,2025-03-30
L08968,SUBJ299,V1794,Hemoglobin,13.11,12.0,16.0,2025-03-30
L08969,SUBJ299,V1794,WBC,6.88,4.0,11.0,2025-03-30
L08970,SUBJ299,V1794,Creatinine,0.99,0.6,1.3,2025-03-30
L08971,SUBJ300,V1795,ALT,5.44,7.0,56.0,2025-03-10
L08972,SUBJ300,V1795,AST,43.77,10.0,40.0,2025-03-10
L08973,SUBJ300,V1795,Hemoglobin,,12.0,16.0,2025-03-10
L08974,SUBJ300,V1795,WBC,7.5,4.0,11.0,2025-03-10
L08975,SUBJ300,V1795,Creatinine,,0.6,1.3,2025-03-10
L08976,SUBJ300,V1796,ALT,31.84,7.0,56.0,2025-03-18
L08977,SUBJ300,V1796,AST,23.4,10.0,40.0,2025-03-18
L08978,SUBJ300,V1796,Hemoglobin,15.65,12.0,16.0,2025-03-18
L08979,SUBJ300,V1796,WBC,10.07,4.0,11.0,2025-03-18
L08980,SUBJ300,V1796,Creatinine,0.73,0.6,1.3,2025-03-18
L08981,SUBJ300,V1797,ALT,31.73,7.0,56.0,2025-03-24
L08982,SUBJ300,V1797,AST,35.32,10.0,40.0,2025-03-24
L08983,SUBJ300,V1797,Hemoglobin,12.24,12.0,16.0,2025-03-24
L08984,SUBJ300,V1797,WBC,5.17,4.0,11.0,2025-03-24
L08985,SUBJ300,V1797,Creatinine,0.63,0.6,1.3,2025-03-24
L08986,SUBJ300,V1798,ALT,53.15,7.0,56.0,2025-04-03
L08987,SUBJ300,V1798,AST,16.16,10.0,40.0,2025-04-03
L08988,SUBJ300,V1798,Hemoglobin,13.82,12.0,16.0,2025-04-03
L08989,SUBJ300,V1798,WBC,10.91,4.0,11.0,2025-04-03
L08990,SUBJ300,V1798,Creatinine,0.76,0.6,1.3,2025-04-03
L08991,SUBJ300,V1799,ALT,22.87,7.0,56.0,2025-04-11
L08992,SUBJ300,V1799,AST,10.99,10.0,40.0,2025-04-11
L08993,SUBJ300,V1799,Hemoglobin,12.28,12.0,16.0,2025-04-11
L08994,SUBJ300,V1799,WBC,17.84,4.0,11.0,2025-04-11
L08995,SUBJ300,V1799,Creatinine,,0.6,1.3,2025-04-11
L08996,SUBJ300,V1800,ALT,52.27,7.0,56.0,2025-04-18
L08997,SUBJ300,V1800,AST,33.02,10.0,40.0,2025-04-18
L08998,SUBJ300,V1800,Hemoglobin,14.91,12.0,16.0,2025-04-18
L08999,SUBJ300,V1800,WBC,2.46,4.0,11.0,2025-04-18
L09000,SUBJ300,V1800,Creatinine,1.03,0.6,1.3,2025-04-18
